failed_logins,requests_per_minute,records_accessed,unique_endpoints,session_duration_min,device_changes,error_rate,unusual_access_time,endpoint_enumeration,attack_label
0,11,3,3,54,0,0.005,0,0,benign
0,7,5,4,39,0,0.012,0,0,benign
14,213,50,38,3,4,0.421,1,1,suspicious_data_access
15,345,103,38,2,2,0.43,1,1,suspicious_data_access
0,5,3,1,18,0,0.0,0,0,benign
12,197,98,36,2,2,0.294,0,1,suspicious_data_access
0,17,2,3,28,0,0.013,0,0,benign
0,8,2,1,35,0,0.006,0,0,benign
54,90,4,4,9,1,0.75,1,0,brute_force
0,10,2,2,21,0,0.003,0,0,benign
3,123,22,19,12,1,0.194,0,1,reconnaissance
0,15,3,4,47,0,0.014,1,0,benign
0,13,1,4,29,0,0.015,0,0,benign
0,18,4,4,34,0,0.024,0,0,benign
1,9,1,6,12,0,0.001,0,0,benign
42,32,5,10,9,2,0.596,1,0,brute_force
45,27,8,7,10,2,0.508,0,0,brute_force
1,10,3,3,36,0,0.016,0,0,benign
0,23,3,6,27,0,0.018,0,0,benign
4,126,9,18,19,1,0.166,0,1,reconnaissance
1,22,1,5,19,0,0.01,0,0,benign
12,153,19,17,15,1,0.208,1,1,reconnaissance
0,8,3,4,26,0,0.025,0,0,benign
8,74,33,25,15,2,0.169,0,1,reconnaissance
0,20,4,2,39,0,0.014,0,0,benign
2,15,4,5,32,0,0.009,0,0,benign
0,17,2,2,23,0,0.009,0,0,benign
0,10,3,4,44,0,0.002,0,0,benign
57,55,15,8,4,1,0.457,1,1,brute_force
55,41,15,4,9,2,0.418,0,0,brute_force
0,3,3,4,36,0,0.001,0,0,benign
12,111,23,26,18,2,0.297,1,1,reconnaissance
0,9,4,4,35,0,0.001,0,0,benign
48,25,11,8,3,0,0.382,1,0,brute_force
27,44,8,8,8,0,0.502,0,0,brute_force
3,174,8,12,13,2,0.214,1,1,reconnaissance
0,9,1,4,36,1,0.022,0,0,benign
1,9,5,1,33,0,0.023,0,0,benign
0,5,4,4,47,0,0.016,0,0,benign
2,10,1,4,28,0,0.005,0,0,benign
62,38,10,6,11,0,0.571,1,0,brute_force
26,35,4,5,10,1,0.658,1,0,brute_force
38,90,7,10,10,0,0.643,1,0,brute_force
1,7,2,5,19,0,0.029,0,0,benign
0,3,4,3,19,0,0.015,0,0,benign
0,12,2,3,40,0,0.004,0,0,benign
0,18,3,2,25,0,0.02,0,0,benign
0,17,4,2,21,0,0.003,0,0,benign
7,156,29,13,15,2,0.272,1,1,reconnaissance
38,68,11,7,3,1,0.652,1,0,brute_force
3,132,18,15,17,1,0.178,1,1,reconnaissance
0,18,3,1,30,0,0.015,0,0,benign
0,9,2,3,22,0,0.018,0,0,benign
0,8,3,1,30,0,0.008,0,0,benign
9,87,17,25,20,1,0.08,1,1,reconnaissance
10,320,120,23,4,4,0.283,1,1,suspicious_data_access
0,8,2,3,26,0,0.001,0,0,benign
0,19,2,1,18,1,0.004,0,0,benign
0,8,5,3,26,0,0.012,0,0,benign
0,9,5,2,28,0,0.003,0,0,benign
0,19,1,4,28,0,0.007,0,0,benign
42,58,12,4,6,1,0.516,1,1,brute_force
0,18,1,3,21,0,0.033,0,0,benign
1,9,5,1,29,0,0.007,1,0,benign
1,14,1,3,27,0,0.019,0,0,benign
1,11,1,3,41,0,0.001,0,0,benign
1,11,1,1,27,0,0.003,0,0,benign
0,3,5,2,55,0,0.032,0,0,benign
46,25,19,7,9,1,0.372,1,0,brute_force
4,354,132,28,7,2,0.244,0,1,suspicious_data_access
0,8,5,1,58,0,0.001,0,0,benign
0,8,4,2,26,1,0.005,0,0,benign
0,14,5,3,12,0,0.013,0,0,benign
8,159,10,16,14,1,0.158,1,1,reconnaissance
39,44,9,5,8,2,0.51,1,1,brute_force
0,12,3,3,16,0,0.0,0,0,benign
0,12,1,1,37,0,0.005,0,0,benign
6,293,68,36,4,4,0.309,1,1,suspicious_data_access
0,16,1,1,32,0,0.001,1,0,benign
0,10,1,3,18,0,0.006,1,0,benign
0,3,4,4,29,0,0.025,0,0,benign
0,16,1,5,19,0,0.015,0,0,benign
8,81,16,30,12,1,0.164,1,1,reconnaissance
3,112,10,19,11,1,0.195,1,1,reconnaissance
2,3,1,3,41,0,0.004,0,0,benign
43,69,13,3,9,1,0.503,1,0,brute_force
58,58,10,7,7,2,0.391,1,1,brute_force
6,113,22,13,8,1,0.205,1,1,reconnaissance
4,165,27,10,12,1,0.151,0,1,reconnaissance
2,4,3,5,27,0,0.006,0,0,benign
0,17,3,6,39,0,0.011,0,0,benign
0,15,1,3,30,0,0.05,0,0,benign
0,11,2,2,28,1,0.004,0,0,benign
33,34,11,7,13,1,0.448,1,1,brute_force
7,363,180,27,5,2,0.312,1,1,suspicious_data_access
1,16,2,5,10,0,0.009,0,0,benign
8,109,15,21,17,1,0.177,0,1,reconnaissance
0,11,1,2,49,0,0.012,0,0,benign
0,20,2,6,27,0,0.002,0,0,benign
0,8,1,4,35,1,0.007,0,0,benign
8,190,16,13,10,1,0.232,0,1,reconnaissance
2,10,4,3,15,0,0.015,0,0,benign
0,9,3,6,47,0,0.025,0,0,benign
19,197,146,18,2,2,0.146,1,1,suspicious_data_access
0,11,4,3,41,0,0.001,0,0,benign
0,18,3,2,34,0,0.02,0,0,benign
22,40,17,6,10,1,0.28,1,0,brute_force
4,306,105,21,6,2,0.347,0,1,suspicious_data_access
1,12,1,2,29,1,0.004,0,0,benign
0,7,3,5,42,0,0.028,0,0,benign
0,11,2,5,40,0,0.036,0,0,benign
9,94,33,15,9,1,0.205,0,1,reconnaissance
1,18,4,3,41,0,0.006,0,0,benign
35,36,12,9,8,1,0.419,1,0,brute_force
5,105,21,14,16,2,0.216,1,1,reconnaissance
9,150,17,18,19,1,0.181,0,1,reconnaissance
11,175,21,28,10,1,0.179,0,1,reconnaissance
0,3,5,5,34,0,0.06,0,0,benign
8,140,11,10,10,2,0.169,0,1,reconnaissance
12,315,76,33,5,2,0.266,1,1,suspicious_data_access
13,184,102,27,6,4,0.166,1,1,suspicious_data_access
14,275,119,33,7,3,0.183,1,1,suspicious_data_access
0,6,2,4,35,0,0.01,0,0,benign
0,12,5,4,41,0,0.06,0,0,benign
2,21,5,5,13,0,0.005,0,0,benign
0,16,1,5,30,0,0.018,0,0,benign
38,49,10,8,9,1,0.516,0,0,brute_force
0,14,1,2,34,0,0.023,0,0,benign
13,225,118,27,3,2,0.161,1,1,suspicious_data_access
0,8,3,2,21,0,0.018,0,0,benign
4,91,30,16,18,2,0.173,0,1,reconnaissance
1,12,1,3,41,0,0.004,0,0,benign
22,61,12,8,11,2,0.361,1,0,brute_force
35,47,8,6,3,1,0.478,1,0,brute_force
0,9,3,4,39,0,0.0,0,0,benign
1,4,3,7,41,0,0.004,0,0,benign
10,357,78,40,5,3,0.282,1,1,suspicious_data_access
0,17,1,1,33,0,0.017,0,0,benign
0,17,2,4,52,0,0.014,0,0,benign
16,162,23,22,10,1,0.219,0,1,reconnaissance
0,4,4,2,16,0,0.027,0,0,benign
0,9,2,2,29,0,0.039,0,0,benign
42,60,9,6,7,1,0.551,1,0,brute_force
58,72,4,6,8,0,0.586,1,1,brute_force
71,47,5,5,8,1,0.583,1,0,brute_force
0,12,1,3,26,0,0.016,0,0,benign
9,331,57,26,4,3,0.273,1,1,suspicious_data_access
0,4,1,5,41,1,0.002,0,0,benign
0,21,3,4,36,0,0.006,0,0,benign
2,14,2,4,35,1,0.008,1,0,benign
7,91,32,10,5,1,0.122,0,1,reconnaissance
4,338,120,29,6,3,0.291,1,1,suspicious_data_access
0,16,3,4,43,0,0.002,0,0,benign
10,98,17,16,17,2,0.173,1,1,reconnaissance
59,47,5,7,8,1,0.678,1,1,brute_force
14,126,26,19,9,2,0.195,1,1,reconnaissance
0,7,1,5,20,0,0.009,0,0,benign
1,12,3,4,28,0,0.006,0,0,benign
0,8,5,4,37,0,0.014,0,0,benign
71,55,14,8,4,1,0.48,1,0,brute_force
13,289,152,21,3,3,0.273,0,1,suspicious_data_access
0,22,4,3,10,0,0.002,0,0,benign
45,25,8,3,12,1,0.408,1,0,brute_force
0,6,2,3,29,0,0.011,0,0,benign
11,117,23,14,14,1,0.235,0,1,reconnaissance
0,9,1,1,26,0,0.02,0,0,benign
6,110,44,10,12,1,0.109,1,1,reconnaissance
11,109,11,17,10,1,0.166,0,1,reconnaissance
4,318,83,24,7,2,0.45,1,1,suspicious_data_access
16,308,96,29,6,3,0.277,1,1,suspicious_data_access
13,251,74,28,2,2,0.205,1,1,suspicious_data_access
10,184,23,10,18,1,0.105,1,1,reconnaissance
1,10,1,6,31,0,0.024,0,0,benign
42,84,12,8,3,0,0.456,1,0,brute_force
30,75,10,5,3,2,0.574,1,0,brute_force
0,15,4,3,25,1,0.003,0,0,benign
1,17,2,1,10,0,0.019,0,0,benign
6,103,18,15,5,1,0.199,1,1,reconnaissance
15,319,51,26,5,4,0.12,1,1,suspicious_data_access
24,36,4,6,3,2,0.307,0,0,brute_force
59,64,15,5,8,0,0.551,1,1,brute_force
1,13,3,2,23,0,0.018,0,0,benign
1,19,1,3,27,1,0.003,1,0,benign
33,38,12,5,11,1,0.691,0,0,brute_force
2,17,1,4,27,0,0.001,0,0,benign
46,66,9,6,3,0,0.702,1,0,brute_force
0,16,1,2,34,0,0.003,0,0,benign
15,288,83,31,5,3,0.293,1,1,suspicious_data_access
10,86,20,17,20,1,0.205,0,1,reconnaissance
52,68,10,4,5,1,0.413,1,0,brute_force
15,127,12,15,10,2,0.178,1,1,reconnaissance
7,137,25,23,13,1,0.279,0,1,reconnaissance
0,9,2,3,40,0,0.01,0,0,benign
0,13,5,3,11,0,0.014,0,0,benign
12,275,84,33,4,3,0.286,1,1,suspicious_data_access
2,15,5,5,28,0,0.001,0,0,benign
0,3,1,4,35,0,0.014,0,0,benign
9,103,8,19,14,1,0.104,1,1,reconnaissance
36,47,8,6,8,1,0.515,1,0,brute_force
0,10,3,4,33,0,0.021,0,0,benign
0,9,2,5,13,0,0.002,1,0,benign
0,12,3,1,40,0,0.007,0,0,benign
44,36,8,9,6,1,0.392,0,0,brute_force
0,11,2,5,29,0,0.017,0,0,benign
2,10,1,5,19,0,0.02,1,0,benign
0,6,2,3,40,0,0.034,0,0,benign
1,4,6,3,47,0,0.035,0,0,benign
0,14,3,4,33,0,0.007,0,0,benign
13,274,117,25,7,4,0.369,1,1,suspicious_data_access
53,42,6,8,7,1,0.527,1,0,brute_force
0,10,2,4,40,0,0.007,0,0,benign
0,19,4,6,25,0,0.004,0,0,benign
0,7,2,6,25,0,0.001,0,0,benign
12,127,24,14,14,1,0.139,0,1,reconnaissance
0,20,4,4,26,0,0.016,0,0,benign
0,15,2,3,11,0,0.018,0,0,benign
11,156,20,10,14,1,0.218,0,1,reconnaissance
22,50,9,8,7,2,0.586,1,1,brute_force
1,11,3,3,10,0,0.016,0,0,benign
0,12,3,4,13,0,0.024,0,0,benign
0,5,1,3,21,0,0.022,1,0,benign
11,238,114,38,4,2,0.292,1,1,suspicious_data_access
10,145,36,16,10,2,0.122,1,1,reconnaissance
12,121,22,15,10,1,0.218,0,1,reconnaissance
9,160,16,22,18,2,0.141,0,1,reconnaissance
6,137,20,17,14,2,0.21,1,1,reconnaissance
5,381,81,27,3,4,0.221,1,1,suspicious_data_access
0,21,3,3,32,0,0.012,0,0,benign
0,10,2,2,35,0,0.0,0,0,benign
11,137,8,28,11,2,0.133,1,1,reconnaissance
6,345,104,21,2,2,0.278,1,1,suspicious_data_access
8,130,11,17,19,2,0.201,1,1,reconnaissance
0,11,1,2,34,0,0.003,0,0,benign
0,18,4,4,29,1,0.019,0,0,benign
0,15,3,4,17,0,0.06,0,0,benign
0,8,5,2,10,0,0.017,0,0,benign
0,4,3,7,28,1,0.007,0,0,benign
5,138,17,21,19,1,0.161,1,1,reconnaissance
0,16,1,3,17,0,0.009,1,0,benign
0,10,4,4,14,0,0.012,0,0,benign
39,38,4,7,8,2,0.36,1,0,brute_force
18,196,95,30,8,2,0.353,1,1,suspicious_data_access
0,12,2,2,33,1,0.011,0,0,benign
0,12,1,3,22,0,0.001,0,0,benign
13,122,9,18,15,1,0.215,1,1,reconnaissance
10,330,116,35,5,2,0.179,1,1,suspicious_data_access
7,68,33,18,12,1,0.16,0,1,reconnaissance
3,132,25,10,15,1,0.159,1,1,reconnaissance
41,75,14,5,11,0,0.564,1,0,brute_force
56,55,12,8,3,0,0.363,1,1,brute_force
10,276,115,26,6,3,0.187,1,1,suspicious_data_access
1,8,2,2,39,0,0.017,0,0,benign
0,18,2,3,36,0,0.025,0,0,benign
0,3,3,3,30,0,0.026,0,0,benign
0,24,2,2,30,0,0.002,0,0,benign
3,17,5,2,27,0,0.012,0,0,benign
1,18,2,4,15,0,0.014,0,0,benign
52,47,5,6,7,2,0.429,1,0,brute_force
0,19,3,6,17,0,0.019,0,0,benign
0,7,3,4,37,0,0.006,0,0,benign
6,152,14,13,16,1,0.241,1,1,reconnaissance
1,12,2,5,21,0,0.016,0,0,benign
0,12,3,6,39,0,0.014,0,0,benign
33,49,10,8,9,2,0.494,0,1,brute_force
15,141,34,29,13,1,0.14,1,1,reconnaissance
0,12,5,3,30,0,0.019,0,0,benign
23,44,12,8,7,0,0.515,0,0,brute_force
2,3,2,3,31,0,0.016,0,0,benign
5,354,81,38,4,3,0.12,1,1,suspicious_data_access
43,43,5,8,11,1,0.75,0,1,brute_force
0,14,1,5,26,1,0.007,0,0,benign
13,389,79,20,5,3,0.278,1,1,suspicious_data_access
0,19,3,3,34,0,0.003,0,0,benign
42,42,11,6,9,1,0.382,1,1,brute_force
42,60,6,7,7,2,0.411,1,0,brute_force
7,282,117,40,2,4,0.333,0,1,suspicious_data_access
0,8,5,6,38,0,0.037,0,0,benign
1,4,3,1,37,0,0.01,0,0,benign
0,11,3,5,19,0,0.012,1,0,benign
0,9,3,3,29,0,0.001,1,0,benign
14,312,122,21,5,3,0.206,1,1,suspicious_data_access
0,13,1,2,38,0,0.001,1,0,benign
0,7,3,6,35,0,0.017,0,0,benign
48,74,8,6,3,1,0.627,1,0,brute_force
5,255,130,42,2,3,0.381,0,1,suspicious_data_access
1,18,2,4,38,0,0.009,0,0,benign
7,319,71,33,5,2,0.31,1,1,suspicious_data_access
0,18,4,3,15,0,0.003,0,0,benign
33,32,4,7,9,1,0.434,1,0,brute_force
14,309,121,37,4,3,0.343,1,1,suspicious_data_access
8,60,35,13,20,1,0.182,1,1,reconnaissance
10,73,23,19,14,1,0.231,0,1,reconnaissance
0,18,4,4,36,1,0.006,0,0,benign
9,189,96,42,4,2,0.197,1,1,suspicious_data_access
5,208,93,29,7,4,0.354,1,1,suspicious_data_access
8,251,117,29,2,4,0.425,1,1,suspicious_data_access
2,7,5,3,32,0,0.045,0,0,benign
0,10,1,1,47,0,0.049,0,0,benign
0,9,4,5,34,0,0.04,0,0,benign
0,6,1,6,34,0,0.006,0,0,benign
0,13,3,2,29,0,0.001,0,0,benign
0,8,1,6,28,0,0.001,1,0,benign
12,160,12,17,23,1,0.176,1,1,reconnaissance
2,9,4,5,31,0,0.026,0,0,benign
0,12,6,5,30,0,0.022,0,0,benign
4,318,140,27,3,3,0.247,1,1,suspicious_data_access
9,210,99,33,6,3,0.405,1,1,suspicious_data_access
9,268,61,28,2,3,0.25,1,1,suspicious_data_access
63,25,10,6,11,1,0.618,1,0,brute_force
17,95,34,15,10,2,0.195,1,1,reconnaissance
1,11,5,5,16,0,0.004,0,0,benign
3,3,1,2,27,0,0.008,0,0,benign
0,12,5,3,19,0,0.001,0,0,benign
0,19,1,4,37,0,0.007,0,0,benign
0,15,3,5,30,0,0.019,0,0,benign
0,17,2,4,28,0,0.016,0,0,benign
14,99,8,20,11,2,0.269,1,1,reconnaissance
18,190,127,26,3,3,0.191,1,1,suspicious_data_access
1,17,3,5,27,0,0.005,0,0,benign
36,25,14,8,5,2,0.649,1,0,brute_force
0,10,1,2,25,0,0.016,0,0,benign
0,10,4,4,17,0,0.02,0,0,benign
1,17,1,3,34,0,0.01,0,0,benign
9,195,50,26,2,3,0.13,1,1,suspicious_data_access
10,178,39,20,10,2,0.153,1,1,reconnaissance
22,48,8,5,5,0,0.502,1,0,brute_force
10,281,103,22,5,2,0.382,1,1,suspicious_data_access
1,16,2,4,26,0,0.018,0,0,benign
0,20,2,5,39,0,0.004,0,0,benign
0,8,5,3,11,0,0.04,0,0,benign
15,245,60,20,2,3,0.176,1,1,suspicious_data_access
1,6,2,4,27,1,0.007,0,0,benign
6,320,110,23,3,3,0.316,1,1,suspicious_data_access
61,64,14,7,5,2,0.418,1,0,brute_force
0,7,3,2,30,0,0.021,0,0,benign
1,16,1,3,19,0,0.043,0,0,benign
1,13,1,4,24,0,0.047,0,0,benign
0,3,3,4,31,0,0.007,0,0,benign
43,54,9,9,4,1,0.713,0,1,brute_force
0,4,3,1,40,0,0.026,0,0,benign
16,164,10,15,17,1,0.21,1,1,reconnaissance
0,15,2,6,41,0,0.008,0,0,benign
1,14,1,7,26,1,0.02,0,0,benign
41,53,14,9,9,0,0.648,1,0,brute_force
1,10,4,5,30,1,0.005,0,0,benign
0,3,2,1,37,0,0.02,0,0,benign
1,21,4,3,38,0,0.0,0,0,benign
2,13,3,2,20,1,0.0,0,0,benign
0,11,4,4,37,0,0.045,0,0,benign
7,155,16,17,13,1,0.162,0,1,reconnaissance
0,3,3,2,14,0,0.011,0,0,benign
8,174,27,23,17,1,0.227,0,1,reconnaissance
11,92,25,15,16,2,0.166,0,1,reconnaissance
10,142,19,17,14,1,0.171,0,1,reconnaissance
0,15,4,2,29,0,0.009,0,0,benign
0,15,5,3,32,0,0.018,0,0,benign
0,16,3,7,43,0,0.045,0,0,benign
2,10,3,6,37,0,0.008,0,0,benign
0,14,3,5,20,0,0.006,0,0,benign
13,114,34,17,16,2,0.142,1,1,reconnaissance
0,16,3,5,27,0,0.021,0,0,benign
0,8,1,4,39,0,0.009,0,0,benign
0,17,3,4,25,0,0.007,0,0,benign
2,11,1,4,21,0,0.002,0,0,benign
0,3,5,5,28,0,0.011,0,0,benign
15,331,72,28,4,4,0.393,1,1,suspicious_data_access
0,7,2,5,40,0,0.02,0,0,benign
10,293,133,37,6,2,0.308,1,1,suspicious_data_access
10,283,91,28,3,3,0.312,1,1,suspicious_data_access
0,8,2,2,25,0,0.06,0,0,benign
5,113,19,13,22,1,0.156,0,1,reconnaissance
7,146,13,12,9,1,0.198,1,1,reconnaissance
15,106,8,15,15,1,0.232,1,1,reconnaissance
0,13,3,4,20,0,0.013,0,0,benign
40,65,10,5,7,2,0.427,0,1,brute_force
0,14,6,2,39,0,0.034,0,0,benign
7,105,14,21,11,1,0.135,1,1,reconnaissance
0,14,5,7,21,0,0.008,0,0,benign
0,22,4,1,38,0,0.01,0,0,benign
0,9,3,5,29,0,0.015,0,0,benign
10,124,25,22,16,1,0.08,1,1,reconnaissance
33,60,10,7,10,2,0.444,1,0,brute_force
0,23,2,4,38,0,0.026,0,0,benign
0,10,3,2,35,0,0.001,0,0,benign
0,4,2,4,29,0,0.002,0,0,benign
0,13,3,5,29,0,0.0,0,0,benign
0,15,2,2,11,0,0.014,0,0,benign
2,9,1,5,27,0,0.022,0,0,benign
0,19,1,4,32,1,0.022,0,0,benign
2,6,4,5,54,0,0.013,0,0,benign
0,10,4,2,29,0,0.006,0,0,benign
44,76,20,5,8,0,0.319,1,0,brute_force
0,7,2,1,50,0,0.002,0,0,benign
0,11,1,5,39,0,0.009,0,0,benign
61,42,11,7,8,1,0.28,1,1,brute_force
10,365,137,21,6,4,0.375,1,1,suspicious_data_access
18,170,14,17,14,1,0.223,1,1,reconnaissance
60,59,17,11,10,2,0.508,1,1,brute_force
13,160,104,34,6,3,0.216,1,1,suspicious_data_access
22,57,19,9,11,1,0.529,1,0,brute_force
1,18,3,4,33,0,0.006,0,0,benign
2,14,4,5,32,0,0.001,0,0,benign
2,11,3,4,18,0,0.041,0,0,benign
17,317,50,30,5,3,0.366,1,1,suspicious_data_access
0,14,3,3,20,0,0.004,0,0,benign
11,261,140,24,6,3,0.289,0,1,suspicious_data_access
8,143,18,18,5,2,0.181,0,1,reconnaissance
0,6,5,3,22,0,0.011,0,0,benign
3,5,2,3,39,0,0.06,0,0,benign
0,11,1,2,28,0,0.027,0,0,benign
1,14,3,7,35,0,0.044,0,0,benign
14,295,107,23,7,3,0.364,1,1,suspicious_data_access
0,8,3,2,23,0,0.004,0,0,benign
54,73,9,3,11,1,0.467,1,1,brute_force
3,12,3,3,40,0,0.01,0,0,benign
60,44,5,7,5,0,0.437,1,0,brute_force
8,73,10,11,15,1,0.254,1,1,reconnaissance
59,33,11,10,7,1,0.558,0,0,brute_force
8,146,31,10,14,1,0.093,1,1,reconnaissance
1,3,1,1,41,0,0.018,0,0,benign
11,129,8,24,14,2,0.17,1,1,reconnaissance
0,4,3,4,38,0,0.029,0,0,benign
0,8,4,4,26,0,0.006,0,0,benign
3,87,18,13,10,1,0.163,1,1,reconnaissance
0,9,1,6,19,0,0.011,0,0,benign
43,39,9,8,6,1,0.573,1,1,brute_force
58,57,12,8,6,1,0.378,1,0,brute_force
1,13,4,4,37,0,0.034,0,0,benign
0,6,6,5,36,0,0.043,0,0,benign
33,37,12,6,7,1,0.499,1,0,brute_force
0,7,1,2,38,0,0.011,0,0,benign
6,148,33,21,12,2,0.133,1,1,reconnaissance
1,19,5,4,35,0,0.012,1,0,benign
0,16,3,4,29,0,0.004,0,0,benign
57,74,14,10,10,2,0.52,0,0,brute_force
6,157,18,15,10,1,0.24,1,1,reconnaissance
0,11,2,3,25,0,0.006,0,0,benign
0,10,3,4,29,0,0.01,0,0,benign
1,4,5,4,22,0,0.017,0,0,benign
1,6,3,3,37,0,0.047,0,0,benign
52,75,7,5,6,1,0.569,1,0,brute_force
0,9,2,4,12,0,0.002,0,0,benign
0,8,3,4,31,1,0.007,0,0,benign
0,12,3,2,36,0,0.011,0,0,benign
5,249,139,33,6,4,0.352,1,1,suspicious_data_access
3,8,2,3,13,0,0.044,0,0,benign
0,6,1,4,25,0,0.001,0,0,benign
0,13,3,1,35,0,0.0,0,0,benign
0,15,5,3,47,0,0.012,1,0,benign
4,336,87,18,9,2,0.234,1,1,suspicious_data_access
34,76,9,8,6,1,0.602,1,1,brute_force
0,17,4,1,39,0,0.014,0,0,benign
1,17,1,2,10,0,0.007,0,0,benign
0,11,3,2,40,0,0.013,0,0,benign
39,41,10,8,5,1,0.496,0,0,brute_force
8,227,80,19,5,3,0.211,0,1,suspicious_data_access
12,288,63,26,9,3,0.296,1,1,suspicious_data_access
61,35,8,5,10,0,0.659,1,0,brute_force
13,185,19,12,13,2,0.08,1,1,reconnaissance
1,7,3,5,22,0,0.023,0,0,benign
0,13,1,4,49,0,0.007,0,0,benign
1,3,4,3,31,0,0.002,0,0,benign
0,19,4,4,31,0,0.046,0,0,benign
4,225,170,18,5,4,0.22,1,1,suspicious_data_access
2,7,2,2,25,0,0.045,1,0,benign
12,83,8,26,16,2,0.167,1,1,reconnaissance
0,3,4,2,32,0,0.02,0,0,benign
52,58,13,3,8,1,0.506,1,0,brute_force
2,10,1,2,25,0,0.021,0,0,benign
7,136,33,12,15,2,0.207,0,1,reconnaissance
0,12,2,2,18,0,0.015,0,0,benign
0,11,1,4,31,0,0.028,0,0,benign
3,13,1,2,27,0,0.045,0,0,benign
0,20,5,4,25,0,0.004,0,0,benign
0,3,2,5,32,1,0.014,0,0,benign
0,14,4,5,23,0,0.003,0,0,benign
0,10,3,3,38,0,0.043,0,0,benign
2,15,3,3,30,1,0.002,0,0,benign
0,6,2,6,34,0,0.013,0,0,benign
0,17,3,5,36,0,0.026,0,0,benign
0,4,2,1,31,1,0.035,0,0,benign
2,9,3,2,31,0,0.06,0,0,benign
0,6,3,5,27,0,0.017,0,0,benign
49,42,4,6,7,0,0.28,1,0,brute_force
46,38,20,8,4,0,0.403,1,0,brute_force
46,56,5,5,5,1,0.353,0,1,brute_force
0,25,2,1,37,0,0.016,0,0,benign
5,150,24,17,12,1,0.169,1,1,reconnaissance
27,57,8,5,7,1,0.376,1,1,brute_force
63,49,4,7,4,0,0.413,0,0,brute_force
4,184,22,20,13,2,0.181,1,1,reconnaissance
1,9,4,1,35,0,0.001,0,0,benign
1,10,3,5,15,1,0.015,0,0,benign
3,20,2,4,18,0,0.006,0,0,benign
9,91,36,20,10,1,0.121,1,1,reconnaissance
0,5,1,4,34,0,0.013,0,0,benign
4,290,51,33,2,2,0.266,1,1,suspicious_data_access
22,63,7,3,9,0,0.47,0,1,brute_force
0,6,1,6,30,0,0.028,0,0,benign
0,12,2,4,10,0,0.04,0,0,benign
0,9,6,6,19,0,0.001,0,0,benign
1,9,1,5,25,0,0.025,0,0,benign
8,299,92,25,5,2,0.284,0,1,suspicious_data_access
12,106,29,20,10,1,0.273,0,1,reconnaissance
0,19,1,4,31,0,0.003,0,0,benign
2,10,2,5,36,0,0.027,0,0,benign
0,9,2,1,32,0,0.01,0,0,benign
55,46,4,5,5,2,0.623,1,1,brute_force
0,6,3,2,28,1,0.01,0,0,benign
28,46,13,5,9,1,0.433,1,0,brute_force
10,277,164,41,6,2,0.233,1,1,suspicious_data_access
10,160,10,20,14,1,0.188,1,1,reconnaissance
37,46,5,7,5,0,0.616,1,0,brute_force
2,5,1,4,30,0,0.017,0,0,benign
13,120,8,15,16,1,0.121,1,1,reconnaissance
11,294,146,45,2,3,0.292,1,1,suspicious_data_access
11,178,12,15,14,2,0.224,1,1,reconnaissance
11,229,78,33,7,4,0.278,1,1,suspicious_data_access
7,252,69,37,3,3,0.25,1,1,suspicious_data_access
15,140,32,10,15,1,0.154,0,1,reconnaissance
0,19,2,5,31,0,0.018,0,0,benign
0,8,5,2,29,0,0.022,0,0,benign
22,48,6,4,11,0,0.34,0,0,brute_force
0,19,1,4,32,0,0.007,0,0,benign
4,352,111,26,9,3,0.148,1,1,suspicious_data_access
1,11,4,3,37,1,0.001,0,0,benign
0,11,2,4,28,1,0.001,1,0,benign
0,16,1,4,29,0,0.007,0,0,benign
13,109,19,13,17,1,0.208,0,1,reconnaissance
12,227,50,28,5,3,0.271,1,1,suspicious_data_access
53,56,9,3,5,2,0.572,1,0,brute_force
0,20,2,3,32,0,0.012,0,0,benign
1,5,1,4,27,0,0.009,0,0,benign
2,16,2,4,22,0,0.017,0,0,benign
3,83,21,19,10,1,0.193,1,1,reconnaissance
45,83,16,8,12,0,0.479,1,0,brute_force
0,10,2,6,33,0,0.004,0,0,benign
0,9,4,5,46,0,0.017,0,0,benign
0,4,3,3,18,0,0.005,0,0,benign
1,6,3,2,54,1,0.014,0,0,benign
0,10,3,5,20,0,0.002,0,0,benign
59,43,5,6,15,1,0.359,1,0,brute_force
8,227,101,26,5,2,0.209,1,1,suspicious_data_access
13,281,73,41,5,3,0.223,1,1,suspicious_data_access
41,38,5,4,6,2,0.372,0,0,brute_force
2,14,4,6,49,0,0.011,0,0,benign
1,12,1,2,52,0,0.009,0,0,benign
0,5,3,4,36,0,0.012,0,0,benign
0,16,1,3,23,0,0.0,0,0,benign
0,9,3,3,25,0,0.009,0,0,benign
0,11,2,3,22,0,0.009,0,0,benign
2,5,4,6,17,0,0.003,0,0,benign
0,9,5,5,23,0,0.037,0,0,benign
0,6,4,5,36,0,0.001,0,0,benign
0,13,4,5,26,0,0.001,0,0,benign
11,150,20,22,16,1,0.162,1,1,reconnaissance
0,6,3,4,40,0,0.0,1,0,benign
9,330,99,27,3,3,0.218,1,1,suspicious_data_access
17,380,122,33,6,3,0.359,0,1,suspicious_data_access
58,75,18,6,8,1,0.53,1,0,brute_force
0,13,3,6,22,0,0.023,0,0,benign
7,80,22,17,16,1,0.179,0,1,reconnaissance
0,17,2,4,57,0,0.04,0,0,benign
13,66,24,27,13,1,0.167,1,1,reconnaissance
39,28,11,7,5,2,0.28,1,0,brute_force
7,147,23,18,10,1,0.156,0,1,reconnaissance
0,17,1,3,22,0,0.037,0,0,benign
0,16,1,3,20,0,0.057,0,0,benign
0,9,1,4,37,0,0.011,0,0,benign
0,12,4,7,17,0,0.001,0,0,benign
7,77,16,23,12,2,0.258,1,1,reconnaissance
9,112,9,16,10,1,0.209,1,1,reconnaissance
4,314,62,29,2,3,0.28,1,1,suspicious_data_access
26,58,13,6,3,0,0.546,1,0,brute_force
18,107,16,18,20,1,0.096,0,1,reconnaissance
14,85,9,27,11,1,0.114,0,1,reconnaissance
1,9,1,4,34,0,0.009,0,0,benign
15,361,123,30,2,2,0.314,0,1,suspicious_data_access
0,13,3,5,30,0,0.008,0,0,benign
0,15,3,4,49,0,0.001,0,0,benign
1,15,2,2,32,1,0.004,0,0,benign
0,10,3,6,24,0,0.02,0,0,benign
0,10,1,1,18,1,0.015,0,0,benign
17,87,18,11,8,1,0.257,0,1,reconnaissance
0,12,2,1,27,0,0.01,0,0,benign
0,13,2,2,36,0,0.004,0,0,benign
0,15,1,5,47,0,0.02,0,0,benign
0,15,2,3,20,0,0.014,0,0,benign
10,255,84,34,5,3,0.183,1,1,suspicious_data_access
12,73,44,18,14,1,0.243,1,1,reconnaissance
0,9,4,5,29,0,0.012,0,0,benign
0,3,2,5,22,0,0.01,0,0,benign
0,6,3,4,39,0,0.038,0,0,benign
1,17,6,5,33,0,0.013,1,0,benign
52,43,9,3,9,2,0.318,1,0,brute_force
7,119,13,20,16,2,0.299,1,1,reconnaissance
1,17,4,2,42,0,0.013,0,0,benign
8,337,92,37,5,2,0.263,1,1,suspicious_data_access
0,16,3,5,46,0,0.03,0,0,benign
0,21,3,3,27,1,0.005,0,0,benign
9,160,149,31,2,2,0.31,1,1,suspicious_data_access
7,76,16,15,5,1,0.215,1,1,reconnaissance
1,16,2,5,33,0,0.002,0,0,benign
0,10,1,4,17,0,0.003,0,0,benign
0,14,3,3,18,0,0.001,1,0,benign
0,16,2,3,33,0,0.021,0,0,benign
2,24,5,2,40,0,0.052,0,0,benign
0,11,1,3,19,0,0.012,0,0,benign
5,203,137,25,3,2,0.195,1,1,suspicious_data_access
4,369,135,20,7,3,0.255,1,1,suspicious_data_access
10,152,28,13,8,1,0.181,1,1,reconnaissance
0,22,1,3,35,0,0.006,0,0,benign
6,304,54,28,8,2,0.266,0,1,suspicious_data_access
46,59,10,9,7,2,0.75,1,1,brute_force
6,98,27,18,6,2,0.267,1,1,reconnaissance
7,137,15,22,14,2,0.202,0,1,reconnaissance
0,15,1,4,42,0,0.02,0,0,benign
7,267,100,18,2,3,0.384,1,1,suspicious_data_access
43,62,17,6,3,0,0.558,1,1,brute_force
0,15,3,5,16,0,0.048,0,0,benign
0,11,5,5,24,0,0.017,0,0,benign
0,15,2,1,40,0,0.001,1,0,benign
0,4,2,2,24,0,0.022,0,0,benign
43,61,15,9,8,1,0.387,1,0,brute_force
20,185,21,14,14,1,0.192,0,1,reconnaissance
1,12,2,3,19,0,0.008,0,0,benign
11,129,17,10,12,1,0.123,0,1,reconnaissance
12,184,66,42,2,3,0.123,1,1,suspicious_data_access
2,12,2,1,56,0,0.018,0,0,benign
0,11,1,5,18,0,0.007,0,0,benign
61,37,14,5,15,1,0.393,0,0,brute_force
4,234,112,23,5,4,0.26,1,1,suspicious_data_access
0,6,1,5,41,0,0.004,0,0,benign
71,42,4,7,4,1,0.569,0,0,brute_force
57,62,13,10,6,0,0.706,1,0,brute_force
8,278,70,32,4,2,0.219,1,1,suspicious_data_access
49,53,12,5,5,1,0.701,1,0,brute_force
0,20,3,4,25,0,0.001,1,0,benign
22,42,18,7,7,1,0.718,0,0,brute_force
0,15,2,4,31,0,0.016,0,0,benign
14,118,29,14,16,1,0.144,0,1,reconnaissance
8,450,142,23,6,2,0.285,1,1,suspicious_data_access
0,11,4,3,26,1,0.001,0,0,benign
8,116,29,27,19,1,0.223,0,1,reconnaissance
14,165,12,17,13,2,0.178,1,1,reconnaissance
2,14,3,3,23,0,0.003,0,0,benign
0,3,4,3,39,0,0.043,0,0,benign
1,10,5,3,40,0,0.027,0,0,benign
0,4,4,3,25,0,0.02,0,0,benign
12,103,13,18,20,1,0.223,0,1,reconnaissance
54,34,4,7,3,2,0.28,1,1,brute_force
0,8,1,1,44,0,0.005,0,0,benign
8,118,14,23,5,1,0.153,0,1,reconnaissance
0,3,1,4,14,0,0.012,0,0,benign
56,62,15,6,3,1,0.456,1,1,brute_force
12,284,137,20,3,3,0.254,1,1,suspicious_data_access
41,55,6,7,5,2,0.509,1,0,brute_force
12,213,89,31,5,2,0.298,1,1,suspicious_data_access
3,142,9,13,5,1,0.153,1,1,reconnaissance
13,96,16,14,12,1,0.251,1,1,reconnaissance
0,18,1,1,24,1,0.022,0,0,benign
10,142,25,21,12,1,0.156,0,1,reconnaissance
4,329,130,32,3,3,0.306,1,1,suspicious_data_access
10,126,24,19,13,1,0.182,0,1,reconnaissance
5,155,29,18,22,1,0.221,1,1,reconnaissance
2,11,4,3,37,0,0.029,0,0,benign
2,9,4,4,16,0,0.032,0,0,benign
8,125,20,19,5,1,0.127,0,1,reconnaissance
4,133,34,18,7,2,0.182,0,1,reconnaissance
0,5,2,2,29,1,0.004,0,0,benign
62,70,9,8,9,0,0.75,1,0,brute_force
0,15,1,2,23,0,0.038,0,0,benign
4,347,139,31,3,2,0.155,1,1,suspicious_data_access
0,10,1,3,27,0,0.001,0,0,benign
14,170,27,17,18,1,0.32,1,1,reconnaissance
0,17,3,2,29,0,0.013,0,0,benign
0,7,3,4,33,0,0.006,0,0,benign
0,5,2,3,29,0,0.004,0,0,benign
10,145,18,20,10,2,0.097,1,1,reconnaissance
28,59,8,6,11,1,0.457,1,0,brute_force
15,385,101,30,6,3,0.259,1,1,suspicious_data_access
0,19,3,4,17,0,0.001,0,0,benign
10,173,12,10,15,2,0.174,0,1,reconnaissance
41,37,8,10,6,1,0.418,0,0,brute_force
2,15,3,5,43,0,0.016,1,0,benign
12,151,21,15,12,1,0.181,1,1,reconnaissance
0,9,5,2,51,0,0.004,0,0,benign
11,309,103,33,5,3,0.255,1,1,suspicious_data_access
0,12,3,2,33,0,0.006,0,0,benign
7,60,32,16,12,2,0.177,1,1,reconnaissance
1,15,1,1,10,1,0.005,0,0,benign
1,12,3,3,23,0,0.004,0,0,benign
2,6,4,6,23,0,0.017,0,0,benign
59,58,12,7,4,2,0.394,1,1,brute_force
22,41,10,7,11,1,0.438,0,0,brute_force
11,276,85,32,8,3,0.208,1,1,suspicious_data_access
0,13,1,1,14,0,0.001,0,0,benign
10,282,134,25,2,4,0.286,1,1,suspicious_data_access
14,166,12,17,14,1,0.224,1,1,reconnaissance
1,11,3,4,27,0,0.007,0,0,benign
3,118,17,22,15,1,0.21,1,1,reconnaissance
1,13,6,5,21,0,0.014,0,0,benign
0,3,3,5,29,0,0.003,0,0,benign
48,71,4,7,6,0,0.555,1,0,brute_force
16,311,50,36,2,3,0.349,1,1,suspicious_data_access
36,48,7,7,3,1,0.536,1,0,brute_force
11,101,21,24,13,1,0.284,0,1,reconnaissance
2,11,3,4,28,0,0.022,0,0,benign
0,9,3,4,35,0,0.001,0,0,benign
3,119,26,22,11,1,0.165,0,1,reconnaissance
0,13,2,6,44,0,0.021,0,0,benign
0,11,2,3,20,0,0.022,0,0,benign
16,384,85,18,2,3,0.244,1,1,suspicious_data_access
0,13,1,2,23,0,0.009,0,0,benign
9,275,149,34,4,2,0.448,1,1,suspicious_data_access
44,72,12,3,10,2,0.316,1,1,brute_force
57,58,11,4,5,2,0.607,1,1,brute_force
1,8,1,4,38,0,0.017,0,0,benign
4,348,102,34,8,3,0.222,1,1,suspicious_data_access
0,16,5,2,25,0,0.02,0,0,benign
8,282,74,21,5,3,0.218,1,1,suspicious_data_access
15,60,26,24,11,2,0.265,0,1,reconnaissance
9,67,21,13,8,2,0.117,0,1,reconnaissance
8,112,29,14,17,2,0.256,0,1,reconnaissance
1,13,1,3,15,0,0.005,1,0,benign
0,8,2,4,37,0,0.008,0,0,benign
2,11,5,1,39,1,0.017,0,0,benign
0,9,1,2,29,0,0.002,0,0,benign
15,150,8,22,16,1,0.193,0,1,reconnaissance
11,123,23,30,9,1,0.138,0,1,reconnaissance
1,3,3,2,36,0,0.022,0,0,benign
0,11,1,3,29,0,0.007,0,0,benign
0,19,2,3,44,0,0.005,0,0,benign
1,9,1,4,29,1,0.024,0,0,benign
7,192,35,17,21,1,0.254,1,1,reconnaissance
1,10,1,3,33,0,0.013,0,0,benign
9,139,18,27,14,2,0.297,1,1,reconnaissance
9,97,21,18,14,1,0.206,0,1,reconnaissance
11,259,87,23,4,2,0.212,1,1,suspicious_data_access
45,53,6,6,3,1,0.562,1,1,brute_force
0,11,2,1,51,0,0.02,0,0,benign
0,6,2,4,41,0,0.012,0,0,benign
37,27,13,5,4,0,0.495,1,0,brute_force
2,7,2,1,26,0,0.006,0,0,benign
0,7,3,4,21,0,0.013,0,0,benign
33,53,8,8,7,0,0.381,1,0,brute_force
0,12,1,6,39,0,0.048,0,0,benign
0,9,4,3,19,0,0.007,0,0,benign
0,6,3,3,14,0,0.009,0,0,benign
0,17,2,5,24,0,0.003,0,0,benign
0,6,3,4,32,0,0.01,0,0,benign
0,9,2,3,40,0,0.001,0,0,benign
52,55,11,6,6,1,0.384,1,0,brute_force
1,17,4,5,33,0,0.031,0,0,benign
1,13,5,5,33,0,0.008,0,0,benign
0,3,1,4,22,0,0.048,0,0,benign
0,15,4,2,24,0,0.014,0,0,benign
0,7,5,3,35,0,0.024,0,0,benign
2,14,1,3,33,0,0.003,0,0,benign
8,279,87,27,4,3,0.201,1,1,suspicious_data_access
2,10,1,7,31,0,0.027,0,0,benign
2,15,2,4,34,0,0.026,0,0,benign
4,302,118,30,4,4,0.426,1,1,suspicious_data_access
1,10,3,3,24,0,0.016,0,0,benign
0,19,3,4,23,0,0.001,0,0,benign
1,17,5,3,43,0,0.002,0,0,benign
22,76,10,9,5,1,0.421,1,0,brute_force
5,285,50,31,7,2,0.166,1,1,suspicious_data_access
31,81,6,10,9,2,0.428,1,0,brute_force
8,87,12,23,6,1,0.261,0,1,reconnaissance
13,210,8,16,15,2,0.149,1,1,reconnaissance
0,3,1,5,22,1,0.042,0,0,benign
13,193,94,37,4,3,0.302,1,1,suspicious_data_access
0,14,5,3,38,0,0.01,0,0,benign
0,11,1,2,20,0,0.024,0,0,benign
0,9,2,4,25,0,0.011,0,0,benign
5,149,34,16,17,1,0.241,1,1,reconnaissance
0,16,1,5,27,0,0.0,0,0,benign
3,71,25,18,20,1,0.257,1,1,reconnaissance
11,119,18,23,11,1,0.209,0,1,reconnaissance
1,19,3,4,17,1,0.005,0,0,benign
0,15,1,4,38,0,0.046,0,0,benign
41,45,14,11,8,2,0.613,0,1,brute_force
22,72,9,5,4,1,0.386,1,0,brute_force
15,141,26,20,14,1,0.253,0,1,reconnaissance
1,15,4,3,23,0,0.005,1,0,benign
0,15,3,3,19,0,0.015,0,0,benign
42,33,15,6,9,1,0.581,0,0,brute_force
0,15,3,3,35,0,0.019,0,0,benign
7,111,13,21,8,1,0.185,1,1,reconnaissance
2,9,2,5,25,0,0.009,0,0,benign
12,172,27,14,15,2,0.183,1,1,reconnaissance
12,116,35,19,12,1,0.168,1,1,reconnaissance
14,327,78,28,4,4,0.28,1,1,suspicious_data_access
15,275,50,31,2,2,0.164,1,1,suspicious_data_access
1,6,1,3,26,0,0.024,0,0,benign
9,270,178,21,6,3,0.281,1,1,suspicious_data_access
8,286,69,40,6,3,0.394,1,1,suspicious_data_access
13,128,12,24,7,2,0.219,1,1,reconnaissance
0,15,3,4,35,0,0.005,1,0,benign
15,200,99,22,5,2,0.251,1,1,suspicious_data_access
10,145,30,19,10,1,0.183,1,1,reconnaissance
0,9,3,4,30,0,0.012,0,0,benign
0,25,1,3,25,0,0.001,1,0,benign
1,14,3,1,21,0,0.004,1,0,benign
13,147,25,23,12,2,0.112,1,1,reconnaissance
0,15,3,2,39,0,0.006,0,0,benign
0,10,5,3,40,0,0.034,0,0,benign
10,184,97,20,2,4,0.326,1,1,suspicious_data_access
72,35,7,12,10,0,0.28,0,0,brute_force
0,7,2,1,37,1,0.04,0,0,benign
0,11,1,2,37,0,0.004,1,0,benign
16,101,18,15,11,1,0.088,1,1,reconnaissance
1,17,4,2,41,0,0.005,0,0,benign
10,217,124,26,4,2,0.241,1,1,suspicious_data_access
66,67,8,6,11,0,0.672,1,1,brute_force
1,3,1,2,23,0,0.001,0,0,benign
49,62,16,6,4,1,0.538,1,0,brute_force
0,11,3,1,20,0,0.024,1,0,benign
6,141,23,20,13,2,0.151,0,1,reconnaissance
0,20,4,6,23,0,0.011,0,0,benign
11,136,23,17,6,1,0.134,1,1,reconnaissance
4,237,89,21,6,2,0.218,1,1,suspicious_data_access
71,53,15,7,6,1,0.28,0,0,brute_force
42,52,7,6,4,1,0.543,1,1,brute_force
11,120,13,23,16,1,0.211,0,1,reconnaissance
17,91,12,20,14,1,0.196,0,1,reconnaissance
0,10,5,4,28,0,0.006,0,0,benign
11,319,150,20,5,4,0.228,1,1,suspicious_data_access
0,12,3,7,27,0,0.002,0,0,benign
10,173,26,14,11,1,0.136,1,1,reconnaissance
52,37,13,11,10,1,0.48,0,0,brute_force
10,206,26,16,10,1,0.131,1,1,reconnaissance
8,221,123,23,6,3,0.434,1,1,suspicious_data_access
11,307,100,28,8,3,0.318,0,1,suspicious_data_access
3,21,2,3,18,0,0.011,1,0,benign
0,10,2,5,22,0,0.023,0,0,benign
13,119,13,14,11,1,0.091,0,1,reconnaissance
4,382,141,34,3,3,0.12,1,1,suspicious_data_access
0,3,1,4,18,1,0.003,0,0,benign
54,56,4,8,11,1,0.677,0,0,brute_force
3,122,15,22,8,2,0.153,1,1,reconnaissance
2,5,1,4,47,1,0.018,0,0,benign
0,13,1,4,15,0,0.009,0,0,benign
8,288,148,37,8,3,0.298,0,1,suspicious_data_access
7,117,23,22,15,2,0.161,1,1,reconnaissance
33,38,7,3,6,1,0.444,1,1,brute_force
14,250,86,31,4,4,0.313,1,1,suspicious_data_access
45,28,12,7,8,2,0.489,1,1,brute_force
0,7,4,4,28,0,0.004,0,0,benign
19,315,120,22,4,2,0.221,0,1,suspicious_data_access
4,302,83,41,5,2,0.266,1,1,suspicious_data_access
0,27,4,3,40,0,0.004,0,0,benign
6,250,128,35,4,3,0.246,1,1,suspicious_data_access
1,8,3,3,24,0,0.002,0,0,benign
52,62,8,7,11,1,0.539,0,0,brute_force
0,9,4,3,28,0,0.033,0,0,benign
12,68,17,27,18,2,0.103,1,1,reconnaissance
13,270,171,33,5,4,0.346,1,1,suspicious_data_access
17,107,19,25,14,1,0.237,0,1,reconnaissance
18,136,14,20,16,2,0.23,1,1,reconnaissance
0,11,2,3,39,0,0.036,0,0,benign
15,303,127,33,4,2,0.2,0,1,suspicious_data_access
30,72,10,4,9,0,0.436,0,0,brute_force
1,16,3,4,27,1,0.043,0,0,benign
0,17,2,5,12,0,0.016,1,0,benign
0,6,4,3,29,0,0.001,0,0,benign
0,9,2,3,31,0,0.002,0,0,benign
1,17,4,5,29,0,0.02,0,0,benign
0,11,3,2,20,0,0.015,0,0,benign
0,16,3,3,37,0,0.009,1,0,benign
0,12,3,3,26,0,0.016,0,0,benign
0,5,3,3,32,0,0.01,0,0,benign
0,7,2,2,39,0,0.004,0,0,benign
0,18,3,6,30,0,0.012,0,0,benign
8,332,93,32,3,2,0.241,1,1,suspicious_data_access
6,140,18,26,18,2,0.172,0,1,reconnaissance
0,18,1,6,25,0,0.022,0,0,benign
7,133,12,14,19,2,0.149,1,1,reconnaissance
15,69,17,14,9,1,0.166,0,1,reconnaissance
0,7,1,1,41,0,0.0,0,0,benign
0,19,4,5,27,0,0.009,0,0,benign
10,245,147,45,4,2,0.142,1,1,suspicious_data_access
0,18,3,4,25,0,0.012,0,0,benign
0,4,2,6,52,0,0.018,0,0,benign
41,45,13,6,4,2,0.317,1,1,brute_force
1,10,3,4,48,0,0.009,0,0,benign
33,42,4,5,8,1,0.415,1,0,brute_force
0,3,3,2,14,1,0.001,0,0,benign
2,9,3,1,18,0,0.011,0,0,benign
0,13,1,3,30,1,0.029,0,0,benign
0,14,1,5,14,0,0.006,0,0,benign
0,13,6,4,45,0,0.012,0,0,benign
0,10,2,5,22,0,0.011,0,0,benign
9,146,16,18,10,1,0.241,0,1,reconnaissance
9,117,20,18,5,1,0.181,0,1,reconnaissance
7,156,29,11,20,2,0.198,1,1,reconnaissance
5,357,154,22,2,2,0.283,1,1,suspicious_data_access
8,135,18,15,19,1,0.08,1,1,reconnaissance
1,17,2,2,33,0,0.011,0,0,benign
0,8,3,5,33,0,0.01,0,0,benign
0,13,1,5,29,0,0.005,0,0,benign
11,273,69,29,2,2,0.261,1,1,suspicious_data_access
7,101,22,26,11,2,0.129,1,1,reconnaissance
1,15,2,2,31,0,0.024,0,0,benign
2,15,1,5,31,0,0.011,0,0,benign
0,6,3,5,31,0,0.038,1,0,benign
0,14,1,4,20,0,0.004,0,0,benign
56,48,4,6,11,1,0.635,0,0,brute_force
10,363,112,24,4,3,0.328,1,1,suspicious_data_access
15,269,100,31,3,3,0.222,1,1,suspicious_data_access
11,217,123,29,5,3,0.336,0,1,suspicious_data_access
0,9,3,5,31,1,0.012,0,0,benign
53,64,8,6,7,2,0.308,1,1,brute_force
0,21,1,3,32,0,0.027,0,0,benign
46,43,11,6,10,1,0.486,1,1,brute_force
0,10,2,3,23,0,0.003,0,0,benign
1,17,1,4,10,0,0.023,0,0,benign
1,18,4,4,43,0,0.011,0,0,benign
0,5,2,3,33,0,0.019,0,0,benign
10,224,121,25,4,3,0.304,1,1,suspicious_data_access
9,334,99,26,7,3,0.238,1,1,suspicious_data_access
0,16,3,4,43,0,0.027,0,0,benign
0,14,1,4,26,0,0.005,0,0,benign
4,63,36,15,13,1,0.124,1,1,reconnaissance
14,148,25,23,13,1,0.087,1,1,reconnaissance
16,285,89,36,4,3,0.301,0,1,suspicious_data_access
0,17,2,5,36,0,0.009,0,0,benign
1,20,1,4,42,0,0.014,0,0,benign
0,9,5,3,30,0,0.009,0,0,benign
0,15,1,2,19,0,0.004,0,0,benign
1,9,1,5,40,1,0.004,0,0,benign
0,11,4,4,31,0,0.017,0,0,benign
5,235,120,30,4,3,0.333,1,1,suspicious_data_access
6,301,138,26,6,3,0.276,1,1,suspicious_data_access
80,60,13,6,6,1,0.503,1,0,brute_force
0,14,2,3,31,0,0.01,0,0,benign
0,18,2,1,33,0,0.002,0,0,benign
1,5,3,5,30,0,0.06,0,0,benign
10,142,8,10,15,1,0.08,0,1,reconnaissance
0,9,2,6,19,0,0.007,0,0,benign
13,137,8,20,20,1,0.08,1,1,reconnaissance
6,159,22,15,10,1,0.154,0,1,reconnaissance
0,13,2,4,15,0,0.004,0,0,benign
0,6,4,5,40,0,0.01,0,0,benign
54,61,10,11,4,1,0.43,1,0,brute_force
0,10,6,1,27,0,0.0,0,0,benign
28,55,5,6,10,2,0.377,0,0,brute_force
0,10,4,3,15,0,0.026,0,0,benign
0,10,2,6,15,0,0.005,0,0,benign
43,55,6,8,6,2,0.399,0,0,brute_force
11,114,12,25,17,2,0.118,1,1,reconnaissance
0,12,5,3,26,0,0.002,0,0,benign
60,82,9,6,6,2,0.665,1,0,brute_force
52,32,9,8,15,1,0.418,1,0,brute_force
10,299,123,24,10,2,0.387,1,1,suspicious_data_access
14,157,26,24,15,2,0.151,1,1,reconnaissance
6,388,86,32,7,4,0.319,1,1,suspicious_data_access
13,253,98,35,8,4,0.323,1,1,suspicious_data_access
29,49,4,7,11,0,0.485,0,0,brute_force
74,48,18,8,13,0,0.618,1,0,brute_force
10,315,91,36,5,2,0.305,1,1,suspicious_data_access
0,8,4,6,40,0,0.009,0,0,benign
0,12,2,4,35,0,0.0,0,0,benign
4,304,124,30,4,3,0.216,1,1,suspicious_data_access
2,14,5,5,33,0,0.015,0,0,benign
0,11,1,7,25,0,0.018,0,0,benign
0,12,5,1,38,0,0.012,0,0,benign
23,47,12,3,12,1,0.52,1,0,brute_force
11,167,20,19,18,1,0.103,1,1,reconnaissance
50,66,8,9,9,1,0.303,1,0,brute_force
1,7,5,3,29,0,0.001,0,0,benign
13,93,22,15,13,2,0.188,1,1,reconnaissance
9,114,14,20,7,2,0.219,1,1,reconnaissance
1,13,3,2,14,0,0.013,0,0,benign
59,52,11,7,7,1,0.386,1,1,brute_force
1,8,1,5,42,0,0.016,0,0,benign
5,301,128,30,7,2,0.283,1,1,suspicious_data_access
0,7,4,3,22,0,0.0,0,0,benign
28,48,18,7,8,0,0.666,1,0,brute_force
0,19,3,3,32,0,0.009,0,0,benign
0,3,3,2,35,0,0.009,0,0,benign
0,23,1,3,33,1,0.017,0,0,benign
0,13,4,3,30,0,0.009,0,0,benign
0,9,2,2,12,0,0.016,0,0,benign
0,7,3,5,11,1,0.012,0,0,benign
63,49,7,6,4,1,0.58,1,0,brute_force
1,3,4,3,28,0,0.018,0,0,benign
0,10,2,6,40,0,0.005,0,0,benign
0,6,2,3,16,0,0.037,0,0,benign
0,14,1,5,17,0,0.013,1,0,benign
9,266,116,28,4,4,0.211,1,1,suspicious_data_access
7,148,8,15,12,1,0.098,1,1,reconnaissance
0,13,2,4,37,0,0.013,0,0,benign
0,7,4,3,22,0,0.028,0,0,benign
0,12,1,3,30,0,0.011,0,0,benign
3,3,2,3,31,0,0.031,0,0,benign
8,212,73,28,5,3,0.209,1,1,suspicious_data_access
4,400,77,28,6,2,0.341,1,1,suspicious_data_access
0,7,2,4,20,0,0.002,0,0,benign
0,3,5,2,26,0,0.003,0,0,benign
0,16,5,3,16,0,0.011,0,0,benign
36,37,4,7,9,0,0.452,1,1,brute_force
0,5,2,7,20,0,0.007,0,0,benign
0,10,4,2,41,0,0.014,0,0,benign
0,6,3,4,16,0,0.04,0,0,benign
37,42,9,6,9,2,0.546,1,1,brute_force
15,109,28,16,10,1,0.198,0,1,reconnaissance
9,296,81,27,4,3,0.284,1,1,suspicious_data_access
42,57,8,9,4,2,0.677,1,0,brute_force
12,349,102,27,8,2,0.285,1,1,suspicious_data_access
50,59,4,9,4,1,0.624,1,0,brute_force
36,32,11,11,6,1,0.688,0,0,brute_force
55,67,9,7,6,2,0.593,1,1,brute_force
18,250,101,26,2,3,0.221,1,1,suspicious_data_access
5,122,37,21,14,2,0.205,1,1,reconnaissance
25,84,6,6,8,2,0.487,1,1,brute_force
3,9,1,3,33,0,0.001,0,0,benign
0,4,3,6,27,0,0.002,0,0,benign
1,10,2,5,31,0,0.028,0,0,benign
10,296,100,31,7,3,0.348,1,1,suspicious_data_access
10,253,106,28,4,3,0.278,0,1,suspicious_data_access
16,391,99,32,5,3,0.151,1,1,suspicious_data_access
12,294,88,36,2,3,0.275,1,1,suspicious_data_access
2,11,4,2,14,0,0.005,0,0,benign
9,219,101,31,6,3,0.286,1,1,suspicious_data_access
0,14,3,4,28,0,0.056,0,0,benign
19,102,16,20,11,1,0.213,1,1,reconnaissance
35,50,14,5,4,0,0.565,1,0,brute_force
0,10,2,4,23,0,0.045,0,0,benign
8,300,92,35,5,3,0.258,1,1,suspicious_data_access
0,9,1,3,27,0,0.014,0,0,benign
5,111,14,20,11,1,0.084,1,1,reconnaissance
0,18,1,4,25,0,0.002,0,0,benign
7,150,25,25,17,2,0.235,0,1,reconnaissance
0,9,4,5,27,1,0.056,0,0,benign
1,18,1,3,26,0,0.011,0,0,benign
36,43,7,3,11,2,0.659,1,1,brute_force
13,344,93,40,6,4,0.29,1,1,suspicious_data_access
6,187,16,18,15,1,0.123,1,1,reconnaissance
0,9,4,4,37,0,0.021,0,0,benign
0,6,1,1,17,0,0.006,0,0,benign
0,6,1,4,16,0,0.008,0,0,benign
1,11,4,2,26,1,0.001,0,0,benign
7,133,33,22,16,1,0.216,1,1,reconnaissance
0,3,5,6,10,0,0.018,0,0,benign
0,17,3,3,34,0,0.021,0,0,benign
19,369,123,44,4,2,0.213,1,1,suspicious_data_access
40,47,14,7,15,2,0.564,1,0,brute_force
3,11,1,4,27,0,0.004,0,0,benign
0,5,1,3,32,0,0.023,0,0,benign
10,147,25,15,13,1,0.154,1,1,reconnaissance
12,330,99,19,5,4,0.309,1,1,suspicious_data_access
13,288,114,28,2,4,0.261,1,1,suspicious_data_access
4,141,34,20,16,1,0.224,1,1,reconnaissance
0,18,2,5,29,0,0.007,0,0,benign
10,66,25,18,18,1,0.18,0,1,reconnaissance
0,11,1,3,32,0,0.003,0,0,benign
0,14,1,3,34,0,0.0,0,0,benign
7,298,113,42,3,2,0.236,1,1,suspicious_data_access
0,20,5,1,10,0,0.011,0,0,benign
1,11,2,4,34,0,0.011,0,0,benign
0,11,3,3,25,0,0.003,0,0,benign
17,208,129,40,2,3,0.291,1,1,suspicious_data_access
0,19,2,3,47,0,0.008,0,0,benign
0,11,1,2,37,0,0.044,1,0,benign
19,118,29,12,5,2,0.11,0,1,reconnaissance
0,9,3,2,41,0,0.033,0,0,benign
18,207,143,35,8,3,0.45,1,1,suspicious_data_access
4,314,76,22,5,4,0.286,1,1,suspicious_data_access
51,51,10,7,3,2,0.519,0,0,brute_force
1,11,1,4,40,0,0.008,0,0,benign
0,5,6,3,37,0,0.012,0,0,benign
7,134,8,23,8,2,0.169,1,1,reconnaissance
6,312,122,31,4,2,0.259,1,1,suspicious_data_access
44,50,9,10,7,2,0.678,1,0,brute_force
0,6,4,5,37,0,0.008,0,0,benign
0,6,2,5,42,0,0.027,0,0,benign
0,7,1,6,21,0,0.001,0,0,benign
0,6,4,1,36,0,0.025,0,0,benign
10,401,120,45,5,3,0.299,1,1,suspicious_data_access
0,7,1,5,23,1,0.008,0,0,benign
28,43,13,8,9,1,0.454,1,0,brute_force
7,124,22,15,19,2,0.124,1,1,reconnaissance
4,295,117,43,5,3,0.244,1,1,suspicious_data_access
0,6,4,3,25,0,0.008,0,0,benign
1,11,4,4,55,1,0.027,0,0,benign
0,6,2,5,31,0,0.028,0,0,benign
1,23,3,2,29,0,0.021,0,0,benign
1,12,1,2,27,0,0.003,0,0,benign
60,59,10,9,11,1,0.334,0,0,brute_force
1,21,3,2,38,0,0.009,0,0,benign
0,5,2,4,30,0,0.026,0,0,benign
2,20,1,5,40,0,0.019,1,0,benign
0,12,4,5,17,0,0.012,0,0,benign
0,17,3,4,45,0,0.007,0,0,benign
18,124,27,18,9,2,0.254,1,1,reconnaissance
39,49,9,9,10,0,0.615,1,0,brute_force
15,60,8,15,14,1,0.26,0,1,reconnaissance
1,11,1,5,29,0,0.011,0,0,benign
1,16,1,5,28,0,0.022,0,0,benign
12,231,112,33,3,2,0.196,1,1,suspicious_data_access
0,11,4,3,40,1,0.048,0,0,benign
1,5,2,1,27,0,0.002,0,0,benign
6,152,31,22,17,1,0.152,1,1,reconnaissance
66,79,11,5,8,1,0.75,1,0,brute_force
43,61,16,7,8,1,0.522,1,1,brute_force
0,11,4,3,10,0,0.006,0,0,benign
0,19,4,2,25,0,0.015,0,0,benign
8,382,72,30,6,4,0.399,1,1,suspicious_data_access
12,106,20,16,17,2,0.252,1,1,reconnaissance
13,145,24,16,14,1,0.151,1,1,reconnaissance
0,14,3,3,35,1,0.002,0,0,benign
0,21,4,1,33,0,0.002,0,0,benign
8,405,87,40,4,4,0.186,1,1,suspicious_data_access
3,193,21,13,15,2,0.189,1,1,reconnaissance
9,74,26,21,11,1,0.215,1,1,reconnaissance
0,12,2,6,29,0,0.004,0,0,benign
47,45,10,8,5,0,0.356,1,0,brute_force
11,98,15,15,19,1,0.117,0,1,reconnaissance
1,20,2,2,25,0,0.003,1,0,benign
0,11,3,2,24,0,0.019,0,0,benign
0,18,4,3,26,0,0.002,0,0,benign
40,63,12,6,10,0,0.454,0,0,brute_force
0,18,3,2,38,0,0.051,0,0,benign
40,55,9,3,12,1,0.529,1,0,brute_force
12,109,31,16,20,1,0.202,1,1,reconnaissance
37,57,10,5,8,2,0.62,1,0,brute_force
3,7,1,5,20,0,0.02,0,0,benign
7,220,28,22,11,1,0.258,1,1,reconnaissance
6,368,104,19,9,3,0.189,1,1,suspicious_data_access
11,338,96,25,5,3,0.28,1,1,suspicious_data_access
15,134,23,23,12,1,0.117,1,1,reconnaissance
0,19,2,1,28,0,0.012,0,0,benign
41,64,14,9,11,1,0.664,0,1,brute_force
0,3,1,2,43,0,0.009,0,0,benign
0,21,1,4,35,1,0.002,0,0,benign
41,60,16,9,5,2,0.28,1,0,brute_force
10,144,25,18,14,1,0.216,1,1,reconnaissance
46,47,15,7,3,2,0.544,0,0,brute_force
12,172,8,24,14,1,0.202,0,1,reconnaissance
11,129,28,14,16,2,0.138,0,1,reconnaissance
26,42,9,5,10,2,0.534,1,0,brute_force
0,3,3,5,28,0,0.003,0,0,benign
0,17,4,3,20,0,0.014,0,0,benign
12,403,110,29,3,2,0.141,0,1,suspicious_data_access
0,15,2,6,18,0,0.002,0,0,benign
0,14,2,4,48,1,0.006,0,0,benign
0,14,2,3,27,0,0.012,0,0,benign
3,3,1,1,35,0,0.0,0,0,benign
7,304,70,31,4,2,0.18,1,1,suspicious_data_access
34,63,9,8,3,1,0.399,1,0,brute_force
5,85,19,14,10,1,0.185,0,1,reconnaissance
0,14,4,2,44,0,0.019,0,0,benign
0,16,6,3,23,0,0.004,0,0,benign
12,342,124,29,4,3,0.342,1,1,suspicious_data_access
0,14,3,7,10,0,0.009,0,0,benign
6,179,8,25,13,2,0.23,1,1,reconnaissance
4,293,74,23,4,4,0.316,1,1,suspicious_data_access
0,11,2,3,40,0,0.017,0,0,benign
44,45,10,4,9,1,0.503,1,0,brute_force
0,8,1,6,38,1,0.006,0,0,benign
35,58,12,3,5,2,0.29,0,0,brute_force
0,10,2,2,27,0,0.012,0,0,benign
0,8,3,3,21,0,0.003,0,0,benign
10,159,8,22,14,2,0.231,1,1,reconnaissance
57,73,7,4,10,1,0.326,1,0,brute_force
0,11,1,5,27,0,0.007,0,0,benign
0,20,5,2,35,1,0.008,0,0,benign
4,219,98,30,5,3,0.305,1,1,suspicious_data_access
8,241,99,23,6,4,0.232,1,1,suspicious_data_access
44,71,15,4,4,2,0.343,1,0,brute_force
4,321,50,32,5,3,0.295,1,1,suspicious_data_access
0,10,2,2,24,0,0.036,0,0,benign
0,3,2,5,37,0,0.001,0,0,benign
45,48,11,7,5,1,0.551,1,0,brute_force
42,64,4,6,8,2,0.381,0,0,brute_force
0,6,5,3,41,0,0.006,0,0,benign
8,193,9,25,18,1,0.275,0,1,reconnaissance
53,53,6,5,12,1,0.364,1,1,brute_force
0,12,2,3,33,0,0.014,0,0,benign
0,9,1,5,33,0,0.002,1,0,benign
41,58,11,7,4,0,0.538,1,0,brute_force
12,239,93,35,4,3,0.358,0,1,suspicious_data_access
2,13,3,3,28,0,0.004,0,0,benign
17,331,124,18,3,3,0.253,1,1,suspicious_data_access
48,57,6,7,8,2,0.464,0,0,brute_force
10,438,83,23,8,2,0.365,1,1,suspicious_data_access
0,11,2,3,23,0,0.012,0,0,benign
4,314,71,30,9,3,0.252,0,1,suspicious_data_access
10,78,16,18,13,1,0.193,1,1,reconnaissance
0,18,3,4,37,1,0.012,0,0,benign
10,134,15,11,23,1,0.154,1,1,reconnaissance
15,288,106,36,3,2,0.298,1,1,suspicious_data_access
4,181,50,34,6,3,0.377,1,1,suspicious_data_access
56,52,9,9,6,0,0.439,0,1,brute_force
3,93,21,19,8,2,0.238,1,1,reconnaissance
73,55,6,8,7,2,0.572,1,1,brute_force
23,71,4,7,11,0,0.341,1,1,brute_force
10,106,8,10,17,1,0.281,1,1,reconnaissance
0,10,3,4,31,0,0.008,0,0,benign
0,7,1,4,39,0,0.004,0,0,benign
3,136,22,12,10,1,0.179,1,1,reconnaissance
5,225,128,29,5,3,0.292,0,1,suspicious_data_access
23,50,9,9,4,2,0.58,1,0,brute_force
1,13,2,4,31,0,0.002,0,0,benign
0,18,4,4,32,0,0.039,0,0,benign
3,114,20,19,7,1,0.191,0,1,reconnaissance
5,379,51,22,7,4,0.331,1,1,suspicious_data_access
14,85,15,21,18,1,0.116,1,1,reconnaissance
0,12,5,7,26,0,0.015,0,0,benign
9,156,8,25,13,1,0.143,0,1,reconnaissance
0,16,3,2,10,1,0.023,0,0,benign
0,15,3,3,32,0,0.033,0,0,benign
11,277,125,29,6,4,0.27,1,1,suspicious_data_access
9,147,27,11,20,1,0.102,0,1,reconnaissance
3,95,25,20,14,1,0.189,0,1,reconnaissance
28,50,6,7,9,1,0.442,1,0,brute_force
2,11,1,3,34,0,0.005,0,0,benign
20,117,27,15,17,2,0.227,0,1,reconnaissance
14,132,26,13,12,1,0.247,1,1,reconnaissance
0,11,6,3,28,0,0.036,0,0,benign
7,142,19,10,18,1,0.08,0,1,reconnaissance
10,104,14,19,18,2,0.203,0,1,reconnaissance
0,19,4,3,14,0,0.003,0,0,benign
1,13,3,3,36,0,0.023,0,0,benign
2,18,4,5,12,0,0.015,0,0,benign
3,141,17,16,12,2,0.192,0,1,reconnaissance
3,164,11,15,13,2,0.2,1,1,reconnaissance
0,19,2,4,19,0,0.03,0,0,benign
2,13,2,3,34,0,0.06,0,0,benign
0,16,1,5,28,0,0.005,1,0,benign
0,5,3,1,39,0,0.025,0,0,benign
13,305,112,19,7,2,0.289,1,1,suspicious_data_access
0,26,3,4,43,1,0.015,0,0,benign
40,29,6,6,9,2,0.299,1,0,brute_force
12,131,32,16,15,1,0.22,1,1,reconnaissance
11,321,107,35,5,3,0.276,1,1,suspicious_data_access
1,16,4,4,24,0,0.027,0,0,benign
22,46,5,7,3,1,0.28,1,1,brute_force
0,10,3,2,28,0,0.001,0,0,benign
0,5,2,1,43,0,0.021,0,0,benign
1,4,1,3,10,0,0.003,0,0,benign
0,14,3,2,25,0,0.018,0,0,benign
1,3,1,2,41,1,0.029,0,0,benign
12,76,19,14,15,1,0.169,0,1,reconnaissance
9,264,70,40,5,2,0.367,1,1,suspicious_data_access
5,144,22,13,8,1,0.171,0,1,reconnaissance
1,16,3,7,18,0,0.013,0,0,benign
0,7,2,4,23,0,0.0,0,0,benign
0,9,4,4,12,0,0.06,0,0,benign
1,13,6,3,49,0,0.0,0,0,benign
59,36,4,7,9,1,0.594,1,1,brute_force
0,13,4,1,15,0,0.012,0,0,benign
46,59,4,7,8,2,0.392,1,0,brute_force
7,60,23,22,15,1,0.148,0,1,reconnaissance
5,122,8,12,15,2,0.13,1,1,reconnaissance
0,14,4,5,17,0,0.013,0,0,benign
4,285,114,39,3,2,0.45,1,1,suspicious_data_access
0,13,2,1,21,0,0.001,0,0,benign
51,47,7,8,3,2,0.29,1,0,brute_force
0,20,1,5,37,0,0.008,0,0,benign
0,16,1,1,10,0,0.041,0,0,benign
2,4,3,6,32,0,0.023,0,0,benign
1,11,5,3,24,1,0.029,0,0,benign
4,240,124,21,7,4,0.358,1,1,suspicious_data_access
0,6,5,1,26,0,0.006,0,0,benign
0,3,1,3,42,0,0.001,0,0,benign
12,176,13,13,5,1,0.165,1,1,reconnaissance
2,7,4,4,11,0,0.002,0,0,benign
0,13,2,4,28,0,0.021,0,0,benign
13,273,112,25,8,3,0.372,1,1,suspicious_data_access
12,334,93,31,5,4,0.268,1,1,suspicious_data_access
7,178,8,27,18,1,0.176,0,1,reconnaissance
12,233,100,33,3,3,0.383,1,1,suspicious_data_access
8,168,15,25,19,1,0.177,0,1,reconnaissance
6,95,22,23,10,1,0.151,1,1,reconnaissance
0,15,3,4,22,0,0.007,0,0,benign
0,14,4,2,42,0,0.035,0,0,benign
3,115,24,19,11,1,0.213,0,1,reconnaissance
22,60,9,3,3,1,0.617,1,0,brute_force
0,15,6,1,31,0,0.003,0,0,benign
1,3,1,4,10,1,0.012,1,0,benign
17,119,15,21,9,1,0.146,1,1,reconnaissance
0,16,2,6,28,0,0.022,0,0,benign
0,11,3,4,33,0,0.003,0,0,benign
0,6,3,2,35,0,0.004,0,0,benign
9,119,28,22,20,2,0.092,1,1,reconnaissance
1,5,1,4,24,0,0.004,0,0,benign
3,10,2,3,21,0,0.001,0,0,benign
14,232,81,25,8,2,0.321,0,1,suspicious_data_access
1,11,1,2,13,0,0.026,0,0,benign
0,14,3,5,19,0,0.001,0,0,benign
11,159,14,16,20,1,0.17,0,1,reconnaissance
1,7,4,3,27,1,0.015,0,0,benign
2,14,5,3,24,0,0.005,0,0,benign
0,11,2,4,27,0,0.012,0,0,benign
0,9,2,4,23,0,0.0,0,0,benign
7,169,126,29,4,4,0.259,1,1,suspicious_data_access
0,14,1,5,33,0,0.002,0,0,benign
6,125,13,18,17,2,0.177,0,1,reconnaissance
0,18,2,6,27,0,0.017,0,0,benign
13,361,101,29,2,2,0.379,1,1,suspicious_data_access
0,21,2,3,42,0,0.005,0,0,benign
0,10,3,4,24,0,0.004,0,0,benign
18,149,34,14,16,1,0.247,0,1,reconnaissance
0,11,1,7,39,0,0.004,0,0,benign
0,7,3,5,24,0,0.01,0,0,benign
0,3,2,5,42,0,0.005,0,0,benign
40,47,10,5,7,1,0.509,1,1,brute_force
11,143,18,20,12,2,0.214,1,1,reconnaissance
20,135,16,15,12,2,0.105,1,1,reconnaissance
8,117,27,20,12,2,0.173,0,1,reconnaissance
6,147,25,26,15,1,0.206,1,1,reconnaissance
16,195,82,28,9,3,0.194,1,1,suspicious_data_access
1,6,2,6,38,0,0.002,0,0,benign
10,307,111,29,5,4,0.419,1,1,suspicious_data_access
8,325,116,23,3,3,0.278,1,1,suspicious_data_access
42,53,14,7,13,2,0.338,1,0,brute_force
0,8,2,3,29,0,0.016,0,0,benign
76,57,12,8,7,1,0.474,0,0,brute_force
7,142,8,18,16,1,0.108,1,1,reconnaissance
11,130,15,16,17,1,0.233,0,1,reconnaissance
10,111,8,18,15,1,0.154,0,1,reconnaissance
1,14,3,3,51,0,0.039,0,0,benign
6,96,8,24,5,1,0.167,0,1,reconnaissance
0,11,1,5,42,0,0.021,0,0,benign
0,12,4,2,30,0,0.05,0,0,benign
0,3,3,4,25,0,0.052,0,0,benign
41,38,7,7,3,1,0.401,1,0,brute_force
0,15,2,4,25,0,0.011,0,0,benign
0,11,1,3,26,0,0.005,0,0,benign
0,8,2,2,51,0,0.004,0,0,benign
0,13,1,3,26,0,0.005,0,0,benign
10,347,144,28,7,3,0.286,1,1,suspicious_data_access
2,8,2,6,27,0,0.0,0,0,benign
0,9,1,1,22,0,0.038,0,0,benign
0,19,4,4,46,0,0.022,0,0,benign
0,6,3,6,42,0,0.018,0,0,benign
6,69,9,23,11,1,0.163,1,1,reconnaissance
12,60,20,12,18,1,0.173,1,1,reconnaissance
2,12,2,3,47,0,0.054,0,0,benign
1,13,1,2,21,0,0.016,0,0,benign
0,12,2,1,38,0,0.012,0,0,benign
13,307,160,33,7,4,0.312,1,1,suspicious_data_access
61,40,9,4,6,2,0.298,1,0,brute_force
16,90,22,15,14,1,0.203,0,1,reconnaissance
1,12,1,1,27,0,0.0,0,0,benign
0,21,3,4,24,0,0.023,0,0,benign
10,87,8,24,16,2,0.206,0,1,reconnaissance
14,83,14,20,17,2,0.241,0,1,reconnaissance
4,298,84,37,4,4,0.158,1,1,suspicious_data_access
11,203,28,24,13,2,0.15,1,1,reconnaissance
9,327,134,31,7,3,0.184,1,1,suspicious_data_access
12,93,11,15,16,2,0.085,1,1,reconnaissance
10,113,29,16,15,1,0.14,0,1,reconnaissance
0,3,1,5,32,0,0.041,0,0,benign
0,12,5,2,52,0,0.027,0,0,benign
0,10,1,3,31,0,0.034,0,0,benign
0,17,2,2,22,0,0.005,0,0,benign
0,9,5,4,40,0,0.019,0,0,benign
0,7,3,2,37,0,0.022,0,0,benign
4,288,82,32,4,3,0.231,1,1,suspicious_data_access
8,60,16,13,12,2,0.167,1,1,reconnaissance
8,343,68,34,6,3,0.178,1,1,suspicious_data_access
15,312,142,33,5,2,0.309,1,1,suspicious_data_access
0,11,3,5,25,0,0.0,0,0,benign
0,17,2,4,17,0,0.019,0,0,benign
0,6,4,3,31,0,0.036,0,0,benign
10,70,22,10,6,1,0.221,0,1,reconnaissance
2,10,2,3,40,0,0.005,0,0,benign
0,11,4,2,10,0,0.015,0,0,benign
0,15,4,1,56,1,0.001,0,0,benign
0,11,4,6,15,0,0.004,0,0,benign
15,222,121,29,3,3,0.272,1,1,suspicious_data_access
0,16,2,2,37,0,0.019,0,0,benign
44,25,15,4,7,1,0.499,1,0,brute_force
35,74,4,4,9,1,0.361,0,0,brute_force
8,136,20,19,13,1,0.1,1,1,reconnaissance
1,9,2,2,26,0,0.019,0,0,benign
1,6,1,4,35,0,0.006,0,0,benign
3,10,2,5,24,0,0.016,0,0,benign
15,296,108,38,5,3,0.222,1,1,suspicious_data_access
2,13,4,2,18,0,0.007,0,0,benign
11,158,23,27,18,1,0.206,0,1,reconnaissance
0,12,4,4,30,0,0.015,0,0,benign
7,244,103,25,2,3,0.196,1,1,suspicious_data_access
0,5,1,3,47,0,0.043,0,0,benign
0,11,3,4,33,0,0.007,0,0,benign
0,15,4,6,39,0,0.006,0,0,benign
0,24,3,2,44,0,0.021,1,0,benign
14,147,26,12,16,1,0.136,0,1,reconnaissance
13,121,27,16,13,2,0.216,1,1,reconnaissance
36,27,15,4,9,1,0.496,1,0,brute_force
31,60,8,7,10,2,0.447,1,1,brute_force
7,310,112,20,2,3,0.28,0,1,suspicious_data_access
15,422,129,24,3,3,0.357,1,1,suspicious_data_access
13,60,8,23,7,1,0.2,0,1,reconnaissance
73,60,12,7,8,1,0.668,1,0,brute_force
0,9,3,6,18,0,0.005,0,0,benign
7,156,22,20,8,1,0.238,1,1,reconnaissance
6,197,100,40,2,3,0.29,1,1,suspicious_data_access
9,194,15,18,17,1,0.194,1,1,reconnaissance
0,14,2,6,37,0,0.017,0,0,benign
2,19,4,2,38,0,0.0,0,0,benign
9,146,8,18,16,1,0.147,1,1,reconnaissance
69,71,10,7,9,0,0.523,0,0,brute_force
0,20,1,1,34,0,0.01,0,0,benign
0,16,4,4,23,0,0.035,0,0,benign
0,12,1,6,15,0,0.005,0,0,benign
17,334,85,32,7,3,0.168,0,1,suspicious_data_access
5,140,27,15,16,1,0.08,0,1,reconnaissance
9,275,139,28,2,2,0.154,1,1,suspicious_data_access
10,86,23,25,13,1,0.187,1,1,reconnaissance
0,13,5,4,26,0,0.007,0,0,benign
0,16,6,2,16,0,0.004,0,0,benign
0,17,1,2,32,0,0.006,0,0,benign
4,306,54,30,6,3,0.175,0,1,suspicious_data_access
1,8,3,5,36,0,0.016,0,0,benign
0,10,1,1,14,0,0.013,0,0,benign
0,11,1,4,22,0,0.001,0,0,benign
3,134,14,23,15,1,0.236,0,1,reconnaissance
22,65,4,5,12,1,0.6,0,1,brute_force
0,19,3,4,34,0,0.003,0,0,benign
0,9,2,2,19,0,0.011,0,0,benign
0,4,3,3,24,0,0.004,1,0,benign
1,15,3,3,26,0,0.011,1,0,benign
11,130,20,10,8,1,0.185,1,1,reconnaissance
1,5,3,4,16,0,0.008,0,0,benign
44,45,4,4,10,2,0.598,1,0,brute_force
1,14,2,6,41,0,0.013,0,0,benign
0,11,1,5,28,0,0.005,0,0,benign
10,147,14,26,16,1,0.135,1,1,reconnaissance
6,293,98,31,3,2,0.264,1,1,suspicious_data_access
9,280,119,18,2,2,0.216,1,1,suspicious_data_access
0,20,4,7,34,0,0.012,0,0,benign
8,147,26,17,12,1,0.255,1,1,reconnaissance
51,68,11,7,11,2,0.453,1,1,brute_force
42,65,6,5,11,2,0.389,1,0,brute_force
6,125,9,14,18,1,0.183,1,1,reconnaissance
69,41,10,10,11,1,0.46,1,0,brute_force
1,14,1,2,17,0,0.009,0,0,benign
1,3,2,3,13,0,0.007,0,0,benign
4,312,148,27,3,3,0.336,0,1,suspicious_data_access
0,12,4,3,43,0,0.011,0,0,benign
1,8,4,4,37,0,0.01,0,0,benign
0,6,1,4,38,0,0.004,0,0,benign
17,60,31,20,14,1,0.171,1,1,reconnaissance
0,14,4,3,31,0,0.028,0,0,benign
73,29,14,6,5,0,0.325,0,0,brute_force
14,205,156,22,6,3,0.34,1,1,suspicious_data_access
8,308,76,34,4,3,0.333,1,1,suspicious_data_access
0,14,6,1,47,0,0.001,0,0,benign
51,32,15,4,10,0,0.514,0,1,brute_force
8,182,20,16,14,1,0.198,0,1,reconnaissance
0,9,4,5,12,0,0.0,0,0,benign
1,15,1,1,14,0,0.034,0,0,benign
0,16,3,5,35,0,0.033,0,0,benign
1,10,2,5,27,1,0.06,1,0,benign
32,48,12,4,6,0,0.572,0,0,brute_force
0,18,3,4,32,1,0.004,0,0,benign
14,371,106,36,8,3,0.301,0,1,suspicious_data_access
2,15,2,3,34,0,0.002,0,0,benign
9,60,21,16,10,1,0.196,1,1,reconnaissance
1,20,1,2,25,0,0.001,0,0,benign
3,103,17,14,12,2,0.232,0,1,reconnaissance
14,328,82,18,4,2,0.12,1,1,suspicious_data_access
0,21,2,3,17,0,0.03,0,0,benign
0,12,1,5,22,0,0.031,0,0,benign
18,105,11,20,13,2,0.109,0,1,reconnaissance
8,131,9,22,10,1,0.219,0,1,reconnaissance
0,11,1,2,38,0,0.016,0,0,benign
33,60,15,5,9,0,0.4,0,1,brute_force
36,50,5,7,9,1,0.462,1,0,brute_force
0,4,3,3,44,0,0.002,0,0,benign
0,9,1,5,20,0,0.047,0,0,benign
0,11,2,4,21,0,0.009,0,0,benign
15,312,96,42,4,3,0.325,1,1,suspicious_data_access
51,64,6,10,10,1,0.614,1,0,brute_force
49,51,11,5,9,1,0.342,0,0,brute_force
11,288,152,31,4,3,0.261,1,1,suspicious_data_access
8,119,16,13,15,1,0.15,1,1,reconnaissance
0,13,3,4,18,0,0.008,0,0,benign
46,45,4,3,3,1,0.58,1,0,brute_force
1,10,3,4,37,0,0.01,0,0,benign
0,7,4,1,21,1,0.007,0,0,benign
0,14,4,5,39,0,0.01,0,0,benign
10,123,18,16,22,1,0.22,1,1,reconnaissance
63,45,4,9,11,1,0.587,0,0,brute_force
12,143,12,18,19,1,0.17,0,1,reconnaissance
4,143,23,21,15,2,0.203,0,1,reconnaissance
7,123,12,15,13,1,0.168,1,1,reconnaissance
0,3,3,1,18,0,0.002,0,0,benign
5,115,22,14,10,2,0.173,1,1,reconnaissance
0,19,4,4,26,0,0.0,0,0,benign
63,87,16,8,9,0,0.439,1,1,brute_force
0,6,2,3,33,0,0.025,0,0,benign
31,69,8,6,8,1,0.28,0,1,brute_force
0,14,3,2,32,0,0.052,0,0,benign
6,175,8,14,15,1,0.137,1,1,reconnaissance
16,187,20,30,12,1,0.2,1,1,reconnaissance
0,3,4,1,36,0,0.001,0,0,benign
0,19,1,1,44,0,0.007,0,0,benign
36,43,4,7,13,2,0.544,0,1,brute_force
13,138,25,24,17,1,0.172,0,1,reconnaissance
0,22,2,1,23,0,0.009,0,0,benign
11,112,22,14,11,2,0.239,1,1,reconnaissance
14,295,114,32,2,4,0.267,1,1,suspicious_data_access
53,58,10,5,4,1,0.614,1,1,brute_force
54,46,11,6,10,1,0.348,1,0,brute_force
0,11,2,4,36,1,0.011,0,0,benign
1,8,1,1,26,0,0.006,0,0,benign
9,310,75,33,4,3,0.31,1,1,suspicious_data_access
15,84,21,20,15,1,0.137,1,1,reconnaissance
1,16,3,3,17,0,0.0,0,0,benign
0,15,2,3,21,0,0.039,0,0,benign
1,16,3,5,33,0,0.021,0,0,benign
2,8,2,5,31,0,0.015,0,0,benign
0,5,5,6,35,0,0.015,0,0,benign
13,302,111,33,3,3,0.223,1,1,suspicious_data_access
0,11,2,3,29,0,0.001,0,0,benign
11,121,14,17,14,1,0.232,0,1,reconnaissance
8,126,27,11,12,2,0.174,0,1,reconnaissance
39,46,11,7,6,1,0.541,1,0,brute_force
2,11,3,5,31,0,0.025,0,0,benign
12,81,22,11,13,2,0.144,1,1,reconnaissance
3,10,2,1,42,1,0.001,0,0,benign
15,114,8,15,15,2,0.153,1,1,reconnaissance
12,145,9,10,13,1,0.27,1,1,reconnaissance
12,216,14,19,20,1,0.254,0,1,reconnaissance
8,89,33,30,14,1,0.142,0,1,reconnaissance
1,14,2,4,32,0,0.005,0,0,benign
22,55,13,10,3,1,0.458,1,1,brute_force
0,17,5,2,35,0,0.033,0,0,benign
18,341,148,32,5,3,0.314,1,1,suspicious_data_access
12,229,80,33,3,3,0.239,1,1,suspicious_data_access
6,60,8,10,19,2,0.181,1,1,reconnaissance
2,5,3,4,33,0,0.002,1,0,benign
0,12,1,4,43,0,0.017,0,0,benign
50,49,6,7,5,2,0.725,1,0,brute_force
9,134,24,28,15,1,0.238,1,1,reconnaissance
5,97,10,11,20,1,0.207,1,1,reconnaissance
0,3,3,5,25,0,0.006,0,0,benign
0,17,1,4,40,0,0.005,0,0,benign
10,80,17,18,12,2,0.302,0,1,reconnaissance
2,14,2,2,26,0,0.015,0,0,benign
10,82,19,16,13,1,0.14,1,1,reconnaissance
0,17,3,6,13,0,0.022,0,0,benign
0,7,4,3,21,0,0.005,0,0,benign
1,16,3,3,30,0,0.01,0,0,benign
0,3,4,4,27,0,0.025,0,0,benign
0,8,2,4,21,0,0.002,0,0,benign
0,12,2,2,29,0,0.025,0,0,benign
16,115,12,21,12,1,0.176,0,1,reconnaissance
0,14,3,2,44,0,0.001,0,0,benign
2,9,1,2,31,1,0.007,0,0,benign
2,11,4,7,35,0,0.001,0,0,benign
7,151,25,12,16,1,0.194,1,1,reconnaissance
9,60,14,13,13,1,0.161,1,1,reconnaissance
0,10,4,5,38,0,0.013,0,0,benign
2,15,2,4,39,1,0.006,0,0,benign
0,10,3,3,38,0,0.006,0,0,benign
1,16,3,3,29,0,0.012,0,0,benign
0,15,4,1,25,1,0.008,0,0,benign
0,15,1,1,37,0,0.06,0,0,benign
40,30,11,5,11,2,0.477,0,0,brute_force
1,16,2,1,30,0,0.015,0,0,benign
0,7,3,2,39,0,0.002,0,0,benign
10,83,15,20,23,1,0.163,1,1,reconnaissance
1,9,3,6,27,0,0.015,0,0,benign
0,17,2,4,14,0,0.016,0,0,benign
0,18,1,3,33,0,0.03,0,0,benign
0,10,3,3,24,0,0.011,0,0,benign
0,11,4,2,25,0,0.011,0,0,benign
0,14,4,3,25,1,0.0,0,0,benign
0,11,1,4,45,0,0.003,0,0,benign
12,97,21,10,16,2,0.192,0,1,reconnaissance
2,18,2,4,26,0,0.017,0,0,benign
0,9,1,3,22,0,0.012,0,0,benign
1,10,2,6,38,0,0.007,0,0,benign
3,101,20,27,18,2,0.134,1,1,reconnaissance
6,216,20,15,19,1,0.157,1,1,reconnaissance
0,17,4,5,29,0,0.009,0,0,benign
65,25,5,5,4,1,0.681,1,1,brute_force
26,32,17,6,7,1,0.716,0,0,brute_force
24,54,14,6,6,1,0.409,1,1,brute_force
0,16,3,8,34,0,0.005,0,0,benign
0,14,3,3,36,1,0.0,0,0,benign
22,52,15,6,11,0,0.463,1,0,brute_force
15,344,141,25,6,3,0.195,1,1,suspicious_data_access
0,9,2,6,30,0,0.001,0,0,benign
1,3,3,4,47,0,0.02,0,0,benign
7,162,16,14,15,1,0.175,1,1,reconnaissance
0,16,2,2,41,0,0.001,0,0,benign
0,14,2,5,26,0,0.006,0,0,benign
9,97,16,15,11,1,0.189,1,1,reconnaissance
8,88,8,22,11,1,0.189,0,1,reconnaissance
44,60,6,11,6,1,0.473,1,0,brute_force
0,9,2,4,24,0,0.007,0,0,benign
47,39,7,4,7,2,0.481,1,0,brute_force
4,218,89,34,2,4,0.266,1,1,suspicious_data_access
0,16,4,4,27,0,0.06,0,0,benign
0,23,4,2,31,0,0.005,0,0,benign
2,10,2,5,29,0,0.021,0,0,benign
11,90,13,13,13,1,0.227,1,1,reconnaissance
0,8,3,5,19,0,0.027,0,0,benign
10,147,8,15,13,1,0.17,1,1,reconnaissance
0,10,3,2,14,0,0.003,0,0,benign
33,57,8,11,11,0,0.477,1,0,brute_force
1,9,5,2,27,0,0.002,0,0,benign
0,7,2,1,35,0,0.0,0,0,benign
10,271,82,28,6,3,0.357,1,1,suspicious_data_access
48,54,14,8,7,1,0.376,1,0,brute_force
0,19,3,2,36,0,0.002,0,0,benign
13,210,88,20,5,2,0.332,1,1,suspicious_data_access
0,6,4,2,46,0,0.002,0,0,benign
4,210,153,25,2,2,0.233,0,1,suspicious_data_access
29,41,16,8,8,0,0.443,0,0,brute_force
0,11,5,4,27,0,0.015,0,0,benign
7,124,28,28,17,2,0.195,1,1,reconnaissance
4,273,96,18,6,3,0.265,1,1,suspicious_data_access
9,164,8,15,10,2,0.166,1,1,reconnaissance
7,260,119,40,4,3,0.12,1,1,suspicious_data_access
60,55,9,8,6,1,0.466,1,0,brute_force
0,10,2,4,12,0,0.017,0,0,benign
4,306,106,27,8,3,0.294,1,1,suspicious_data_access
0,8,2,1,43,0,0.003,0,0,benign
13,139,14,16,11,1,0.159,0,1,reconnaissance
7,321,170,30,2,3,0.356,0,1,suspicious_data_access
6,340,95,38,4,2,0.196,1,1,suspicious_data_access
0,10,3,2,29,0,0.003,0,0,benign
2,13,2,5,37,0,0.021,0,0,benign
22,77,8,4,8,2,0.525,0,0,brute_force
51,57,12,6,9,0,0.61,0,0,brute_force
0,8,4,3,45,0,0.022,0,0,benign
1,17,1,5,31,0,0.011,0,0,benign
14,315,120,22,3,3,0.347,1,1,suspicious_data_access
9,120,15,20,15,1,0.225,0,1,reconnaissance
1,14,5,5,27,0,0.001,0,0,benign
0,16,2,5,32,1,0.003,0,0,benign
0,15,1,3,12,0,0.045,1,0,benign
17,126,17,15,10,1,0.149,0,1,reconnaissance
2,3,3,1,27,0,0.007,0,0,benign
1,18,3,2,28,0,0.046,0,0,benign
67,50,5,6,5,2,0.417,1,1,brute_force
0,16,2,7,11,0,0.001,0,0,benign
9,338,80,18,3,3,0.366,0,1,suspicious_data_access
0,16,4,1,23,0,0.001,0,0,benign
3,5,5,1,27,0,0.016,0,0,benign
62,59,6,7,6,0,0.404,1,0,brute_force
9,145,23,10,8,1,0.162,1,1,reconnaissance
9,152,8,10,12,1,0.136,0,1,reconnaissance
1,12,4,2,30,0,0.011,0,0,benign
68,64,6,7,4,1,0.531,1,0,brute_force
0,7,5,5,20,0,0.003,0,0,benign
22,49,11,6,6,1,0.291,0,0,brute_force
10,253,78,27,7,2,0.389,1,1,suspicious_data_access
7,307,112,27,4,4,0.164,1,1,suspicious_data_access
22,53,9,7,6,1,0.407,1,0,brute_force
1,7,3,4,33,0,0.019,0,0,benign
0,16,2,3,37,0,0.029,0,0,benign
22,58,9,5,6,1,0.513,1,0,brute_force
61,32,10,9,11,1,0.543,1,0,brute_force
10,130,17,25,5,2,0.236,1,1,reconnaissance
0,10,2,4,35,0,0.003,0,0,benign
5,108,8,30,7,1,0.18,1,1,reconnaissance
11,356,86,28,3,3,0.298,1,1,suspicious_data_access
0,24,2,7,25,0,0.007,1,0,benign
2,4,2,1,24,0,0.053,0,0,benign
9,208,122,33,5,4,0.366,1,1,suspicious_data_access
0,17,4,4,28,0,0.01,0,0,benign
11,350,56,44,6,2,0.276,1,1,suspicious_data_access
22,55,4,4,10,1,0.475,1,1,brute_force
15,188,60,29,2,3,0.378,1,1,suspicious_data_access
0,17,3,2,46,0,0.024,0,0,benign
1,9,3,3,31,0,0.003,0,0,benign
35,67,9,4,8,1,0.583,1,0,brute_force
8,109,42,23,18,1,0.107,0,1,reconnaissance
2,10,1,7,18,0,0.004,0,0,benign
0,3,3,7,37,0,0.003,0,0,benign
2,17,2,4,15,0,0.006,0,0,benign
14,149,15,24,19,1,0.174,1,1,reconnaissance
0,12,4,2,21,0,0.001,1,0,benign
2,9,3,4,23,0,0.014,0,0,benign
9,104,14,24,10,1,0.251,1,1,reconnaissance
2,15,4,4,29,0,0.049,0,0,benign
3,18,2,5,15,0,0.002,0,0,benign
1,10,2,3,32,0,0.0,0,0,benign
0,11,1,4,13,0,0.009,0,0,benign
3,133,22,18,13,1,0.08,1,1,reconnaissance
0,10,2,4,31,0,0.003,1,0,benign
0,12,1,3,32,0,0.012,0,0,benign
0,4,4,4,52,0,0.002,0,0,benign
34,45,14,7,5,1,0.502,1,0,brute_force
0,20,1,1,25,0,0.006,1,0,benign
17,130,13,25,6,1,0.119,1,1,reconnaissance
0,3,3,3,12,0,0.031,0,0,benign
0,3,3,4,30,0,0.016,0,0,benign
13,60,14,29,16,1,0.214,1,1,reconnaissance
55,43,5,5,14,2,0.461,0,0,brute_force
0,8,2,2,33,0,0.03,0,0,benign
12,118,25,16,11,1,0.151,1,1,reconnaissance
57,59,18,8,3,2,0.669,1,1,brute_force
0,10,4,4,26,0,0.025,0,0,benign
10,240,57,24,2,3,0.228,1,1,suspicious_data_access
9,101,23,17,20,2,0.242,1,1,reconnaissance
0,12,4,2,29,0,0.03,0,0,benign
14,109,20,26,9,2,0.19,1,1,reconnaissance
9,102,14,19,16,1,0.174,1,1,reconnaissance
0,11,1,3,34,0,0.001,0,0,benign
12,88,21,13,17,1,0.187,0,1,reconnaissance
44,54,12,3,3,1,0.42,1,1,brute_force
46,25,13,7,3,0,0.694,0,0,brute_force
14,181,18,18,22,1,0.237,0,1,reconnaissance
0,7,2,4,12,0,0.006,0,0,benign
7,199,34,20,18,2,0.08,0,1,reconnaissance
10,81,32,22,19,2,0.154,0,1,reconnaissance
15,333,129,28,8,2,0.319,1,1,suspicious_data_access
0,5,1,5,27,0,0.024,0,0,benign
33,56,10,4,9,2,0.454,1,1,brute_force
0,5,1,2,45,0,0.004,0,0,benign
0,16,4,3,11,0,0.008,0,0,benign
8,151,11,19,10,1,0.154,1,1,reconnaissance
0,15,3,3,37,0,0.007,0,0,benign
0,14,1,3,17,0,0.003,0,0,benign
0,12,3,4,31,0,0.014,1,0,benign
55,59,13,8,5,0,0.509,1,0,brute_force
0,17,3,3,10,1,0.006,0,0,benign
16,308,140,22,3,2,0.341,1,1,suspicious_data_access
0,13,1,5,25,0,0.003,0,0,benign
1,15,5,5,28,1,0.01,0,0,benign
1,9,3,5,31,0,0.011,0,0,benign
16,358,164,29,5,4,0.306,1,1,suspicious_data_access
33,76,8,8,14,2,0.415,1,0,brute_force
0,10,3,4,37,0,0.025,0,0,benign
0,9,4,6,30,0,0.009,1,0,benign
2,3,3,3,22,0,0.012,0,0,benign
37,58,7,6,8,1,0.439,1,0,brute_force
12,190,20,13,14,2,0.227,0,1,reconnaissance
30,63,17,4,7,2,0.628,1,0,brute_force
0,8,1,1,13,0,0.038,1,0,benign
1,18,2,3,34,0,0.01,0,0,benign
0,8,2,2,10,0,0.001,0,0,benign
0,4,3,4,28,0,0.045,0,0,benign
22,51,4,5,10,2,0.554,0,0,brute_force
68,46,9,4,5,1,0.389,1,0,brute_force
60,60,8,7,9,0,0.517,1,1,brute_force
0,14,3,3,35,0,0.017,0,0,benign
0,17,2,4,28,0,0.041,0,0,benign
0,9,1,5,14,1,0.049,0,0,benign
55,43,4,7,6,1,0.393,0,1,brute_force
0,4,1,4,37,0,0.012,0,0,benign
15,123,21,10,12,1,0.168,0,1,reconnaissance
4,225,102,33,5,2,0.325,1,1,suspicious_data_access
0,14,6,4,47,0,0.008,0,0,benign
50,47,13,10,8,1,0.512,1,0,brute_force
1,16,1,3,36,0,0.02,0,0,benign
39,70,4,6,7,1,0.487,1,0,brute_force
4,159,16,18,15,2,0.196,1,1,reconnaissance
68,80,15,5,13,1,0.411,0,0,brute_force
0,17,2,5,17,0,0.013,0,0,benign
2,13,1,2,44,1,0.049,0,0,benign
1,8,2,7,22,0,0.005,0,0,benign
2,12,1,2,22,0,0.006,0,0,benign
0,11,1,2,33,1,0.017,0,0,benign
9,256,112,27,4,3,0.317,0,1,suspicious_data_access
1,7,5,1,27,0,0.011,0,0,benign
48,64,14,5,4,2,0.495,1,0,brute_force
0,12,1,3,37,0,0.016,0,0,benign
41,43,15,3,5,1,0.461,1,0,brute_force
0,9,1,2,29,0,0.014,0,0,benign
0,15,2,1,52,0,0.009,0,0,benign
73,41,9,6,6,1,0.642,0,0,brute_force
14,96,16,29,11,2,0.217,1,1,reconnaissance
11,113,11,11,24,2,0.124,0,1,reconnaissance
14,289,63,28,3,2,0.369,1,1,suspicious_data_access
0,6,3,4,38,0,0.022,0,0,benign
0,3,2,3,40,0,0.004,0,0,benign
14,311,97,26,6,2,0.268,0,1,suspicious_data_access
54,54,7,9,8,1,0.541,0,0,brute_force
9,233,128,27,4,3,0.272,1,1,suspicious_data_access
4,79,24,10,12,1,0.211,1,1,reconnaissance
16,173,26,15,11,1,0.139,1,1,reconnaissance
0,12,2,3,46,0,0.034,0,0,benign
77,49,10,6,11,1,0.657,1,0,brute_force
23,63,11,6,5,1,0.583,1,0,brute_force
1,8,4,4,21,0,0.006,0,0,benign
2,12,4,5,21,0,0.01,0,0,benign
14,285,127,18,7,2,0.214,1,1,suspicious_data_access
1,8,2,3,36,0,0.003,0,0,benign
2,11,3,4,20,0,0.001,0,0,benign
1,15,4,4,15,0,0.01,0,0,benign
10,245,50,38,7,2,0.252,1,1,suspicious_data_access
1,6,2,5,37,0,0.022,0,0,benign
0,10,3,2,21,0,0.05,0,0,benign
1,14,2,4,31,0,0.005,0,0,benign
0,6,2,3,35,0,0.003,0,0,benign
2,14,1,2,19,0,0.008,0,0,benign
65,52,8,7,7,1,0.422,0,0,brute_force
1,6,4,1,41,0,0.037,0,0,benign
10,139,30,14,12,2,0.181,1,1,reconnaissance
0,6,3,3,32,0,0.004,0,0,benign
0,18,3,5,18,0,0.005,0,0,benign
31,31,13,3,11,1,0.391,0,0,brute_force
15,227,135,34,3,2,0.193,1,1,suspicious_data_access
11,239,50,45,5,3,0.233,1,1,suspicious_data_access
0,18,1,3,22,0,0.001,0,0,benign
8,215,113,38,5,4,0.305,0,1,suspicious_data_access
14,199,138,28,3,2,0.192,1,1,suspicious_data_access
6,324,103,18,5,3,0.289,1,1,suspicious_data_access
0,6,4,4,31,0,0.014,0,0,benign
0,23,2,5,46,0,0.004,0,0,benign
48,25,20,6,7,2,0.437,1,0,brute_force
13,249,144,34,3,2,0.416,1,1,suspicious_data_access
17,133,23,20,16,2,0.176,0,1,reconnaissance
40,53,15,7,9,2,0.533,1,0,brute_force
17,413,73,30,7,3,0.26,1,1,suspicious_data_access
4,236,50,24,6,2,0.296,1,1,suspicious_data_access
16,98,18,19,10,1,0.171,1,1,reconnaissance
49,44,11,5,11,0,0.563,1,1,brute_force
0,7,2,4,33,0,0.011,0,0,benign
3,90,18,17,11,1,0.226,1,1,reconnaissance
1,11,3,5,16,0,0.0,0,0,benign
0,8,2,4,33,0,0.016,0,0,benign
3,147,20,21,11,1,0.212,1,1,reconnaissance
1,20,3,2,27,0,0.008,0,0,benign
11,182,15,21,15,1,0.245,1,1,reconnaissance
18,421,115,30,4,3,0.346,1,1,suspicious_data_access
8,98,29,15,15,1,0.188,0,1,reconnaissance
0,22,1,4,34,1,0.001,0,0,benign
8,150,10,10,10,1,0.107,1,1,reconnaissance
15,80,14,14,20,2,0.28,1,1,reconnaissance
1,17,4,5,30,0,0.028,0,0,benign
11,145,15,19,12,1,0.173,0,1,reconnaissance
0,9,3,5,22,0,0.02,0,0,benign
0,6,2,4,26,0,0.009,0,0,benign
0,4,4,4,35,0,0.007,0,0,benign
44,44,9,8,3,1,0.569,0,0,brute_force
0,12,1,3,35,1,0.046,1,0,benign
10,137,14,15,10,1,0.137,1,1,reconnaissance
0,5,3,8,32,0,0.044,0,0,benign
39,51,4,3,9,0,0.428,1,0,brute_force
7,334,80,18,7,3,0.244,1,1,suspicious_data_access
5,96,19,27,14,1,0.263,1,1,reconnaissance
0,9,3,4,34,0,0.022,0,0,benign
56,65,7,4,10,2,0.353,0,0,brute_force
9,310,141,31,5,3,0.251,1,1,suspicious_data_access
0,19,1,3,13,0,0.001,0,0,benign
10,124,8,19,18,2,0.237,0,1,reconnaissance
5,237,87,35,7,3,0.321,1,1,suspicious_data_access
0,10,3,1,40,0,0.014,0,0,benign
0,14,3,2,32,0,0.001,0,0,benign
16,85,9,25,18,1,0.202,1,1,reconnaissance
0,14,3,7,46,0,0.022,0,0,benign
0,7,2,2,32,0,0.018,0,0,benign
0,3,3,4,22,0,0.017,0,0,benign
2,9,1,1,31,0,0.014,0,0,benign
0,8,2,5,29,0,0.005,0,0,benign
0,10,1,1,30,0,0.001,0,0,benign
10,232,109,23,5,4,0.387,1,1,suspicious_data_access
8,189,13,19,14,1,0.23,1,1,reconnaissance
9,130,24,13,11,1,0.097,1,1,reconnaissance
0,13,1,4,46,0,0.011,0,0,benign
7,100,17,14,17,2,0.193,0,1,reconnaissance
45,48,10,3,3,1,0.542,1,0,brute_force
7,83,9,22,14,1,0.191,0,1,reconnaissance
10,368,107,30,5,4,0.317,1,1,suspicious_data_access
16,245,123,20,7,2,0.35,1,1,suspicious_data_access
3,150,23,19,15,1,0.146,0,1,reconnaissance
15,445,69,24,10,2,0.314,1,1,suspicious_data_access
0,13,4,3,31,0,0.018,0,0,benign
0,8,4,1,32,0,0.01,0,0,benign
7,100,14,23,12,1,0.203,1,1,reconnaissance
11,124,10,11,13,2,0.184,1,1,reconnaissance
3,7,1,4,33,0,0.007,0,0,benign
0,13,4,4,13,0,0.016,0,0,benign
1,5,3,3,11,1,0.004,0,0,benign
0,14,1,3,21,0,0.024,0,0,benign
37,44,14,4,9,2,0.403,0,0,brute_force
8,144,25,18,14,1,0.134,1,1,reconnaissance
0,9,2,4,37,0,0.031,0,0,benign
2,7,7,2,26,0,0.005,0,0,benign
69,54,9,5,5,1,0.547,0,0,brute_force
0,10,4,3,23,0,0.018,1,0,benign
29,61,6,5,3,1,0.75,1,0,brute_force
12,325,91,25,6,4,0.234,1,1,suspicious_data_access
0,12,5,3,34,0,0.002,0,0,benign
0,6,1,4,46,0,0.023,0,0,benign
2,9,2,4,28,0,0.005,0,0,benign
7,246,104,22,4,3,0.276,1,1,suspicious_data_access
1,9,1,4,34,0,0.005,0,0,benign
0,5,3,2,16,0,0.006,0,0,benign
0,3,3,4,34,0,0.002,0,0,benign
1,10,5,3,32,1,0.021,0,0,benign
7,153,16,10,10,1,0.208,0,1,reconnaissance
1,11,1,4,41,0,0.013,0,0,benign
49,47,4,9,9,2,0.342,1,0,brute_force
12,60,17,10,8,1,0.136,1,1,reconnaissance
0,10,2,3,28,0,0.013,0,0,benign
0,16,1,4,32,1,0.005,0,0,benign
14,118,22,19,5,1,0.101,1,1,reconnaissance
42,39,13,5,3,2,0.28,1,0,brute_force
0,21,5,6,39,0,0.005,0,0,benign
0,16,1,4,26,1,0.003,0,0,benign
12,86,12,13,13,1,0.169,0,1,reconnaissance
8,111,18,23,13,2,0.297,1,1,reconnaissance
8,200,22,19,15,1,0.201,0,1,reconnaissance
13,277,50,33,3,3,0.251,1,1,suspicious_data_access
0,17,6,4,31,1,0.044,0,0,benign
38,41,13,8,4,2,0.413,1,0,brute_force
22,42,13,9,10,2,0.567,1,1,brute_force
0,10,1,2,54,0,0.009,0,0,benign
0,11,3,6,22,0,0.024,0,0,benign
0,13,1,1,10,0,0.018,0,0,benign
13,258,79,21,5,4,0.166,1,1,suspicious_data_access
11,178,19,21,22,1,0.245,1,1,reconnaissance
47,43,15,7,10,2,0.372,1,1,brute_force
11,256,120,35,5,3,0.45,1,1,suspicious_data_access
0,3,4,4,32,0,0.017,0,0,benign
0,12,2,3,35,0,0.002,0,0,benign
2,8,4,3,38,0,0.027,0,0,benign
55,61,9,7,9,1,0.58,1,0,brute_force
0,11,1,3,36,0,0.018,0,0,benign
0,12,6,3,30,0,0.04,0,0,benign
56,46,4,9,10,2,0.688,1,0,brute_force
46,59,8,7,5,2,0.75,1,0,brute_force
2,4,4,5,21,0,0.033,0,0,benign
9,93,25,11,19,2,0.168,1,1,reconnaissance
1,9,4,4,31,0,0.027,0,0,benign
13,158,34,20,13,1,0.222,1,1,reconnaissance
61,39,8,7,7,1,0.47,1,0,brute_force
0,18,1,2,34,0,0.009,0,0,benign
9,330,141,20,2,3,0.255,1,1,suspicious_data_access
1,4,2,3,33,0,0.007,0,0,benign
1,19,2,3,45,1,0.002,0,0,benign
16,414,99,23,8,2,0.431,1,1,suspicious_data_access
4,321,150,31,3,4,0.166,1,1,suspicious_data_access
6,159,23,14,13,1,0.145,1,1,reconnaissance
2,12,2,3,35,0,0.0,0,0,benign
1,17,4,7,47,0,0.005,0,0,benign
5,293,50,26,5,3,0.138,1,1,suspicious_data_access
9,331,140,37,5,3,0.346,1,1,suspicious_data_access
0,9,5,4,24,0,0.031,0,0,benign
2,11,1,3,16,0,0.045,0,0,benign
3,17,2,4,44,0,0.032,0,0,benign
47,66,12,8,5,1,0.368,0,0,brute_force
1,16,3,4,15,0,0.007,0,0,benign
4,238,105,18,4,3,0.187,1,1,suspicious_data_access
17,109,19,25,12,2,0.121,1,1,reconnaissance
1,7,2,6,35,0,0.013,0,0,benign
32,82,11,8,10,1,0.312,0,1,brute_force
5,287,63,25,4,2,0.156,1,1,suspicious_data_access
52,48,8,11,7,1,0.591,1,0,brute_force
58,90,11,8,6,1,0.565,0,0,brute_force
0,15,1,4,32,0,0.001,0,0,benign
0,9,1,3,33,0,0.001,0,0,benign
1,3,2,4,20,0,0.057,0,0,benign
40,47,8,6,9,1,0.632,1,1,brute_force
4,279,118,35,5,4,0.421,1,1,suspicious_data_access
0,15,1,6,29,0,0.006,0,0,benign
13,318,101,29,6,4,0.343,1,1,suspicious_data_access
9,128,8,15,18,2,0.159,1,1,reconnaissance
0,10,4,5,30,0,0.002,0,0,benign
6,355,91,25,6,3,0.157,1,1,suspicious_data_access
8,108,20,20,15,1,0.162,1,1,reconnaissance
1,4,2,3,10,0,0.004,0,0,benign
0,5,5,3,36,1,0.014,0,0,benign
11,134,12,18,10,1,0.25,1,1,reconnaissance
46,40,14,4,5,0,0.281,1,0,brute_force
13,200,121,26,2,3,0.29,1,1,suspicious_data_access
3,13,3,5,28,0,0.006,0,0,benign
0,15,1,3,39,1,0.06,0,0,benign
18,250,145,38,8,3,0.294,1,1,suspicious_data_access
12,148,17,23,9,1,0.18,0,1,reconnaissance
81,50,9,8,12,1,0.435,1,0,brute_force
0,14,2,3,24,0,0.024,0,0,benign
9,146,29,13,12,1,0.225,1,1,reconnaissance
1,10,2,3,31,1,0.028,0,0,benign
11,273,103,26,6,3,0.288,1,1,suspicious_data_access
0,3,1,5,44,0,0.019,0,0,benign
0,14,4,3,21,0,0.01,0,0,benign
0,7,2,4,16,0,0.06,0,0,benign
1,6,4,3,27,1,0.03,0,0,benign
54,67,11,7,3,1,0.491,0,0,brute_force
12,160,71,30,4,2,0.254,1,1,suspicious_data_access
4,307,121,30,3,2,0.328,1,1,suspicious_data_access
0,11,2,3,10,0,0.009,0,0,benign
15,118,21,10,10,2,0.165,1,1,reconnaissance
11,107,17,20,18,2,0.166,1,1,reconnaissance
1,11,2,5,34,0,0.029,0,0,benign
7,324,155,28,4,3,0.26,1,1,suspicious_data_access
15,110,34,25,11,2,0.124,0,1,reconnaissance
0,19,4,4,37,0,0.001,0,0,benign
10,72,10,26,11,1,0.133,1,1,reconnaissance
8,250,77,35,4,3,0.38,1,1,suspicious_data_access
1,15,2,2,13,0,0.012,0,0,benign
0,14,2,3,35,0,0.008,1,0,benign
59,60,15,7,13,0,0.306,1,1,brute_force
1,18,3,6,26,0,0.042,0,0,benign
13,296,78,26,6,2,0.331,1,1,suspicious_data_access
0,4,2,4,30,0,0.007,0,0,benign
0,4,3,3,22,0,0.006,0,0,benign
4,402,113,25,3,2,0.212,1,1,suspicious_data_access
0,14,1,1,37,1,0.043,0,0,benign
6,106,15,21,15,1,0.215,0,1,reconnaissance
0,5,2,2,13,0,0.013,0,0,benign
1,7,2,3,32,0,0.014,0,0,benign
7,66,18,18,19,1,0.227,1,1,reconnaissance
0,5,4,3,40,0,0.011,0,0,benign
8,132,20,21,7,2,0.263,1,1,reconnaissance
14,287,168,30,3,4,0.314,1,1,suspicious_data_access
0,10,3,3,13,0,0.02,1,0,benign
11,346,86,41,7,2,0.398,1,1,suspicious_data_access
0,11,3,3,28,0,0.018,0,0,benign
6,359,128,29,5,2,0.279,1,1,suspicious_data_access
1,12,2,3,28,0,0.014,0,0,benign
1,3,1,1,13,0,0.012,0,0,benign
1,8,3,3,32,0,0.004,0,0,benign
20,72,21,10,6,2,0.185,1,1,reconnaissance
2,3,2,5,52,0,0.008,0,0,benign
0,15,2,2,27,0,0.005,0,0,benign
22,56,14,8,11,0,0.336,1,1,brute_force
0,19,3,3,10,0,0.018,0,0,benign
77,82,11,8,9,1,0.464,1,0,brute_force
53,53,10,8,6,1,0.52,1,0,brute_force
7,315,98,26,7,2,0.401,1,1,suspicious_data_access
38,82,5,7,3,1,0.388,1,1,brute_force
18,60,23,14,6,1,0.17,0,1,reconnaissance
1,16,1,4,32,0,0.009,0,0,benign
13,277,50,33,3,3,0.249,1,1,suspicious_data_access
13,303,111,31,6,3,0.259,1,1,suspicious_data_access
2,9,1,2,35,0,0.006,0,0,benign
14,95,29,22,16,1,0.211,1,1,reconnaissance
0,16,1,5,36,0,0.008,0,0,benign
0,7,4,5,23,0,0.012,0,0,benign
3,166,12,16,19,1,0.099,1,1,reconnaissance
1,10,1,2,10,0,0.01,0,0,benign
0,17,3,1,36,0,0.017,0,0,benign
1,3,2,5,28,1,0.019,0,0,benign
10,255,119,36,2,4,0.264,1,1,suspicious_data_access
11,87,29,21,17,2,0.243,1,1,reconnaissance
9,110,8,16,13,2,0.149,1,1,reconnaissance
7,282,137,35,5,4,0.331,1,1,suspicious_data_access
8,210,76,21,2,4,0.285,0,1,suspicious_data_access
62,59,8,6,9,2,0.522,1,0,brute_force
7,129,15,16,8,2,0.237,1,1,reconnaissance
52,67,10,6,6,1,0.42,1,0,brute_force
0,21,1,4,49,0,0.021,0,0,benign
0,10,2,6,23,0,0.017,0,0,benign
0,18,1,2,21,0,0.002,0,0,benign
32,28,6,6,6,2,0.33,1,0,brute_force
1,17,2,3,14,0,0.009,0,0,benign
13,220,125,37,5,3,0.279,0,1,suspicious_data_access
12,274,90,24,2,2,0.19,1,1,suspicious_data_access
52,50,9,6,8,1,0.464,1,0,brute_force
0,10,1,4,13,1,0.013,0,0,benign
0,12,2,4,24,0,0.003,0,0,benign
6,90,18,13,20,1,0.27,0,1,reconnaissance
8,357,130,31,5,2,0.284,1,1,suspicious_data_access
24,54,11,10,8,1,0.471,0,0,brute_force
1,15,3,5,11,0,0.017,0,0,benign
9,168,16,22,10,2,0.218,1,1,reconnaissance
11,112,12,10,10,2,0.136,1,1,reconnaissance
53,76,5,6,12,1,0.556,0,0,brute_force
12,145,15,24,11,2,0.25,0,1,reconnaissance
0,9,1,3,17,0,0.047,0,0,benign
4,293,103,30,4,4,0.25,1,1,suspicious_data_access
61,47,11,5,10,1,0.421,1,1,brute_force
71,74,4,5,9,2,0.342,1,1,brute_force
0,7,3,2,37,0,0.006,0,0,benign
4,90,23,18,12,2,0.134,1,1,reconnaissance
9,304,131,24,2,3,0.334,1,1,suspicious_data_access
7,403,97,43,4,4,0.433,1,1,suspicious_data_access
1,14,1,1,12,0,0.025,0,0,benign
9,179,130,28,5,4,0.22,1,1,suspicious_data_access
0,11,3,5,30,1,0.013,0,0,benign
0,15,2,4,34,0,0.002,0,0,benign
15,67,28,21,11,1,0.134,0,1,reconnaissance
0,13,6,3,31,0,0.026,0,0,benign
0,7,2,2,39,0,0.001,0,0,benign
0,10,3,4,31,0,0.007,0,0,benign
2,8,5,3,29,0,0.01,0,0,benign
0,11,3,3,24,0,0.014,0,0,benign
3,78,20,18,21,1,0.128,1,1,reconnaissance
0,6,2,3,23,0,0.046,0,0,benign
0,25,6,5,58,0,0.0,0,0,benign
0,9,3,5,25,0,0.025,0,0,benign
2,3,1,3,11,0,0.007,0,0,benign
6,128,28,13,15,1,0.224,1,1,reconnaissance
0,4,3,6,13,0,0.06,0,0,benign
0,11,3,2,33,0,0.023,0,0,benign
15,257,111,20,6,3,0.319,1,1,suspicious_data_access
18,331,151,31,6,4,0.378,1,1,suspicious_data_access
14,142,39,23,14,1,0.214,1,1,reconnaissance
17,100,11,25,6,1,0.13,1,1,reconnaissance
0,14,3,3,21,0,0.008,0,0,benign
0,17,3,4,22,0,0.003,0,0,benign
0,21,3,5,33,0,0.023,0,0,benign
16,121,14,19,15,1,0.184,1,1,reconnaissance
0,7,4,3,18,0,0.008,0,0,benign
5,153,24,10,15,1,0.141,1,1,reconnaissance
1,15,1,4,30,0,0.017,0,0,benign
0,12,1,4,25,0,0.036,0,0,benign
0,12,1,5,45,0,0.007,0,0,benign
0,9,1,2,10,0,0.003,0,0,benign
2,20,6,5,32,0,0.016,0,0,benign
13,91,26,13,11,2,0.218,1,1,reconnaissance
0,22,3,3,22,0,0.009,0,0,benign
0,17,1,4,29,0,0.01,0,0,benign
12,118,13,13,20,1,0.228,1,1,reconnaissance
1,10,3,5,14,0,0.034,0,0,benign
0,18,5,3,22,0,0.003,0,0,benign
15,265,50,27,2,3,0.313,1,1,suspicious_data_access
0,13,1,4,29,0,0.027,0,0,benign
11,251,74,28,2,3,0.331,1,1,suspicious_data_access
13,109,13,20,17,2,0.191,0,1,reconnaissance
15,220,25,16,9,1,0.291,1,1,reconnaissance
0,12,1,3,36,0,0.014,0,0,benign
18,450,55,36,4,3,0.364,1,1,suspicious_data_access
0,20,3,5,20,0,0.008,0,0,benign
24,53,4,10,9,1,0.516,1,1,brute_force
12,96,13,20,20,1,0.181,1,1,reconnaissance
0,6,4,3,40,0,0.002,0,0,benign
0,5,3,3,13,0,0.011,0,0,benign
0,9,2,3,31,0,0.016,0,0,benign
12,81,22,24,16,2,0.183,1,1,reconnaissance
0,17,3,2,29,0,0.006,0,0,benign
5,88,23,18,15,2,0.191,1,1,reconnaissance
1,10,1,3,22,0,0.016,0,0,benign
0,21,2,3,23,0,0.006,1,0,benign
0,10,1,6,27,1,0.006,0,0,benign
13,100,8,20,10,1,0.111,0,1,reconnaissance
5,67,20,23,18,1,0.186,1,1,reconnaissance
7,151,16,14,5,1,0.185,0,1,reconnaissance
61,37,8,9,8,1,0.541,1,0,brute_force
15,213,120,28,7,3,0.148,1,1,suspicious_data_access
0,13,1,3,22,0,0.047,0,0,benign
0,4,2,4,21,0,0.003,0,0,benign
4,286,160,36,3,2,0.282,0,1,suspicious_data_access
1,5,2,1,17,1,0.022,0,0,benign
2,3,3,2,39,1,0.007,0,0,benign
0,17,1,4,45,1,0.002,0,0,benign
5,213,97,43,3,3,0.374,1,1,suspicious_data_access
0,16,3,4,17,0,0.02,0,0,benign
9,109,18,20,17,1,0.23,1,1,reconnaissance
47,53,8,6,9,1,0.598,1,1,brute_force
0,10,4,3,32,0,0.011,0,0,benign
15,121,8,10,16,2,0.151,0,1,reconnaissance
37,57,11,9,10,0,0.319,1,0,brute_force
0,3,3,5,27,0,0.023,0,0,benign
7,105,22,21,21,2,0.097,1,1,reconnaissance
0,11,2,1,32,1,0.036,0,0,benign
22,36,4,6,10,1,0.513,1,0,brute_force
0,12,1,6,45,0,0.008,0,0,benign
0,17,2,2,23,1,0.0,1,0,benign
0,18,4,3,42,0,0.005,1,0,benign
7,227,62,40,3,2,0.12,1,1,suspicious_data_access
0,7,3,3,10,0,0.045,0,0,benign
14,239,89,34,6,2,0.226,1,1,suspicious_data_access
0,9,2,3,28,0,0.011,0,0,benign
13,119,9,15,20,1,0.249,1,1,reconnaissance
13,160,92,36,4,4,0.223,1,1,suspicious_data_access
22,49,7,7,8,1,0.28,1,1,brute_force
0,3,2,3,43,0,0.005,0,0,benign
11,110,17,12,14,1,0.141,1,1,reconnaissance
68,44,9,7,7,1,0.524,1,0,brute_force
22,284,84,34,4,2,0.193,1,1,suspicious_data_access
4,117,12,21,17,1,0.085,0,1,reconnaissance
35,57,4,3,10,1,0.28,1,1,brute_force
0,16,2,4,23,0,0.002,0,0,benign
1,3,5,5,29,0,0.031,0,0,benign
0,16,1,6,15,0,0.006,0,0,benign
1,19,2,3,10,0,0.013,0,0,benign
0,13,2,7,26,0,0.007,0,0,benign
1,8,2,6,49,0,0.06,0,0,benign
6,236,102,21,8,2,0.434,1,1,suspicious_data_access
2,9,2,4,29,0,0.017,0,0,benign
13,248,76,26,3,4,0.299,1,1,suspicious_data_access
38,66,9,5,13,2,0.689,1,0,brute_force
12,188,94,31,9,2,0.305,1,1,suspicious_data_access
2,5,3,4,25,0,0.026,0,0,benign
0,14,3,1,23,0,0.009,0,0,benign
0,17,2,5,29,0,0.002,0,0,benign
9,101,15,18,19,2,0.203,0,1,reconnaissance
0,16,4,1,23,0,0.015,0,0,benign
0,15,1,1,29,0,0.003,0,0,benign
73,55,13,6,7,1,0.446,1,0,brute_force
0,10,3,5,32,0,0.009,0,0,benign
0,10,1,5,30,0,0.03,0,0,benign
2,14,3,5,15,0,0.006,0,0,benign
0,5,3,2,12,0,0.005,1,0,benign
12,128,30,19,11,1,0.184,1,1,reconnaissance
25,49,9,8,4,1,0.428,1,0,brute_force
0,7,3,4,10,0,0.002,0,0,benign
0,26,3,2,43,0,0.013,0,0,benign
0,13,3,3,24,0,0.001,0,0,benign
1,11,2,3,25,1,0.002,0,0,benign
1,18,1,6,34,0,0.015,0,0,benign
2,7,2,4,31,0,0.004,0,0,benign
0,7,3,2,32,0,0.004,0,0,benign
32,70,5,3,9,1,0.483,1,1,brute_force
14,107,15,14,13,1,0.159,1,1,reconnaissance
12,249,64,34,6,2,0.257,1,1,suspicious_data_access
0,15,4,4,40,1,0.019,0,0,benign
0,17,1,2,35,0,0.004,0,0,benign
6,132,25,15,14,1,0.226,1,1,reconnaissance
9,245,78,31,2,3,0.192,1,1,suspicious_data_access
0,7,3,4,12,0,0.025,0,0,benign
4,278,154,36,7,2,0.279,1,1,suspicious_data_access
45,76,6,3,5,1,0.518,1,0,brute_force
2,12,3,5,19,0,0.005,0,0,benign
0,18,5,6,12,0,0.04,0,0,benign
13,89,21,15,18,2,0.146,0,1,reconnaissance
3,9,3,3,18,0,0.047,0,0,benign
0,3,2,4,33,0,0.041,0,0,benign
7,281,88,19,4,3,0.354,1,1,suspicious_data_access
0,19,4,4,47,0,0.007,0,0,benign
0,7,1,4,27,0,0.005,0,0,benign
0,8,2,5,40,0,0.011,0,0,benign
4,289,99,19,5,4,0.26,1,1,suspicious_data_access
12,305,106,38,3,3,0.418,1,1,suspicious_data_access
9,114,13,18,18,1,0.196,1,1,reconnaissance
12,153,22,23,12,2,0.13,0,1,reconnaissance
42,48,13,6,11,1,0.45,0,1,brute_force
0,10,3,1,35,0,0.005,0,0,benign
49,69,13,3,7,0,0.368,1,0,brute_force
1,3,3,2,22,0,0.001,0,0,benign
0,9,3,1,29,1,0.043,0,0,benign
63,39,7,8,10,1,0.572,0,0,brute_force
10,329,119,26,7,4,0.296,0,1,suspicious_data_access
35,40,14,6,9,1,0.549,1,0,brute_force
14,131,32,22,11,1,0.245,1,1,reconnaissance
15,108,26,10,8,1,0.156,1,1,reconnaissance
8,137,23,19,12,2,0.129,1,1,reconnaissance
8,178,10,20,15,1,0.179,1,1,reconnaissance
48,76,10,6,10,0,0.566,1,0,brute_force
47,41,8,5,12,0,0.594,1,0,brute_force
4,242,76,39,4,4,0.187,1,1,suspicious_data_access
0,7,4,3,10,0,0.002,0,0,benign
12,80,22,21,6,2,0.124,1,1,reconnaissance
0,12,1,5,18,1,0.01,0,0,benign
16,446,85,29,4,3,0.339,1,1,suspicious_data_access
0,12,3,2,41,0,0.004,0,0,benign
37,35,15,12,5,2,0.571,1,0,brute_force
32,66,12,3,7,1,0.483,1,0,brute_force
0,12,1,2,21,1,0.021,0,0,benign
5,216,95,21,4,3,0.299,0,1,suspicious_data_access
55,79,20,5,3,0,0.567,1,0,brute_force
20,125,24,24,19,2,0.206,0,1,reconnaissance
17,126,20,22,6,1,0.181,1,1,reconnaissance
0,22,2,5,38,0,0.035,0,0,benign
0,4,2,2,37,0,0.004,0,0,benign
14,60,16,10,12,1,0.156,1,1,reconnaissance
1,16,2,3,43,0,0.005,0,0,benign
0,7,4,3,21,0,0.023,0,0,benign
39,63,10,3,8,1,0.515,0,0,brute_force
20,329,98,34,3,3,0.216,1,1,suspicious_data_access
4,115,33,22,10,1,0.176,0,1,reconnaissance
15,91,17,10,25,1,0.173,1,1,reconnaissance
55,41,15,7,12,2,0.485,1,1,brute_force
1,4,2,1,32,0,0.008,0,0,benign
1,13,3,4,38,0,0.024,0,0,benign
13,120,23,13,19,1,0.208,1,1,reconnaissance
4,128,18,23,18,1,0.246,0,1,reconnaissance
0,14,1,3,41,0,0.017,0,0,benign
1,22,1,3,35,0,0.005,0,0,benign
12,157,11,10,14,2,0.183,1,1,reconnaissance
8,134,31,10,17,1,0.103,1,1,reconnaissance
1,13,1,4,25,1,0.026,0,0,benign
0,7,4,2,31,0,0.021,0,0,benign
0,19,4,2,33,0,0.002,0,0,benign
0,7,1,5,41,0,0.002,0,0,benign
3,91,16,22,17,1,0.137,1,1,reconnaissance
9,212,87,37,5,3,0.351,1,1,suspicious_data_access
0,7,4,1,42,1,0.005,0,0,benign
1,16,2,6,21,0,0.015,0,0,benign
1,13,3,3,38,0,0.004,0,0,benign
40,54,11,7,8,0,0.489,1,0,brute_force
11,236,132,30,4,4,0.242,0,1,suspicious_data_access
8,148,9,10,12,2,0.227,1,1,reconnaissance
0,10,1,1,34,0,0.017,1,0,benign
0,13,1,4,49,1,0.014,0,0,benign
0,4,2,5,31,0,0.016,0,0,benign
0,8,1,4,41,0,0.024,0,0,benign
51,49,12,5,12,1,0.62,1,0,brute_force
55,43,9,4,13,2,0.391,1,0,brute_force
0,17,5,3,41,0,0.005,0,0,benign
16,105,24,17,8,1,0.217,0,1,reconnaissance
4,135,25,14,9,1,0.231,1,1,reconnaissance
27,49,8,4,8,1,0.485,1,0,brute_force
10,162,24,12,11,2,0.157,1,1,reconnaissance
35,49,7,4,7,2,0.421,1,0,brute_force
1,19,3,4,22,0,0.03,0,0,benign
11,123,18,17,10,1,0.179,0,1,reconnaissance
1,14,2,2,49,0,0.026,0,0,benign
8,257,164,40,3,3,0.291,1,1,suspicious_data_access
2,9,4,4,45,0,0.011,0,0,benign
0,7,3,1,10,0,0.012,0,0,benign
0,13,2,1,24,0,0.006,0,0,benign
0,13,5,5,42,0,0.025,0,0,benign
6,207,113,29,7,2,0.244,0,1,suspicious_data_access
11,60,9,10,14,1,0.192,1,1,reconnaissance
0,8,1,1,24,0,0.017,0,0,benign
0,11,3,5,32,0,0.06,0,0,benign
2,8,3,6,37,0,0.042,0,0,benign
8,126,30,17,10,2,0.099,1,1,reconnaissance
22,57,9,6,9,1,0.523,1,0,brute_force
11,254,126,24,6,2,0.267,1,1,suspicious_data_access
1,14,4,4,22,0,0.0,0,0,benign
54,74,16,10,7,0,0.608,0,0,brute_force
0,16,2,2,23,1,0.0,0,0,benign
69,39,5,5,8,1,0.685,1,0,brute_force
4,290,50,20,6,2,0.255,1,1,suspicious_data_access
10,117,28,18,19,1,0.211,0,1,reconnaissance
43,59,9,6,5,2,0.534,1,0,brute_force
55,29,7,3,9,1,0.355,0,0,brute_force
58,28,5,3,8,1,0.522,1,0,brute_force
0,19,3,6,30,0,0.012,0,0,benign
7,317,100,32,4,4,0.311,1,1,suspicious_data_access
0,17,1,4,33,0,0.026,0,0,benign
9,73,13,27,11,1,0.276,0,1,reconnaissance
4,300,116,30,5,2,0.195,1,1,suspicious_data_access
0,13,2,1,47,0,0.023,0,0,benign
0,18,2,3,24,0,0.019,0,0,benign
0,3,2,3,28,0,0.018,0,0,benign
35,52,6,6,3,0,0.501,1,0,brute_force
0,8,2,3,31,1,0.03,0,0,benign
18,218,92,29,4,3,0.286,1,1,suspicious_data_access
5,335,107,36,7,3,0.222,1,1,suspicious_data_access
1,15,3,1,10,0,0.024,0,0,benign
0,3,2,5,17,1,0.014,0,0,benign
9,103,21,22,17,2,0.198,1,1,reconnaissance
13,107,8,17,10,1,0.205,1,1,reconnaissance
1,13,2,3,19,0,0.005,0,0,benign
0,8,5,4,34,0,0.002,0,0,benign
0,16,1,3,41,0,0.001,0,0,benign
2,24,2,3,35,0,0.008,0,0,benign
0,21,3,4,20,0,0.049,0,0,benign
1,15,1,6,27,0,0.015,0,0,benign
0,5,1,4,26,0,0.047,0,0,benign
0,11,2,5,19,0,0.001,0,0,benign
0,13,3,6,12,0,0.004,0,0,benign
58,29,13,5,9,1,0.707,1,0,brute_force
0,12,1,2,29,0,0.006,0,0,benign
1,10,2,3,13,1,0.001,0,0,benign
0,16,4,2,42,0,0.007,0,0,benign
16,288,64,18,7,3,0.25,1,1,suspicious_data_access
15,152,24,18,15,1,0.239,1,1,reconnaissance
9,178,27,14,15,1,0.188,1,1,reconnaissance
0,17,4,2,34,0,0.012,0,0,benign
0,13,1,4,32,0,0.017,0,0,benign
1,17,5,2,10,0,0.028,0,0,benign
68,34,19,10,8,0,0.302,1,0,brute_force
11,169,21,17,14,1,0.183,1,1,reconnaissance
11,123,11,19,13,1,0.086,0,1,reconnaissance
10,143,12,11,16,2,0.104,1,1,reconnaissance
6,335,70,28,8,3,0.231,1,1,suspicious_data_access
1,12,3,2,37,0,0.029,0,0,benign
0,16,6,2,42,0,0.009,0,0,benign
0,10,4,4,26,0,0.013,0,0,benign
0,11,2,4,33,1,0.06,0,0,benign
15,173,13,18,16,1,0.256,1,1,reconnaissance
4,374,83,32,2,2,0.27,1,1,suspicious_data_access
58,42,11,6,8,0,0.493,0,1,brute_force
0,7,3,5,32,0,0.005,0,0,benign
9,139,17,16,13,1,0.138,1,1,reconnaissance
10,248,144,21,4,3,0.24,1,1,suspicious_data_access
0,12,2,5,47,0,0.013,0,0,benign
47,49,10,6,10,2,0.651,0,1,brute_force
0,15,4,5,20,0,0.008,0,0,benign
0,14,2,2,42,0,0.011,0,0,benign
5,404,75,22,3,4,0.184,1,1,suspicious_data_access
2,6,4,4,27,0,0.001,0,0,benign
13,355,130,21,5,3,0.348,1,1,suspicious_data_access
0,19,2,2,27,0,0.016,0,0,benign
13,140,35,20,6,1,0.222,0,1,reconnaissance
14,176,22,14,7,1,0.232,0,1,reconnaissance
1,13,2,2,10,0,0.003,0,0,benign
1,8,2,1,25,0,0.007,0,0,benign
12,117,20,23,17,1,0.276,1,1,reconnaissance
0,17,1,5,43,0,0.0,0,0,benign
11,278,77,34,6,3,0.289,1,1,suspicious_data_access
15,289,106,23,5,2,0.327,1,1,suspicious_data_access
0,14,2,6,41,0,0.003,0,0,benign
0,12,3,3,35,0,0.004,0,0,benign
0,14,3,3,50,0,0.015,0,0,benign
1,15,3,4,39,0,0.008,0,0,benign
1,9,1,2,30,0,0.039,0,0,benign
0,6,3,4,29,0,0.016,0,0,benign
38,63,14,7,10,2,0.483,0,0,brute_force
0,6,1,4,25,0,0.002,0,0,benign
0,12,3,4,32,0,0.002,0,0,benign
0,14,2,5,22,0,0.002,0,0,benign
9,309,60,31,2,2,0.288,1,1,suspicious_data_access
13,121,12,15,15,2,0.271,0,1,reconnaissance
0,13,4,3,19,0,0.018,0,0,benign
0,17,1,3,40,0,0.002,0,0,benign
23,37,10,3,6,1,0.669,1,1,brute_force
65,53,15,6,8,2,0.406,1,0,brute_force
41,72,13,9,6,1,0.364,1,0,brute_force
10,266,88,18,3,3,0.337,1,1,suspicious_data_access
18,146,26,18,11,1,0.218,0,1,reconnaissance
10,214,65,24,5,4,0.317,1,1,suspicious_data_access
0,14,2,6,12,0,0.03,0,0,benign
15,128,13,15,14,1,0.149,0,1,reconnaissance
0,4,2,2,39,0,0.016,0,0,benign
4,231,109,26,2,4,0.319,1,1,suspicious_data_access
10,261,113,35,4,3,0.243,1,1,suspicious_data_access
8,106,36,20,17,2,0.248,0,1,reconnaissance
68,77,13,9,7,1,0.41,1,0,brute_force
1,7,3,4,19,0,0.009,0,0,benign
10,265,104,42,6,3,0.367,1,1,suspicious_data_access
0,13,5,2,25,0,0.01,0,0,benign
3,122,22,16,13,1,0.19,1,1,reconnaissance
33,59,15,5,9,0,0.331,0,0,brute_force
4,302,63,23,6,3,0.264,1,1,suspicious_data_access
0,4,4,2,29,0,0.005,0,0,benign
51,45,4,7,13,0,0.494,1,0,brute_force
6,374,121,37,2,3,0.306,1,1,suspicious_data_access
54,51,4,6,10,1,0.482,0,0,brute_force
11,126,29,23,14,1,0.104,1,1,reconnaissance
38,25,7,10,9,1,0.633,1,1,brute_force
0,11,4,3,41,0,0.003,0,0,benign
14,254,101,23,3,3,0.27,1,1,suspicious_data_access
8,102,18,17,19,1,0.278,1,1,reconnaissance
11,267,73,31,7,3,0.316,1,1,suspicious_data_access
2,8,4,4,36,0,0.008,0,0,benign
13,145,12,12,12,1,0.217,1,1,reconnaissance
0,15,3,2,24,0,0.019,0,0,benign
7,100,10,21,14,1,0.169,0,1,reconnaissance
1,12,1,3,37,0,0.002,0,0,benign
3,154,18,11,10,2,0.137,1,1,reconnaissance
7,324,79,33,3,2,0.259,1,1,suspicious_data_access
0,12,7,5,29,0,0.011,0,0,benign
50,50,11,9,14,1,0.441,1,0,brute_force
1,11,2,6,18,0,0.008,0,0,benign
2,17,3,1,40,1,0.013,0,0,benign
7,243,144,38,7,3,0.277,1,1,suspicious_data_access
2,22,1,5,29,0,0.01,0,0,benign
9,178,37,15,6,1,0.08,0,1,reconnaissance
89,62,8,3,10,2,0.382,1,0,brute_force
0,12,3,3,25,0,0.001,0,0,benign
78,51,8,6,5,2,0.36,1,0,brute_force
1,11,2,4,30,0,0.022,0,0,benign
0,13,2,3,40,0,0.007,0,0,benign
0,10,2,3,25,0,0.028,0,0,benign
1,16,1,4,33,0,0.014,0,0,benign
0,10,4,3,10,0,0.03,0,0,benign
18,91,13,12,16,1,0.187,1,1,reconnaissance
4,248,92,30,3,3,0.21,1,1,suspicious_data_access
5,61,15,19,11,1,0.162,1,1,reconnaissance
0,7,4,3,19,0,0.004,0,0,benign
8,141,28,17,11,2,0.247,0,1,reconnaissance
2,6,1,5,30,0,0.002,0,0,benign
68,42,6,7,12,1,0.626,1,1,brute_force
39,83,11,9,5,0,0.45,1,1,brute_force
0,12,1,4,20,0,0.015,0,0,benign
9,86,26,10,17,1,0.11,1,1,reconnaissance
0,8,4,3,25,0,0.04,0,0,benign
47,47,5,6,10,1,0.505,1,0,brute_force
12,105,13,16,10,2,0.133,0,1,reconnaissance
10,67,15,20,15,1,0.241,1,1,reconnaissance
0,15,2,3,29,0,0.001,0,0,benign
13,215,102,31,5,4,0.374,0,1,suspicious_data_access
1,20,1,3,20,0,0.0,0,0,benign
0,15,4,5,43,0,0.045,0,0,benign
8,175,22,15,10,2,0.176,0,1,reconnaissance
33,59,9,4,7,2,0.555,0,0,brute_force
11,204,97,34,6,3,0.131,1,1,suspicious_data_access
9,134,28,10,14,2,0.26,0,1,reconnaissance
4,132,10,21,11,1,0.127,1,1,reconnaissance
44,62,9,9,6,1,0.311,0,1,brute_force
40,56,18,4,8,0,0.282,0,1,brute_force
7,132,34,27,11,1,0.193,0,1,reconnaissance
25,68,7,8,8,2,0.508,0,0,brute_force
13,104,30,17,14,1,0.197,1,1,reconnaissance
2,7,1,4,38,1,0.019,0,0,benign
0,14,4,4,27,1,0.008,0,0,benign
15,139,26,24,16,1,0.226,0,1,reconnaissance
9,125,12,16,12,1,0.175,1,1,reconnaissance
0,10,4,5,26,0,0.011,0,0,benign
20,241,63,42,2,3,0.335,1,1,suspicious_data_access
1,3,2,4,12,0,0.009,0,0,benign
0,12,1,2,24,0,0.022,0,0,benign
8,148,17,18,20,1,0.218,0,1,reconnaissance
0,10,2,1,41,0,0.025,0,0,benign
2,16,1,4,22,0,0.048,0,0,benign
31,52,10,5,8,2,0.542,1,0,brute_force
0,11,3,2,30,0,0.013,0,0,benign
9,164,20,10,15,1,0.14,0,1,reconnaissance
62,61,11,10,11,0,0.598,0,0,brute_force
0,16,1,1,30,0,0.03,0,0,benign
58,51,10,9,8,1,0.679,1,1,brute_force
0,6,1,4,17,0,0.001,0,0,benign
0,6,3,7,28,0,0.019,0,0,benign
6,60,21,17,7,1,0.177,0,1,reconnaissance
0,4,5,1,55,1,0.003,0,0,benign
9,258,57,22,6,2,0.256,1,1,suspicious_data_access
13,122,16,17,7,2,0.171,1,1,reconnaissance
20,107,26,14,13,1,0.181,1,1,reconnaissance
1,17,5,5,24,0,0.031,0,0,benign
15,140,28,24,12,1,0.133,1,1,reconnaissance
13,229,148,21,7,4,0.236,1,1,suspicious_data_access
1,3,1,3,18,0,0.007,1,0,benign
66,74,5,7,7,1,0.475,0,1,brute_force
13,296,50,30,5,3,0.12,1,1,suspicious_data_access
6,109,12,15,14,2,0.206,1,1,reconnaissance
14,263,63,27,5,3,0.328,1,1,suspicious_data_access
0,7,2,1,37,0,0.012,0,0,benign
11,77,8,13,19,1,0.197,1,1,reconnaissance
14,159,28,18,11,2,0.19,1,1,reconnaissance
0,16,3,3,14,0,0.031,0,0,benign
0,4,3,4,23,1,0.002,0,0,benign
8,296,99,18,4,3,0.352,1,1,suspicious_data_access
11,289,127,32,3,2,0.322,1,1,suspicious_data_access
4,224,75,18,7,2,0.121,1,1,suspicious_data_access
16,165,11,17,15,2,0.167,1,1,reconnaissance
30,39,9,6,7,2,0.391,1,0,brute_force
0,11,3,3,31,0,0.029,0,0,benign
10,357,124,18,2,3,0.375,0,1,suspicious_data_access
1,8,1,4,27,0,0.03,0,0,benign
0,10,4,2,10,0,0.021,0,0,benign
8,112,27,17,18,2,0.257,1,1,reconnaissance
2,17,6,1,42,0,0.011,0,0,benign
0,16,3,4,38,1,0.011,0,0,benign
6,102,8,14,11,2,0.171,0,1,reconnaissance
9,240,135,26,5,3,0.224,1,1,suspicious_data_access
71,48,13,6,10,0,0.506,1,1,brute_force
34,67,7,8,7,1,0.498,0,0,brute_force
0,4,1,3,35,0,0.02,0,0,benign
8,60,18,17,13,2,0.149,0,1,reconnaissance
2,13,2,5,16,0,0.004,0,0,benign
14,308,87,35,5,2,0.282,0,1,suspicious_data_access
50,38,4,7,9,1,0.704,1,1,brute_force
0,5,4,4,19,0,0.003,0,0,benign
6,60,12,18,15,2,0.081,0,1,reconnaissance
0,10,1,3,34,0,0.003,0,0,benign
43,44,4,5,10,1,0.613,1,0,brute_force
59,48,10,6,7,1,0.684,1,0,brute_force
14,176,26,18,15,1,0.181,0,1,reconnaissance
0,16,5,3,21,0,0.018,0,0,benign
1,4,2,4,27,0,0.012,0,0,benign
11,323,125,42,8,3,0.215,1,1,suspicious_data_access
14,106,26,20,10,2,0.151,1,1,reconnaissance
32,69,7,5,10,1,0.306,1,0,brute_force
12,70,26,19,11,2,0.143,0,1,reconnaissance
45,60,7,7,3,1,0.602,1,0,brute_force
0,3,4,6,27,0,0.005,0,0,benign
1,15,3,1,29,0,0.023,0,0,benign
2,9,1,3,40,0,0.027,0,0,benign
29,58,19,8,3,2,0.413,0,0,brute_force
9,110,24,21,7,1,0.184,1,1,reconnaissance
12,82,26,18,19,1,0.237,1,1,reconnaissance
0,8,5,1,26,0,0.007,1,0,benign
12,171,28,20,18,1,0.094,0,1,reconnaissance
0,6,2,1,26,1,0.002,1,0,benign
30,77,10,6,7,2,0.571,1,0,brute_force
7,135,8,15,21,1,0.202,1,1,reconnaissance
1,7,4,5,31,0,0.051,0,0,benign
0,10,2,1,39,0,0.012,0,0,benign
9,105,19,18,9,2,0.152,0,1,reconnaissance
8,89,26,22,14,1,0.289,0,1,reconnaissance
0,12,1,5,36,0,0.003,0,0,benign
13,117,18,20,20,1,0.185,1,1,reconnaissance
6,91,25,10,11,2,0.32,0,1,reconnaissance
0,10,2,2,26,0,0.002,0,0,benign
0,9,3,2,17,1,0.029,0,0,benign
0,11,5,4,35,0,0.025,0,0,benign
14,179,17,11,15,1,0.274,1,1,reconnaissance
45,39,14,10,7,1,0.513,0,1,brute_force
2,13,4,2,39,0,0.009,0,0,benign
14,178,28,17,16,1,0.116,0,1,reconnaissance
1,9,1,5,33,1,0.022,0,0,benign
0,9,4,3,26,0,0.005,0,0,benign
0,11,1,4,38,0,0.002,0,0,benign
0,7,1,4,36,0,0.002,0,0,benign
40,61,7,6,6,1,0.648,1,1,brute_force
5,235,117,21,4,3,0.368,1,1,suspicious_data_access
2,10,4,2,34,0,0.06,0,0,benign
12,136,14,23,14,1,0.217,1,1,reconnaissance
59,66,16,4,5,0,0.626,1,0,brute_force
42,73,9,6,9,1,0.468,1,0,brute_force
0,8,5,4,35,0,0.015,0,0,benign
7,250,134,36,2,2,0.338,1,1,suspicious_data_access
0,15,4,3,28,0,0.012,0,0,benign
0,7,4,2,16,0,0.016,0,0,benign
0,12,1,3,40,0,0.029,0,0,benign
0,7,5,5,34,0,0.009,0,0,benign
8,159,14,25,11,1,0.12,0,1,reconnaissance
40,33,9,7,13,2,0.558,1,0,brute_force
0,6,3,5,39,0,0.017,0,0,benign
3,10,1,5,40,0,0.025,0,0,benign
0,25,2,6,26,0,0.01,0,0,benign
11,127,36,14,19,2,0.198,0,1,reconnaissance
0,12,2,3,39,0,0.017,0,0,benign
0,8,4,5,37,0,0.01,0,0,benign
0,13,3,3,35,0,0.002,0,0,benign
0,12,1,3,38,0,0.002,0,0,benign
0,13,4,2,14,0,0.026,0,0,benign
0,3,2,4,35,0,0.004,0,0,benign
0,17,1,3,45,0,0.014,0,0,benign
45,49,11,11,3,1,0.548,1,1,brute_force
0,8,3,4,32,0,0.051,0,0,benign
0,12,1,4,30,0,0.015,0,0,benign
48,75,6,8,9,1,0.495,0,0,brute_force
0,13,3,4,56,0,0.006,0,0,benign
19,300,111,32,4,4,0.348,1,1,suspicious_data_access
0,12,2,1,22,0,0.012,0,0,benign
52,67,13,6,4,0,0.494,1,1,brute_force
5,205,165,30,6,2,0.281,1,1,suspicious_data_access
62,66,9,7,7,0,0.41,1,0,brute_force
1,9,4,4,37,0,0.014,0,0,benign
0,15,4,5,35,0,0.032,0,0,benign
7,320,114,30,2,3,0.288,1,1,suspicious_data_access
7,330,79,34,5,4,0.212,0,1,suspicious_data_access
32,43,16,7,14,1,0.402,1,1,brute_force
54,63,11,7,11,1,0.649,1,0,brute_force
7,188,22,22,13,1,0.167,1,1,reconnaissance
30,44,18,7,10,0,0.599,1,1,brute_force
5,81,13,26,12,1,0.08,1,1,reconnaissance
16,137,24,12,16,2,0.194,1,1,reconnaissance
0,11,2,4,30,0,0.031,0,0,benign
1,13,3,4,28,0,0.06,0,0,benign
0,9,2,6,19,0,0.004,0,0,benign
3,85,16,24,17,2,0.261,1,1,reconnaissance
0,14,1,3,23,0,0.037,0,0,benign
37,62,8,5,3,0,0.393,1,0,brute_force
0,8,1,5,28,0,0.009,0,0,benign
0,10,3,4,10,0,0.006,0,0,benign
5,114,15,22,5,2,0.108,1,1,reconnaissance
67,60,8,7,11,1,0.51,1,1,brute_force
0,9,3,2,13,0,0.04,0,0,benign
25,40,8,5,10,2,0.33,1,1,brute_force
1,9,2,3,10,0,0.016,0,0,benign
0,11,2,2,23,0,0.002,0,0,benign
12,289,50,33,5,4,0.208,1,1,suspicious_data_access
6,112,25,18,19,1,0.123,1,1,reconnaissance
14,102,12,18,13,1,0.15,0,1,reconnaissance
0,10,3,5,23,0,0.046,0,0,benign
0,19,3,4,25,0,0.049,0,0,benign
8,110,8,15,15,1,0.166,1,1,reconnaissance
1,16,1,2,41,0,0.002,0,0,benign
40,49,15,6,8,1,0.75,0,0,brute_force
3,169,21,16,12,1,0.08,1,1,reconnaissance
39,48,8,5,8,2,0.503,1,0,brute_force
70,72,16,9,5,1,0.54,1,0,brute_force
3,90,21,17,11,1,0.19,1,1,reconnaissance
0,9,4,3,45,0,0.027,0,0,benign
0,3,2,6,36,0,0.009,0,0,benign
4,285,75,19,2,3,0.31,1,1,suspicious_data_access
41,52,11,5,3,1,0.643,1,0,brute_force
50,34,15,5,7,1,0.374,1,0,brute_force
0,8,2,2,41,1,0.017,0,0,benign
13,154,23,16,17,1,0.147,1,1,reconnaissance
0,6,1,3,30,0,0.025,0,0,benign
0,6,4,3,32,0,0.005,0,0,benign
0,19,1,2,36,0,0.014,0,0,benign
1,13,2,4,49,0,0.008,0,0,benign
1,10,2,3,39,1,0.058,0,0,benign
0,7,1,5,22,0,0.002,0,0,benign
48,48,19,6,9,1,0.566,1,0,brute_force
1,16,1,4,29,0,0.006,0,0,benign
8,107,25,16,19,1,0.139,1,1,reconnaissance
0,17,3,5,40,0,0.007,0,0,benign
0,17,2,5,32,0,0.023,0,0,benign
0,19,3,3,21,0,0.007,0,0,benign
0,15,3,5,26,0,0.004,0,0,benign
1,10,1,1,35,0,0.014,0,0,benign
1,8,3,6,16,0,0.007,0,0,benign
0,12,3,4,24,1,0.043,1,0,benign
4,266,89,34,5,3,0.341,1,1,suspicious_data_access
1,16,5,2,47,0,0.023,0,0,benign
9,233,145,29,3,2,0.317,1,1,suspicious_data_access
1,9,1,4,29,0,0.005,0,0,benign
9,80,30,15,11,1,0.09,1,1,reconnaissance
0,12,1,3,28,0,0.002,0,0,benign
3,11,3,3,41,0,0.015,0,0,benign
0,13,3,2,21,0,0.001,0,0,benign
0,10,2,2,29,0,0.002,0,0,benign
2,5,2,5,31,0,0.025,0,0,benign
9,60,24,24,12,2,0.173,0,1,reconnaissance
2,6,5,3,27,0,0.012,0,0,benign
11,193,21,11,11,1,0.19,0,1,reconnaissance
9,145,8,24,15,1,0.216,1,1,reconnaissance
1,22,3,3,30,0,0.011,0,0,benign
36,37,7,8,12,1,0.591,1,1,brute_force
11,138,16,19,14,2,0.164,1,1,reconnaissance
10,74,15,21,7,2,0.188,1,1,reconnaissance
2,15,3,4,28,0,0.021,0,0,benign
0,9,1,2,24,0,0.01,0,0,benign
13,139,10,26,21,2,0.168,0,1,reconnaissance
62,63,11,8,8,1,0.493,1,1,brute_force
16,319,67,18,3,3,0.132,1,1,suspicious_data_access
0,7,2,3,32,0,0.002,0,0,benign
4,127,8,30,19,2,0.288,1,1,reconnaissance
61,76,12,4,11,1,0.587,1,1,brute_force
0,11,2,2,30,0,0.007,0,0,benign
59,58,7,5,5,0,0.6,1,0,brute_force
9,415,134,33,6,4,0.403,1,1,suspicious_data_access
0,13,6,1,29,0,0.011,0,0,benign
0,10,3,2,30,0,0.014,0,0,benign
32,44,7,3,9,1,0.607,1,1,brute_force
58,75,8,4,4,1,0.28,0,0,brute_force
0,17,1,3,29,0,0.002,0,0,benign
8,257,140,30,5,4,0.216,0,1,suspicious_data_access
0,13,5,3,21,1,0.015,0,0,benign
1,11,3,2,22,0,0.0,0,0,benign
0,8,1,3,33,0,0.004,0,0,benign
10,91,11,14,23,1,0.187,1,1,reconnaissance
0,3,2,4,20,0,0.021,0,0,benign
0,10,2,5,30,0,0.015,0,0,benign
0,13,5,6,34,0,0.024,0,0,benign
0,9,1,5,18,0,0.013,0,0,benign
11,108,27,19,12,1,0.192,1,1,reconnaissance
3,159,27,11,14,1,0.135,0,1,reconnaissance
40,30,13,6,10,1,0.534,0,0,brute_force
0,4,4,3,21,0,0.044,0,0,benign
8,128,12,10,11,1,0.153,0,1,reconnaissance
11,271,80,23,6,3,0.297,1,1,suspicious_data_access
1,9,3,4,39,0,0.006,0,0,benign
12,109,8,20,9,1,0.122,1,1,reconnaissance
0,13,5,1,18,0,0.005,0,0,benign
0,7,2,4,25,0,0.031,0,0,benign
10,109,18,15,17,1,0.19,1,1,reconnaissance
52,30,15,7,12,2,0.705,1,0,brute_force
0,10,1,6,16,0,0.007,1,0,benign
20,100,16,13,19,2,0.161,0,1,reconnaissance
6,442,103,28,3,3,0.3,1,1,suspicious_data_access
15,127,30,27,9,1,0.244,0,1,reconnaissance
0,14,5,2,30,0,0.001,0,0,benign
1,10,3,3,36,0,0.001,0,0,benign
10,187,25,14,14,1,0.137,0,1,reconnaissance
16,135,14,20,12,2,0.081,1,1,reconnaissance
1,3,2,2,20,0,0.007,0,0,benign
0,6,3,4,46,0,0.005,0,0,benign
1,6,1,4,24,0,0.009,0,0,benign
28,76,11,6,3,1,0.647,1,0,brute_force
1,9,3,4,31,0,0.026,0,0,benign
0,7,3,4,10,0,0.01,0,0,benign
0,9,2,4,35,0,0.008,0,0,benign
10,150,8,20,19,1,0.274,1,1,reconnaissance
0,13,3,6,49,0,0.001,0,0,benign
8,128,23,16,16,2,0.175,1,1,reconnaissance
0,14,1,3,36,0,0.012,0,0,benign
11,143,22,20,14,2,0.194,0,1,reconnaissance
0,14,5,3,31,0,0.001,0,0,benign
7,282,147,22,6,2,0.235,0,1,suspicious_data_access
7,119,29,20,10,2,0.212,0,1,reconnaissance
0,15,1,4,18,0,0.021,0,0,benign
10,97,33,17,10,2,0.144,1,1,reconnaissance
0,11,5,3,25,0,0.042,0,0,benign
60,59,9,5,5,1,0.537,1,0,brute_force
4,266,138,30,2,2,0.19,1,1,suspicious_data_access
7,145,27,17,8,1,0.17,1,1,reconnaissance
19,134,18,13,11,1,0.139,1,1,reconnaissance
0,9,3,4,27,0,0.021,0,0,benign
0,9,4,3,40,0,0.009,0,0,benign
0,17,1,5,36,0,0.005,0,0,benign
12,438,101,29,3,4,0.287,1,1,suspicious_data_access
11,130,10,16,11,2,0.089,0,1,reconnaissance
0,11,3,4,40,0,0.005,0,0,benign
0,10,2,4,46,0,0.048,0,0,benign
5,104,21,13,19,1,0.08,0,1,reconnaissance
0,15,1,4,39,0,0.008,0,0,benign
0,12,3,3,30,0,0.003,0,0,benign
3,10,2,1,11,0,0.036,0,0,benign
7,150,13,11,15,1,0.171,0,1,reconnaissance
0,8,2,4,29,0,0.031,0,0,benign
6,112,8,19,5,1,0.166,1,1,reconnaissance
7,60,13,15,18,1,0.19,0,1,reconnaissance
4,192,96,27,4,3,0.271,0,1,suspicious_data_access
13,230,86,36,7,3,0.277,1,1,suspicious_data_access
4,319,61,30,6,4,0.242,1,1,suspicious_data_access
0,12,3,5,41,1,0.005,0,0,benign
0,16,3,4,32,0,0.001,0,0,benign
0,9,4,4,41,1,0.039,0,0,benign
16,279,127,36,2,3,0.351,1,1,suspicious_data_access
7,219,64,25,5,2,0.342,1,1,suspicious_data_access
12,136,8,17,15,2,0.158,1,1,reconnaissance
13,99,17,10,17,1,0.221,1,1,reconnaissance
46,65,6,3,8,1,0.556,1,0,brute_force
0,11,4,4,18,0,0.021,0,0,benign
0,3,3,2,24,1,0.013,0,0,benign
47,82,4,10,7,0,0.569,0,0,brute_force
38,47,11,6,8,1,0.688,0,1,brute_force
0,7,4,4,20,0,0.012,0,0,benign
15,111,23,16,22,2,0.237,1,1,reconnaissance
0,17,2,5,32,0,0.002,0,0,benign
41,39,16,7,10,0,0.464,0,0,brute_force
10,115,34,13,21,1,0.182,0,1,reconnaissance
0,19,3,1,31,0,0.001,0,0,benign
0,5,1,6,38,0,0.001,1,0,benign
2,9,1,2,32,1,0.009,0,0,benign
0,3,2,6,32,0,0.013,0,0,benign
8,220,77,28,7,3,0.26,1,1,suspicious_data_access
8,140,8,20,18,1,0.154,0,1,reconnaissance
0,6,2,4,20,0,0.009,0,0,benign
7,390,68,37,3,3,0.174,1,1,suspicious_data_access
0,5,4,5,25,0,0.026,0,0,benign
1,7,1,5,14,0,0.019,0,0,benign
0,7,2,1,28,0,0.011,0,0,benign
0,14,1,3,22,0,0.016,0,0,benign
10,293,108,30,2,3,0.268,1,1,suspicious_data_access
6,215,94,27,3,3,0.348,1,1,suspicious_data_access
0,18,1,2,36,0,0.001,0,0,benign
1,4,3,3,35,0,0.06,0,0,benign
8,144,25,23,8,1,0.2,0,1,reconnaissance
0,4,3,5,35,0,0.013,0,0,benign
9,136,16,13,16,2,0.173,1,1,reconnaissance
38,51,6,4,12,1,0.532,1,1,brute_force
4,272,110,31,7,2,0.385,1,1,suspicious_data_access
5,336,102,27,2,2,0.275,1,1,suspicious_data_access
13,256,60,37,2,4,0.302,1,1,suspicious_data_access
0,10,2,1,40,0,0.036,0,0,benign
7,68,27,18,14,1,0.232,1,1,reconnaissance
15,92,20,14,12,1,0.178,0,1,reconnaissance
5,60,19,14,24,1,0.172,1,1,reconnaissance
0,18,3,4,27,0,0.014,0,0,benign
0,21,1,2,19,0,0.009,0,0,benign
0,7,3,4,15,0,0.009,0,0,benign
0,13,1,3,56,0,0.004,0,0,benign
1,13,3,6,34,0,0.007,0,0,benign
0,3,5,4,13,0,0.009,1,0,benign
12,282,117,24,3,3,0.221,1,1,suspicious_data_access
65,57,16,9,8,1,0.539,1,0,brute_force
55,59,9,4,7,2,0.575,0,1,brute_force
12,164,23,21,15,1,0.185,1,1,reconnaissance
10,234,76,32,3,3,0.275,1,1,suspicious_data_access
1,20,2,3,17,0,0.0,0,0,benign
34,54,6,9,8,2,0.333,1,0,brute_force
18,84,28,14,10,2,0.143,1,1,reconnaissance
2,11,5,2,25,0,0.043,0,0,benign
0,16,5,4,35,0,0.005,0,0,benign
0,15,1,6,19,0,0.003,0,0,benign
39,64,9,6,7,1,0.418,1,0,brute_force
0,17,2,5,24,1,0.015,0,0,benign
71,40,15,5,6,1,0.546,1,0,brute_force
9,315,103,34,7,3,0.291,1,1,suspicious_data_access
62,72,10,11,14,1,0.539,1,0,brute_force
0,19,4,2,40,0,0.017,0,0,benign
0,5,2,2,25,0,0.054,0,0,benign
0,28,3,4,35,0,0.023,0,0,benign
1,20,2,1,24,0,0.04,0,0,benign
1,15,1,3,26,0,0.006,0,0,benign
0,10,5,2,23,0,0.007,0,0,benign
0,15,5,3,10,0,0.001,0,0,benign
22,43,7,3,11,2,0.686,1,0,brute_force
67,64,10,6,9,1,0.303,1,0,brute_force
0,14,2,1,40,0,0.036,0,0,benign
0,7,2,1,25,0,0.003,0,0,benign
0,12,3,6,29,1,0.0,1,0,benign
9,403,79,18,4,2,0.343,1,1,suspicious_data_access
0,14,4,2,33,0,0.041,0,0,benign
11,292,125,34,5,2,0.277,1,1,suspicious_data_access
3,12,2,6,17,0,0.017,0,0,benign
0,8,2,3,21,0,0.039,0,0,benign
14,144,22,17,9,2,0.08,1,1,reconnaissance
1,10,4,2,31,0,0.001,0,0,benign
12,311,65,43,5,3,0.338,1,1,suspicious_data_access
1,12,3,6,34,0,0.021,0,0,benign
0,9,1,4,32,0,0.009,0,0,benign
1,4,2,3,16,0,0.014,0,0,benign
16,266,136,31,7,4,0.325,1,1,suspicious_data_access
8,415,77,36,2,3,0.32,1,1,suspicious_data_access
0,7,2,4,42,0,0.034,0,0,benign
0,11,3,5,38,0,0.013,0,0,benign
0,7,3,2,45,0,0.009,0,0,benign
10,132,19,15,6,2,0.151,1,1,reconnaissance
10,79,11,10,9,1,0.183,0,1,reconnaissance
33,53,18,7,10,1,0.423,1,0,brute_force
12,215,105,28,4,2,0.291,1,1,suspicious_data_access
13,88,18,18,14,2,0.226,1,1,reconnaissance
0,18,3,2,29,0,0.017,0,0,benign
1,7,2,5,33,0,0.047,0,0,benign
0,4,3,4,25,0,0.009,0,0,benign
0,5,2,4,48,0,0.002,0,0,benign
0,17,3,3,34,0,0.012,0,0,benign
0,9,2,2,22,1,0.001,0,0,benign
1,3,1,2,32,0,0.027,0,0,benign
0,13,3,2,42,0,0.016,0,0,benign
15,217,129,18,6,3,0.224,1,1,suspicious_data_access
9,172,31,22,16,1,0.263,1,1,reconnaissance
15,128,21,28,14,1,0.145,1,1,reconnaissance
6,60,20,26,16,1,0.218,1,1,reconnaissance
5,203,25,18,13,1,0.168,1,1,reconnaissance
2,15,3,2,45,0,0.001,0,0,benign
2,10,3,4,13,0,0.002,0,0,benign
1,6,1,2,25,0,0.013,1,0,benign
4,295,130,31,6,3,0.437,1,1,suspicious_data_access
47,67,13,7,7,1,0.57,1,0,brute_force
1,11,2,2,26,0,0.017,0,0,benign
4,365,118,19,5,3,0.363,1,1,suspicious_data_access
12,346,90,33,8,4,0.179,1,1,suspicious_data_access
40,90,11,5,10,1,0.432,1,0,brute_force
0,4,4,5,23,0,0.008,0,0,benign
0,8,4,5,31,0,0.011,0,0,benign
0,15,3,4,28,1,0.003,0,0,benign
15,266,98,22,5,3,0.341,1,1,suspicious_data_access
0,10,1,3,36,0,0.01,0,0,benign
0,18,1,1,17,0,0.003,0,0,benign
17,319,96,30,6,3,0.295,1,1,suspicious_data_access
0,9,3,2,37,0,0.031,0,0,benign
68,64,12,6,7,2,0.575,1,0,brute_force
6,358,160,19,3,3,0.209,1,1,suspicious_data_access
4,186,8,23,13,2,0.162,1,1,reconnaissance
0,12,3,2,22,0,0.004,0,0,benign
0,12,4,4,17,0,0.028,0,0,benign
0,9,2,4,18,0,0.006,0,0,benign
0,12,3,1,37,0,0.043,0,0,benign
0,13,2,1,22,0,0.019,0,0,benign
2,14,3,5,22,0,0.018,1,0,benign
45,39,5,4,8,1,0.499,0,0,brute_force
10,122,19,20,12,2,0.156,1,1,reconnaissance
0,8,1,4,38,0,0.01,0,0,benign
0,14,1,4,31,0,0.009,0,0,benign
6,153,23,19,17,1,0.159,0,1,reconnaissance
9,300,136,21,5,3,0.158,1,1,suspicious_data_access
14,133,19,22,10,1,0.169,1,1,reconnaissance
0,8,4,4,10,0,0.0,0,0,benign
0,13,1,5,13,1,0.003,0,0,benign
80,76,8,8,7,1,0.328,1,1,brute_force
7,213,79,23,2,2,0.401,1,1,suspicious_data_access
0,8,4,4,17,0,0.019,0,0,benign
10,147,15,18,13,1,0.22,1,1,reconnaissance
48,44,15,5,11,1,0.47,1,0,brute_force
0,4,2,6,18,0,0.014,0,0,benign
0,12,5,3,28,0,0.013,0,0,benign
0,10,4,4,35,0,0.021,0,0,benign
50,25,5,9,8,1,0.411,0,0,brute_force
0,20,3,3,22,0,0.044,0,0,benign
45,81,9,10,8,1,0.376,1,1,brute_force
2,12,1,3,19,0,0.003,1,0,benign
38,72,8,8,10,1,0.359,0,0,brute_force
0,9,3,3,37,0,0.018,0,0,benign
1,8,4,3,34,0,0.006,0,0,benign
9,213,73,35,5,2,0.218,1,1,suspicious_data_access
0,12,1,1,37,0,0.001,0,0,benign
12,160,105,27,7,2,0.338,1,1,suspicious_data_access
7,84,19,12,14,2,0.198,1,1,reconnaissance
0,16,3,1,20,0,0.001,0,0,benign
0,10,1,4,31,0,0.011,0,0,benign
4,99,20,14,17,1,0.147,1,1,reconnaissance
0,17,4,7,38,0,0.005,0,0,benign
52,49,18,3,10,1,0.586,1,1,brute_force
1,14,5,2,32,0,0.003,0,0,benign
0,10,2,2,39,0,0.043,0,0,benign
50,48,11,9,6,1,0.493,1,0,brute_force
7,320,91,30,6,3,0.232,0,1,suspicious_data_access
0,16,3,1,19,0,0.01,0,0,benign
1,16,4,1,20,0,0.06,0,0,benign
4,295,108,23,2,2,0.241,1,1,suspicious_data_access
0,14,1,3,11,0,0.003,0,0,benign
53,40,15,6,5,1,0.573,1,0,brute_force
0,15,1,3,39,0,0.003,0,0,benign
15,326,58,33,6,3,0.314,0,1,suspicious_data_access
47,44,9,5,5,1,0.558,0,0,brute_force
0,10,6,4,38,0,0.015,0,0,benign
0,12,3,4,45,0,0.002,0,0,benign
13,117,33,15,6,1,0.08,0,1,reconnaissance
0,11,4,6,27,0,0.01,0,0,benign
41,45,10,4,7,1,0.738,1,0,brute_force
10,95,17,17,7,1,0.218,1,1,reconnaissance
9,387,121,32,4,4,0.358,0,1,suspicious_data_access
0,17,2,3,18,0,0.014,0,0,benign
0,10,3,6,33,0,0.057,0,0,benign
77,47,6,9,3,2,0.666,0,0,brute_force
11,133,22,17,20,1,0.114,1,1,reconnaissance
0,13,2,4,23,0,0.004,0,0,benign
3,125,8,23,16,1,0.166,1,1,reconnaissance
0,5,4,3,25,0,0.06,0,0,benign
15,131,26,17,24,1,0.15,1,1,reconnaissance
2,12,2,7,33,0,0.002,0,0,benign
4,207,163,37,9,4,0.25,1,1,suspicious_data_access
18,293,142,24,2,2,0.261,1,1,suspicious_data_access
4,111,21,15,11,2,0.187,0,1,reconnaissance
1,5,3,1,33,0,0.006,0,0,benign
0,19,4,3,25,0,0.01,0,0,benign
57,61,7,4,9,1,0.491,1,0,brute_force
24,48,4,8,3,1,0.36,1,0,brute_force
12,160,8,17,5,1,0.174,1,1,reconnaissance
17,324,82,29,7,2,0.16,0,1,suspicious_data_access
0,6,1,4,16,0,0.001,0,0,benign
1,12,2,4,30,0,0.008,0,0,benign
1,11,3,4,20,0,0.0,0,0,benign
53,41,8,9,6,1,0.627,1,0,brute_force
5,73,23,15,13,1,0.162,1,1,reconnaissance
44,37,7,8,10,0,0.438,1,1,brute_force
59,68,10,6,14,0,0.488,1,0,brute_force
15,103,20,10,8,2,0.21,1,1,reconnaissance
0,3,2,3,31,0,0.011,0,0,benign
63,40,5,8,3,2,0.465,0,1,brute_force
0,13,1,7,33,0,0.036,0,0,benign
0,14,6,1,35,1,0.026,1,0,benign
2,19,2,3,20,0,0.005,0,0,benign
0,17,2,3,30,0,0.01,0,0,benign
1,13,1,3,38,0,0.023,0,0,benign
0,10,4,4,10,0,0.021,0,0,benign
0,3,1,2,36,1,0.023,0,0,benign
2,13,5,3,24,0,0.003,0,0,benign
0,10,5,6,30,0,0.018,0,0,benign
55,60,12,5,4,0,0.506,1,1,brute_force
4,263,69,33,4,3,0.23,1,1,suspicious_data_access
0,8,4,3,31,0,0.001,0,0,benign
49,25,6,7,11,2,0.672,0,0,brute_force
4,293,98,26,3,2,0.279,1,1,suspicious_data_access
11,161,19,21,16,1,0.116,1,1,reconnaissance
2,12,1,2,14,0,0.013,1,0,benign
79,38,15,7,6,2,0.342,1,0,brute_force
0,5,2,1,16,0,0.022,0,0,benign
0,13,3,6,31,0,0.006,0,0,benign
6,186,19,14,18,2,0.183,0,1,reconnaissance
0,19,1,4,21,0,0.051,0,0,benign
0,13,4,1,25,0,0.007,0,0,benign
0,14,4,5,31,0,0.003,0,0,benign
1,5,5,3,23,0,0.001,0,0,benign
10,259,74,37,4,4,0.372,0,1,suspicious_data_access
4,362,154,18,5,2,0.329,1,1,suspicious_data_access
50,83,15,8,8,1,0.668,1,0,brute_force
12,234,145,33,3,3,0.286,1,1,suspicious_data_access
0,15,3,4,28,0,0.003,0,0,benign
14,166,20,19,9,2,0.23,1,1,reconnaissance
72,41,13,6,9,1,0.5,1,0,brute_force
12,215,123,30,7,2,0.345,1,1,suspicious_data_access
1,16,1,2,18,0,0.021,0,0,benign
0,7,3,2,33,0,0.004,0,0,benign
16,171,25,12,11,2,0.243,0,1,reconnaissance
1,14,1,1,13,0,0.049,0,0,benign
0,18,4,3,39,0,0.016,0,0,benign
13,84,28,19,16,2,0.167,0,1,reconnaissance
0,6,1,4,31,0,0.023,0,0,benign
1,12,2,6,42,0,0.019,0,0,benign
39,68,17,4,13,0,0.524,1,0,brute_force
0,11,3,3,36,0,0.003,0,0,benign
1,3,4,6,54,0,0.06,0,0,benign
1,16,6,4,27,1,0.008,0,0,benign
44,46,13,8,5,1,0.5,1,0,brute_force
12,303,111,33,6,2,0.45,0,1,suspicious_data_access
14,214,74,27,3,4,0.418,1,1,suspicious_data_access
33,58,6,6,6,0,0.75,1,0,brute_force
4,246,101,18,6,2,0.12,1,1,suspicious_data_access
0,9,5,2,33,0,0.047,0,0,benign
48,40,14,6,13,1,0.408,0,0,brute_force
0,12,4,2,47,0,0.007,0,0,benign
7,90,29,15,8,1,0.156,0,1,reconnaissance
2,10,4,4,30,0,0.016,0,0,benign
12,261,68,23,3,4,0.281,1,1,suspicious_data_access
0,14,2,2,28,0,0.001,0,0,benign
1,18,1,6,30,1,0.038,0,0,benign
0,10,6,1,33,0,0.003,0,0,benign
3,131,25,11,17,1,0.174,1,1,reconnaissance
10,97,15,22,17,2,0.219,1,1,reconnaissance
34,31,8,3,7,1,0.35,1,1,brute_force
10,66,17,19,21,2,0.2,1,1,reconnaissance
35,51,4,8,4,2,0.573,0,1,brute_force
0,10,6,5,26,0,0.0,0,0,benign
17,324,128,36,4,3,0.287,1,1,suspicious_data_access
0,15,3,3,39,0,0.005,0,0,benign
3,14,1,7,13,0,0.029,0,0,benign
6,60,20,14,10,1,0.162,0,1,reconnaissance
0,5,2,6,40,0,0.036,0,0,benign
0,7,6,1,25,0,0.014,0,0,benign
6,360,93,41,2,4,0.191,1,1,suspicious_data_access
22,37,10,6,9,2,0.353,0,1,brute_force
0,11,2,4,30,0,0.026,0,0,benign
0,12,3,4,48,0,0.001,0,0,benign
0,7,3,4,23,0,0.03,0,0,benign
9,354,50,25,2,3,0.184,1,1,suspicious_data_access
56,25,17,7,5,2,0.594,0,1,brute_force
61,25,14,6,6,0,0.599,0,0,brute_force
1,11,4,1,56,0,0.033,0,0,benign
1,3,1,5,14,0,0.015,0,0,benign
0,10,4,4,10,1,0.001,0,0,benign
0,12,3,4,37,0,0.011,0,0,benign
0,3,2,3,28,0,0.009,0,0,benign
2,18,1,1,24,0,0.014,0,0,benign
1,7,1,5,29,0,0.012,0,0,benign
0,17,2,5,13,0,0.007,0,0,benign
0,15,2,3,19,0,0.01,0,0,benign
39,56,7,9,10,0,0.402,0,0,brute_force
0,3,4,4,40,0,0.002,1,0,benign
0,19,1,4,26,0,0.016,0,0,benign
7,282,132,36,4,4,0.276,1,1,suspicious_data_access
2,11,2,2,21,0,0.026,0,0,benign
2,14,3,4,25,1,0.017,0,0,benign
3,101,13,19,25,1,0.215,1,1,reconnaissance
0,18,1,4,34,1,0.005,0,0,benign
73,66,14,4,8,0,0.563,1,0,brute_force
4,271,107,26,4,3,0.169,1,1,suspicious_data_access
0,14,2,3,28,1,0.032,0,0,benign
0,12,1,3,41,1,0.017,0,0,benign
4,266,129,18,6,4,0.251,1,1,suspicious_data_access
11,90,18,22,8,1,0.08,1,1,reconnaissance
0,3,2,5,15,0,0.017,0,0,benign
13,118,15,19,16,2,0.151,1,1,reconnaissance
0,5,2,8,38,0,0.02,0,0,benign
1,14,4,2,31,0,0.007,0,0,benign
0,8,2,4,49,0,0.01,0,0,benign
4,378,60,18,6,2,0.353,1,1,suspicious_data_access
4,194,107,21,3,4,0.355,1,1,suspicious_data_access
17,319,107,33,6,3,0.314,1,1,suspicious_data_access
0,10,3,3,21,0,0.005,0,0,benign
1,13,3,3,24,0,0.0,0,0,benign
1,13,1,8,27,0,0.059,0,0,benign
33,55,8,4,15,2,0.376,0,0,brute_force
28,71,8,6,4,2,0.726,1,0,brute_force
27,50,14,5,7,1,0.311,1,1,brute_force
69,50,6,5,6,0,0.366,1,0,brute_force
0,17,2,3,43,0,0.023,0,0,benign
6,205,53,25,6,2,0.235,1,1,suspicious_data_access
0,20,3,6,20,0,0.005,0,0,benign
1,19,2,4,39,0,0.005,0,0,benign
1,20,1,6,22,0,0.003,0,0,benign
0,3,4,3,26,0,0.06,0,0,benign
0,13,2,6,33,0,0.003,0,0,benign
0,9,2,3,33,0,0.006,0,0,benign
14,160,124,38,5,2,0.275,1,1,suspicious_data_access
0,5,4,4,24,0,0.004,0,0,benign
10,96,23,12,22,1,0.246,1,1,reconnaissance
66,58,13,8,3,2,0.499,0,0,brute_force
4,232,61,28,4,3,0.242,1,1,suspicious_data_access
6,125,11,10,14,2,0.243,0,1,reconnaissance
5,331,168,26,9,3,0.346,1,1,suspicious_data_access
0,4,4,6,21,1,0.012,0,0,benign
1,6,3,4,49,0,0.033,0,0,benign
0,5,1,4,25,0,0.003,0,0,benign
0,4,1,3,20,0,0.018,0,0,benign
11,118,8,28,18,1,0.116,0,1,reconnaissance
59,73,8,5,4,2,0.477,1,0,brute_force
7,113,11,12,22,2,0.195,0,1,reconnaissance
7,149,27,14,8,1,0.209,0,1,reconnaissance
0,17,1,3,39,0,0.002,0,0,benign
1,18,3,3,41,0,0.007,1,0,benign
0,18,5,3,39,0,0.005,0,0,benign
0,7,2,4,48,0,0.004,0,0,benign
10,60,30,14,15,1,0.169,0,1,reconnaissance
53,55,18,6,10,1,0.502,0,0,brute_force
14,102,9,22,13,1,0.241,1,1,reconnaissance
0,12,1,2,47,0,0.011,0,0,benign
0,15,1,3,29,0,0.002,0,0,benign
0,12,3,4,25,0,0.008,0,0,benign
58,25,4,6,8,1,0.659,0,0,brute_force
9,118,16,18,13,1,0.138,1,1,reconnaissance
0,8,2,5,16,0,0.007,0,0,benign
58,53,12,5,9,2,0.37,1,1,brute_force
1,19,2,4,25,0,0.017,0,0,benign
22,32,6,8,6,1,0.618,1,0,brute_force
15,155,18,19,18,1,0.222,0,1,reconnaissance
0,17,3,6,55,0,0.001,0,0,benign
0,16,4,2,33,0,0.019,0,0,benign
0,10,5,3,20,0,0.003,0,0,benign
63,58,15,6,10,1,0.288,1,1,brute_force
9,224,54,29,3,4,0.354,1,1,suspicious_data_access
23,55,10,7,8,1,0.516,0,1,brute_force
2,14,2,2,30,1,0.004,0,0,benign
11,135,22,18,14,1,0.213,0,1,reconnaissance
0,3,1,4,45,0,0.003,0,0,benign
14,159,18,21,13,1,0.182,0,1,reconnaissance
11,60,14,10,18,1,0.179,0,1,reconnaissance
0,10,1,5,21,1,0.008,0,0,benign
54,33,9,9,8,0,0.491,1,0,brute_force
0,7,2,5,28,0,0.032,0,0,benign
5,323,106,35,5,3,0.269,1,1,suspicious_data_access
4,218,115,18,6,3,0.12,1,1,suspicious_data_access
1,23,3,3,28,0,0.01,0,0,benign
0,18,3,3,35,0,0.011,0,0,benign
1,9,3,3,10,0,0.005,0,0,benign
68,40,5,5,9,1,0.506,1,1,brute_force
0,11,6,5,33,0,0.0,0,0,benign
53,71,13,6,9,0,0.68,1,1,brute_force
0,3,1,4,44,0,0.015,0,0,benign
60,48,7,10,9,2,0.411,0,0,brute_force
0,13,2,4,27,0,0.016,0,0,benign
64,25,8,3,8,2,0.75,1,0,brute_force
5,375,142,30,5,3,0.187,1,1,suspicious_data_access
0,11,1,3,37,1,0.002,0,0,benign
0,18,2,5,28,0,0.044,0,0,benign
6,397,112,44,5,3,0.26,1,1,suspicious_data_access
0,10,4,4,32,0,0.013,0,0,benign
12,136,20,14,15,1,0.273,1,1,reconnaissance
10,112,20,30,15,1,0.212,1,1,reconnaissance
0,9,3,4,24,0,0.0,0,0,benign
13,331,172,44,6,3,0.325,1,1,suspicious_data_access
6,110,12,15,13,1,0.2,1,1,reconnaissance
44,58,8,6,8,1,0.29,1,0,brute_force
0,12,3,4,44,0,0.015,0,0,benign
5,332,91,21,5,4,0.372,1,1,suspicious_data_access
1,17,1,1,25,0,0.001,0,0,benign
0,25,2,3,33,0,0.009,0,0,benign
0,3,3,2,27,0,0.004,0,0,benign
0,12,1,4,39,0,0.041,0,0,benign
9,273,88,39,2,3,0.305,0,1,suspicious_data_access
0,11,1,4,11,0,0.018,0,0,benign
0,6,4,4,31,0,0.002,0,0,benign
0,14,3,4,33,0,0.009,0,0,benign
42,62,10,7,5,0,0.428,1,0,brute_force
13,268,68,28,8,3,0.423,1,1,suspicious_data_access
0,16,1,2,26,0,0.002,0,0,benign
14,254,100,35,4,2,0.296,1,1,suspicious_data_access
6,244,118,28,5,4,0.161,1,1,suspicious_data_access
51,61,13,3,7,2,0.364,0,1,brute_force
0,3,1,2,32,0,0.004,0,0,benign
65,49,10,7,8,0,0.422,0,1,brute_force
15,124,10,13,16,1,0.23,1,1,reconnaissance
1,8,1,5,46,0,0.012,0,0,benign
0,7,5,6,43,0,0.001,0,0,benign
7,339,112,35,8,3,0.186,1,1,suspicious_data_access
4,242,84,33,5,3,0.269,1,1,suspicious_data_access
1,10,3,2,27,0,0.011,0,0,benign
0,15,2,1,31,0,0.002,0,0,benign
7,306,91,32,4,3,0.314,0,1,suspicious_data_access
4,393,147,28,3,4,0.246,1,1,suspicious_data_access
4,223,101,34,6,2,0.409,1,1,suspicious_data_access
0,14,1,2,22,0,0.044,0,0,benign
1,12,4,5,33,0,0.006,0,0,benign
29,52,10,8,8,0,0.506,0,0,brute_force
5,107,15,18,19,2,0.173,1,1,reconnaissance
1,3,2,4,19,0,0.025,0,0,benign
1,18,2,1,32,0,0.013,0,0,benign
6,162,20,11,9,1,0.181,1,1,reconnaissance
0,12,5,2,39,0,0.009,0,0,benign
7,88,17,12,14,2,0.17,1,1,reconnaissance
16,370,140,38,4,3,0.271,1,1,suspicious_data_access
15,86,8,18,15,1,0.198,1,1,reconnaissance
7,193,11,18,16,1,0.212,0,1,reconnaissance
0,5,3,3,41,0,0.026,0,0,benign
24,62,10,3,3,0,0.413,1,1,brute_force
0,14,2,4,15,0,0.012,0,0,benign
1,8,4,4,21,0,0.008,0,0,benign
0,7,2,4,48,0,0.0,0,0,benign
4,199,116,31,6,3,0.339,1,1,suspicious_data_access
37,40,6,8,3,1,0.28,1,0,brute_force
15,364,161,30,2,2,0.272,1,1,suspicious_data_access
3,18,2,6,26,0,0.033,0,0,benign
4,224,141,27,3,3,0.409,1,1,suspicious_data_access
1,12,1,1,32,1,0.007,0,0,benign
0,3,3,7,22,0,0.015,0,0,benign
1,9,6,3,18,1,0.011,0,0,benign
14,320,116,34,4,2,0.292,1,1,suspicious_data_access
2,10,2,4,41,0,0.011,0,0,benign
15,357,129,29,3,2,0.278,1,1,suspicious_data_access
0,13,2,3,23,0,0.013,0,0,benign
18,380,127,22,8,3,0.316,1,1,suspicious_data_access
66,72,12,4,3,1,0.529,1,0,brute_force
0,3,3,5,17,0,0.032,0,0,benign
0,9,2,2,14,0,0.013,0,0,benign
0,12,4,4,23,0,0.005,0,0,benign
0,5,4,4,26,0,0.049,0,0,benign
5,290,120,32,6,3,0.219,1,1,suspicious_data_access
63,66,12,7,9,1,0.524,1,1,brute_force
14,367,124,24,2,3,0.165,1,1,suspicious_data_access
0,7,1,5,29,0,0.019,0,0,benign
15,96,18,19,10,1,0.159,1,1,reconnaissance
22,65,8,7,4,1,0.742,0,0,brute_force
7,127,12,25,7,1,0.242,1,1,reconnaissance
3,159,8,15,18,1,0.162,1,1,reconnaissance
0,8,2,2,31,0,0.0,0,0,benign
10,193,50,44,3,2,0.231,0,1,suspicious_data_access
60,30,15,4,10,1,0.378,1,0,brute_force
8,314,84,22,3,3,0.379,1,1,suspicious_data_access
0,13,3,4,22,0,0.0,0,0,benign
0,15,1,3,23,0,0.006,0,0,benign
0,12,1,5,52,0,0.006,0,0,benign
0,20,1,2,15,0,0.002,0,0,benign
1,16,1,6,38,0,0.002,0,0,benign
0,21,6,2,26,1,0.029,0,0,benign
0,18,2,2,35,0,0.003,0,0,benign
1,13,3,3,23,0,0.01,0,0,benign
13,323,96,38,5,3,0.368,1,1,suspicious_data_access
19,125,15,30,15,2,0.23,1,1,reconnaissance
11,216,20,18,17,1,0.182,0,1,reconnaissance
1,6,1,3,22,0,0.006,0,0,benign
0,5,1,5,37,0,0.001,0,0,benign
3,153,27,21,13,1,0.21,1,1,reconnaissance
48,67,9,5,8,0,0.475,0,0,brute_force
0,11,4,5,26,0,0.002,0,0,benign
12,213,62,45,2,2,0.412,1,1,suspicious_data_access
6,140,25,14,13,1,0.136,0,1,reconnaissance
9,364,170,32,4,3,0.358,1,1,suspicious_data_access
10,265,100,29,4,2,0.447,0,1,suspicious_data_access
14,264,87,32,3,3,0.227,0,1,suspicious_data_access
0,12,1,6,14,0,0.004,0,0,benign
12,119,16,16,14,1,0.127,0,1,reconnaissance
0,14,3,1,22,1,0.03,0,0,benign
40,71,4,4,7,1,0.542,0,0,brute_force
9,127,31,20,14,1,0.132,1,1,reconnaissance
0,11,4,4,34,0,0.004,0,0,benign
11,326,101,35,4,2,0.338,1,1,suspicious_data_access
0,12,5,2,36,0,0.017,0,0,benign
3,77,9,12,11,1,0.156,1,1,reconnaissance
13,290,110,30,4,4,0.28,1,1,suspicious_data_access
0,8,2,1,30,0,0.004,0,0,benign
0,19,3,3,42,0,0.005,0,0,benign
0,11,2,6,33,0,0.007,0,0,benign
0,5,2,2,25,0,0.036,1,0,benign
8,162,16,23,11,1,0.23,1,1,reconnaissance
12,112,9,19,16,1,0.216,1,1,reconnaissance
47,72,4,6,5,2,0.604,1,1,brute_force
11,128,18,22,13,1,0.192,1,1,reconnaissance
0,6,5,2,23,0,0.006,0,0,benign
8,436,101,31,5,2,0.27,1,1,suspicious_data_access
11,112,34,10,5,1,0.143,1,1,reconnaissance
50,85,8,7,15,0,0.43,1,0,brute_force
16,200,83,31,5,4,0.368,1,1,suspicious_data_access
12,107,35,21,18,1,0.151,0,1,reconnaissance
37,51,9,7,5,1,0.649,1,0,brute_force
0,24,1,1,33,0,0.0,0,0,benign
8,122,20,13,12,1,0.184,1,1,reconnaissance
0,12,2,3,11,0,0.024,0,0,benign
50,25,7,8,7,1,0.554,1,1,brute_force
15,386,69,34,4,2,0.163,0,1,suspicious_data_access
1,13,2,1,29,0,0.009,0,0,benign
0,10,2,3,36,0,0.048,0,0,benign
10,130,14,13,15,1,0.191,0,1,reconnaissance
0,15,2,3,39,0,0.004,0,0,benign
7,166,8,22,11,1,0.142,1,1,reconnaissance
8,403,99,35,8,3,0.291,1,1,suspicious_data_access
22,59,6,9,8,1,0.416,1,0,brute_force
54,36,9,8,6,1,0.537,1,0,brute_force
0,11,1,4,26,0,0.019,0,0,benign
0,15,6,5,30,0,0.001,0,0,benign
53,77,4,7,8,1,0.492,1,0,brute_force
0,9,1,5,26,0,0.022,0,0,benign
2,14,4,3,22,0,0.003,0,0,benign
8,288,136,44,6,4,0.181,1,1,suspicious_data_access
0,9,2,4,28,0,0.027,0,0,benign
3,119,15,14,14,1,0.152,1,1,reconnaissance
37,47,10,5,3,1,0.642,1,0,brute_force
10,106,11,14,18,1,0.192,1,1,reconnaissance
50,60,6,8,3,1,0.628,1,1,brute_force
0,14,2,3,17,0,0.009,0,0,benign
68,60,20,6,8,2,0.426,1,0,brute_force
14,143,27,23,15,1,0.172,1,1,reconnaissance
1,10,3,5,22,0,0.006,0,0,benign
0,15,3,4,32,0,0.008,0,0,benign
2,8,2,6,31,0,0.006,0,0,benign
1,16,3,4,37,0,0.018,0,0,benign
11,299,106,30,4,3,0.393,1,1,suspicious_data_access
0,13,4,3,34,0,0.0,0,0,benign
0,6,3,1,41,0,0.006,0,0,benign
10,111,18,16,10,1,0.155,0,1,reconnaissance
0,11,2,1,28,0,0.003,0,0,benign
1,13,3,2,31,0,0.005,0,0,benign
1,15,3,4,17,0,0.014,0,0,benign
6,321,131,26,4,2,0.323,1,1,suspicious_data_access
0,7,3,2,23,0,0.002,0,0,benign
7,324,88,27,3,4,0.142,1,1,suspicious_data_access
0,13,3,4,23,0,0.005,0,0,benign
0,13,1,3,34,0,0.021,0,0,benign
11,76,21,20,19,1,0.214,1,1,reconnaissance
7,275,92,30,4,3,0.298,1,1,suspicious_data_access
1,23,3,4,34,0,0.007,1,0,benign
0,12,3,1,41,0,0.032,0,0,benign
1,3,1,6,26,1,0.001,0,0,benign
4,130,21,19,10,2,0.124,1,1,reconnaissance
0,10,4,3,34,0,0.0,0,0,benign
1,9,2,3,20,0,0.008,0,0,benign
14,128,15,19,15,1,0.154,1,1,reconnaissance
2,9,3,1,27,0,0.009,0,0,benign
6,273,164,21,5,4,0.21,1,1,suspicious_data_access
33,60,9,7,7,0,0.464,0,1,brute_force
0,12,2,2,28,0,0.002,0,0,benign
4,251,141,33,5,2,0.228,1,1,suspicious_data_access
0,6,4,2,26,0,0.01,0,0,benign
11,282,86,33,4,3,0.162,1,1,suspicious_data_access
7,122,11,26,19,1,0.153,1,1,reconnaissance
0,3,3,3,18,0,0.018,0,0,benign
6,136,27,22,17,1,0.173,0,1,reconnaissance
0,9,1,3,14,0,0.019,0,0,benign
10,211,82,40,5,4,0.354,1,1,suspicious_data_access
10,250,64,41,6,4,0.36,0,1,suspicious_data_access
0,12,3,4,16,0,0.008,0,0,benign
9,89,21,23,13,2,0.187,1,1,reconnaissance
1,3,1,5,29,0,0.008,0,0,benign
0,14,4,5,33,0,0.038,0,0,benign
1,21,3,5,31,0,0.002,0,0,benign
10,286,95,27,5,3,0.371,1,1,suspicious_data_access
0,16,4,4,20,0,0.007,0,0,benign
0,12,3,4,10,0,0.06,0,0,benign
2,9,3,1,36,0,0.026,0,0,benign
0,6,2,1,35,0,0.01,0,0,benign
0,5,1,4,31,0,0.025,0,0,benign
0,19,1,3,53,0,0.06,0,0,benign
2,3,1,4,31,0,0.009,0,0,benign
0,19,2,5,30,0,0.01,0,0,benign
53,38,4,6,3,2,0.28,0,0,brute_force
64,34,14,8,12,2,0.546,1,0,brute_force
0,17,3,6,19,0,0.01,0,0,benign
0,13,4,2,23,0,0.015,0,0,benign
0,22,2,6,10,0,0.018,0,0,benign
13,229,118,33,4,3,0.305,1,1,suspicious_data_access
5,60,28,17,20,1,0.223,0,1,reconnaissance
4,258,111,22,6,3,0.375,0,1,suspicious_data_access
0,10,2,3,24,0,0.028,0,0,benign
14,141,24,13,10,1,0.191,0,1,reconnaissance
1,13,3,2,27,0,0.004,0,0,benign
1,10,3,2,48,0,0.004,0,0,benign
0,15,5,2,43,0,0.017,0,0,benign
9,291,110,29,6,3,0.287,0,1,suspicious_data_access
15,311,101,19,3,3,0.441,1,1,suspicious_data_access
2,4,3,6,24,0,0.003,0,0,benign
0,11,2,6,43,0,0.002,0,0,benign
0,3,3,4,26,0,0.003,0,0,benign
42,59,11,9,7,2,0.553,1,0,brute_force
5,342,116,25,6,2,0.267,1,1,suspicious_data_access
3,13,3,2,26,1,0.011,0,0,benign
43,68,10,7,6,2,0.449,0,0,brute_force
27,52,7,8,12,1,0.686,1,1,brute_force
70,48,10,9,10,1,0.478,1,0,brute_force
16,96,20,18,15,1,0.107,1,1,reconnaissance
14,299,117,30,7,3,0.308,0,1,suspicious_data_access
11,247,123,18,4,2,0.292,1,1,suspicious_data_access
2,11,2,2,45,0,0.021,0,0,benign
0,3,5,5,32,0,0.009,0,0,benign
56,40,13,6,3,1,0.534,0,0,brute_force
0,12,3,3,16,0,0.007,0,0,benign
1,10,4,3,24,0,0.009,0,0,benign
15,340,56,34,2,4,0.285,1,1,suspicious_data_access
0,10,3,7,37,0,0.056,0,0,benign
58,61,9,4,4,2,0.384,1,0,brute_force
13,441,87,24,7,3,0.29,1,1,suspicious_data_access
22,68,9,6,3,0,0.499,1,0,brute_force
1,19,2,1,38,0,0.013,0,0,benign
13,189,31,11,17,1,0.147,0,1,reconnaissance
0,3,5,2,21,0,0.013,0,0,benign
0,17,3,3,29,0,0.002,0,0,benign
2,15,4,2,24,0,0.01,0,0,benign
5,260,121,18,7,2,0.304,1,1,suspicious_data_access
22,74,11,7,11,1,0.349,1,0,brute_force
2,12,4,7,35,0,0.016,0,0,benign
0,3,6,3,32,0,0.008,0,0,benign
22,59,4,7,3,1,0.537,1,1,brute_force
7,96,24,13,11,1,0.08,1,1,reconnaissance
0,10,4,4,34,0,0.018,0,0,benign
0,17,2,4,21,0,0.015,0,0,benign
0,12,1,4,34,0,0.017,0,0,benign
47,46,4,7,6,1,0.527,1,0,brute_force
0,5,1,4,19,0,0.007,0,0,benign
0,8,3,4,24,0,0.027,0,0,benign
22,57,14,4,8,1,0.455,1,0,brute_force
4,222,108,31,4,3,0.191,1,1,suspicious_data_access
4,278,144,35,4,3,0.268,1,1,suspicious_data_access
0,14,1,6,25,0,0.028,0,0,benign
59,26,7,5,5,0,0.709,1,1,brute_force
0,12,4,4,32,0,0.012,0,0,benign
86,69,5,5,14,0,0.474,1,0,brute_force
0,16,2,2,45,0,0.007,0,0,benign
0,20,1,6,26,0,0.002,0,0,benign
42,64,11,8,9,0,0.563,1,1,brute_force
17,174,20,25,21,1,0.184,1,1,reconnaissance
30,54,9,4,10,1,0.562,1,0,brute_force
10,98,19,19,14,1,0.106,0,1,reconnaissance
0,8,3,1,33,0,0.043,0,0,benign
1,11,4,3,33,0,0.016,0,0,benign
3,90,17,20,7,2,0.131,1,1,reconnaissance
2,18,1,1,18,0,0.01,0,0,benign
19,295,112,34,7,2,0.355,1,1,suspicious_data_access
11,202,114,27,5,2,0.169,1,1,suspicious_data_access
37,66,13,4,9,0,0.362,1,0,brute_force
1,4,4,4,26,0,0.019,0,0,benign
7,110,28,22,10,1,0.127,0,1,reconnaissance
0,13,3,3,29,0,0.026,0,0,benign
17,68,11,12,10,2,0.196,1,1,reconnaissance
18,282,50,28,7,4,0.273,1,1,suspicious_data_access
3,130,15,13,8,1,0.188,0,1,reconnaissance
7,161,146,31,4,2,0.174,0,1,suspicious_data_access
13,81,26,15,10,1,0.15,0,1,reconnaissance
0,12,3,3,43,0,0.032,0,0,benign
0,3,4,2,28,0,0.032,0,0,benign
10,142,22,11,19,1,0.244,0,1,reconnaissance
2,20,3,3,22,0,0.014,0,0,benign
2,6,5,4,34,0,0.022,0,0,benign
1,13,2,4,34,0,0.007,0,0,benign
36,59,6,7,5,0,0.433,1,0,brute_force
0,3,1,2,19,0,0.019,0,0,benign
0,10,1,6,11,0,0.021,0,0,benign
4,252,84,23,5,3,0.321,1,1,suspicious_data_access
0,19,1,3,37,0,0.01,0,0,benign
68,42,6,6,6,1,0.338,0,0,brute_force
11,96,23,13,12,1,0.275,0,1,reconnaissance
0,14,3,2,11,0,0.024,0,0,benign
3,4,3,3,36,0,0.003,0,0,benign
59,77,16,8,10,0,0.464,1,0,brute_force
0,23,2,3,10,0,0.001,0,0,benign
8,123,14,11,13,1,0.266,1,1,reconnaissance
2,15,1,4,14,0,0.018,0,0,benign
11,335,121,39,6,2,0.282,1,1,suspicious_data_access
0,16,6,4,10,0,0.003,0,0,benign
0,14,2,3,32,0,0.005,0,0,benign
9,60,16,22,20,1,0.138,0,1,reconnaissance
0,15,1,5,40,1,0.011,0,0,benign
9,152,23,22,10,2,0.14,0,1,reconnaissance
0,3,1,3,44,0,0.005,0,0,benign
1,6,2,6,26,0,0.012,1,0,benign
0,12,4,5,23,0,0.018,0,0,benign
1,20,4,4,34,0,0.04,0,0,benign
46,31,10,8,9,1,0.374,0,0,brute_force
10,122,21,15,9,2,0.211,0,1,reconnaissance
0,11,5,6,26,0,0.0,0,0,benign
1,14,1,4,35,0,0.002,0,0,benign
0,20,4,5,38,0,0.01,0,0,benign
16,237,105,40,3,3,0.364,1,1,suspicious_data_access
0,17,1,2,39,0,0.003,0,0,benign
11,145,33,19,14,1,0.135,1,1,reconnaissance
0,14,4,3,26,0,0.056,0,0,benign
12,168,11,15,21,1,0.167,1,1,reconnaissance
0,14,4,7,40,0,0.005,0,0,benign
0,15,3,3,33,1,0.001,0,0,benign
0,8,2,4,44,0,0.001,0,0,benign
27,50,10,5,6,1,0.633,1,0,brute_force
11,129,23,19,16,1,0.171,1,1,reconnaissance
3,11,1,3,10,0,0.017,0,0,benign
0,11,3,2,25,0,0.022,0,0,benign
0,15,2,4,28,0,0.031,0,0,benign
53,40,5,7,6,2,0.452,1,0,brute_force
16,275,144,32,6,2,0.391,1,1,suspicious_data_access
0,22,3,6,22,0,0.005,0,0,benign
4,348,108,26,6,2,0.261,0,1,suspicious_data_access
14,323,135,31,7,4,0.285,1,1,suspicious_data_access
1,8,4,2,19,1,0.013,0,0,benign
18,111,21,11,15,2,0.081,1,1,reconnaissance
4,253,86,44,8,4,0.338,1,1,suspicious_data_access
6,132,12,19,11,2,0.08,1,1,reconnaissance
0,13,5,2,48,0,0.007,0,0,benign
1,22,3,3,33,0,0.001,0,0,benign
33,41,13,4,7,2,0.622,1,0,brute_force
14,365,91,21,3,3,0.257,1,1,suspicious_data_access
3,9,1,5,42,0,0.011,0,0,benign
22,50,8,6,8,1,0.475,1,1,brute_force
0,17,4,2,26,0,0.018,0,0,benign
8,158,19,15,10,1,0.213,1,1,reconnaissance
0,12,3,4,31,0,0.014,0,0,benign
38,66,10,6,5,1,0.434,1,0,brute_force
66,75,7,8,7,1,0.68,1,1,brute_force
11,395,87,30,3,2,0.304,1,1,suspicious_data_access
45,42,9,7,9,2,0.68,0,1,brute_force
14,83,19,15,18,2,0.154,1,1,reconnaissance
1,12,2,2,30,0,0.014,0,0,benign
9,187,28,15,14,1,0.18,0,1,reconnaissance
3,108,24,20,21,1,0.137,1,1,reconnaissance
0,10,2,1,20,0,0.022,0,0,benign
3,60,21,24,15,1,0.211,1,1,reconnaissance
0,17,3,2,40,0,0.019,0,0,benign
11,157,13,24,14,1,0.192,1,1,reconnaissance
66,53,4,7,10,1,0.497,1,0,brute_force
13,108,30,22,14,1,0.192,0,1,reconnaissance
0,13,2,4,28,0,0.015,0,0,benign
22,219,134,38,5,3,0.228,1,1,suspicious_data_access
2,14,2,4,19,0,0.01,0,0,benign
47,25,19,6,6,0,0.493,1,0,brute_force
1,9,1,3,28,0,0.029,0,0,benign
6,135,14,10,10,2,0.142,1,1,reconnaissance
0,13,4,4,38,0,0.006,0,0,benign
11,295,132,28,4,3,0.262,1,1,suspicious_data_access
44,72,15,6,10,2,0.544,1,0,brute_force
32,64,12,11,13,0,0.34,1,1,brute_force
0,17,1,1,25,0,0.009,0,0,benign
9,101,32,11,14,2,0.206,0,1,reconnaissance
0,12,1,4,53,0,0.03,0,0,benign
52,63,20,6,8,1,0.732,1,0,brute_force
18,285,92,38,4,2,0.187,1,1,suspicious_data_access
15,135,23,25,18,1,0.138,1,1,reconnaissance
28,66,12,8,6,0,0.739,1,0,brute_force
0,11,5,6,32,0,0.008,0,0,benign
0,12,3,1,35,0,0.013,0,0,benign
40,65,9,6,5,1,0.503,1,0,brute_force
0,3,1,4,38,0,0.006,0,0,benign
6,142,13,10,12,1,0.236,0,1,reconnaissance
0,13,4,4,17,0,0.016,0,0,benign
4,342,57,20,3,2,0.301,1,1,suspicious_data_access
1,13,4,2,43,0,0.009,0,0,benign
0,17,6,2,34,0,0.003,0,0,benign
11,112,19,17,11,1,0.262,0,1,reconnaissance
0,3,4,1,37,0,0.004,0,0,benign
0,16,3,4,35,0,0.039,0,0,benign
8,135,29,17,13,1,0.214,0,1,reconnaissance
60,68,9,9,7,1,0.525,0,1,brute_force
11,363,95,30,3,3,0.328,0,1,suspicious_data_access
0,15,1,4,33,0,0.05,0,0,benign
5,136,25,17,19,2,0.167,1,1,reconnaissance
0,8,1,3,38,0,0.011,0,0,benign
16,320,73,33,2,3,0.409,1,1,suspicious_data_access
0,6,4,3,13,0,0.002,0,0,benign
0,11,3,2,46,0,0.06,0,0,benign
39,47,8,7,5,1,0.419,1,1,brute_force
12,370,70,26,6,3,0.303,1,1,suspicious_data_access
11,298,72,45,3,3,0.315,1,1,suspicious_data_access
17,132,28,17,13,2,0.235,0,1,reconnaissance
0,20,2,4,28,0,0.007,0,0,benign
0,11,3,4,21,0,0.016,0,0,benign
0,5,2,3,45,0,0.007,0,0,benign
0,12,1,5,32,0,0.006,0,0,benign
12,132,19,13,13,2,0.229,0,1,reconnaissance
0,7,2,1,10,0,0.013,0,0,benign
6,309,52,35,2,3,0.12,1,1,suspicious_data_access
0,14,1,2,45,0,0.003,0,0,benign
0,17,4,3,24,0,0.006,0,0,benign
0,3,2,4,19,0,0.02,0,0,benign
0,8,2,5,28,0,0.027,0,0,benign
4,320,116,32,5,3,0.219,1,1,suspicious_data_access
7,291,78,24,5,3,0.407,0,1,suspicious_data_access
