patient_id,failed_login_rate,request_rate,total_records_accessed,unique_endpoints,endpoint_discovery_count,suspicious_download_count,data_export_count,privilege_escalation_count,device_change_count,night_activity_count,error_rate,anomalous_event_count,unique_sessions,unique_devices,average_response_time_ms,behavior_class,is_anomalous
TRAIN_P1341,0.0441,0.0234,141,7,0,0,0,0,0,34,0.0192,0,4,1,311.54,NORMAL,0
TRAIN_P1602,0.0518,0.0153,204,8,0,0,0,0,0,35,0.0234,0,4,1,379.85,NORMAL,0
TRAIN_P3550,0.0502,0.0887,1160,14,5,2,1,8,3,37,0.0487,15,10,3,638.19,PRIVILEGE_ABUSE,1
TRAIN_P3576,0.1429,0.0893,1116,15,2,0,0,7,4,66,0.1,20,15,4,403.44,PRIVILEGE_ABUSE,1
TRAIN_P0212,0.0525,0.0244,126,9,0,0,0,0,0,40,0.015,0,2,1,449.41,NORMAL,0
TRAIN_P3516,0.1014,0.0828,1518,15,3,3,0,9,4,53,0.037,11,7,4,529.34,PRIVILEGE_ABUSE,1
TRAIN_P1466,0.0393,0.0196,74,11,0,0,0,0,1,22,0.0145,0,4,1,505.17,NORMAL,0
TRAIN_P0135,0.0503,0.0187,179,9,0,0,0,0,0,20,0.019,0,4,1,328.34,NORMAL,0
TRAIN_P2678,0.0562,0.0635,386,14,7,0,0,0,0,45,0.0655,10,5,2,466.42,RECONNAISSANCE,1
TRAIN_P1743,0.0494,0.0207,194,8,1,0,0,0,0,27,0.0093,0,5,1,370.32,NORMAL,0
TRAIN_P2317,0.5253,0.0637,223,10,1,0,0,0,0,50,0.2209,12,2,2,200.0,BRUTE_FORCE,1
TRAIN_P0027,0.011,0.013,121,8,0,0,0,0,0,24,0.01,0,3,1,376.14,NORMAL,0
TRAIN_P0930,0.0235,0.014,200,5,0,0,0,0,0,36,0.017,0,4,1,343.15,NORMAL,0
TRAIN_P0033,0.035,0.0249,175,11,0,0,0,0,0,33,0.0062,0,5,1,369.03,NORMAL,0
TRAIN_P0316,0.0724,0.0194,111,7,1,0,0,0,0,32,0.026,0,5,1,346.79,NORMAL,0
TRAIN_P2708,0.0814,0.0667,361,17,4,0,0,0,2,53,0.1255,8,5,2,386.94,RECONNAISSANCE,1
TRAIN_P2888,0.0394,0.0887,2735,11,2,1,0,0,2,44,0.0391,25,9,3,556.87,SUSPICIOUS_DATA_ACCESS,1
TRAIN_P1510,0.045,0.016,137,8,0,0,0,0,0,18,0.0142,0,4,1,384.59,NORMAL,0
TRAIN_P0271,0.0435,0.0133,133,14,1,0,0,0,0,24,0.0146,0,2,1,389.57,NORMAL,0
TRAIN_P1966,0.0378,0.0108,184,8,0,0,0,0,1,17,0.0225,0,5,1,247.76,NORMAL,0
TRAIN_P0880,0.0351,0.0144,130,7,0,0,0,0,0,23,0.0107,1,4,1,351.14,NORMAL,0
TRAIN_P1925,0.0332,0.0266,149,9,0,0,0,0,0,17,0.0156,0,3,1,428.3,NORMAL,0
TRAIN_P1058,0.0673,0.0216,114,9,0,0,0,0,0,30,0.0208,0,5,2,341.58,NORMAL,0
TRAIN_P2378,0.5535,0.0553,166,10,0,0,0,0,0,33,0.3936,11,6,1,562.23,BRUTE_FORCE,1
TRAIN_P1232,0.0587,0.0131,219,6,0,0,0,0,0,24,0.0222,0,5,1,347.21,NORMAL,0
TRAIN_P0440,0.0522,0.022,209,10,0,0,0,0,0,26,0.0144,0,3,1,436.56,NORMAL,0
TRAIN_P0416,0.0348,0.0167,142,11,0,0,0,0,0,30,0.0155,0,5,1,396.82,NORMAL,0
TRAIN_P0671,0.0173,0.0229,248,8,0,0,0,0,0,29,0.0127,0,5,1,396.9,NORMAL,0
TRAIN_P2844,0.0651,0.0991,2847,13,0,1,0,0,0,33,0.0469,11,11,3,742.18,SUSPICIOUS_DATA_ACCESS,1
TRAIN_P3020,0.0529,0.0758,2382,10,4,1,1,0,0,68,0.0553,16,8,3,388.72,SUSPICIOUS_DATA_ACCESS,1
TRAIN_P0812,0.0404,0.0266,158,10,0,0,0,0,0,21,0.0127,0,3,1,339.84,NORMAL,0
TRAIN_P2358,0.5185,0.0782,212,12,0,0,0,0,0,40,0.215,3,2,2,386.19,BRUTE_FORCE,1
TRAIN_P0180,0.0417,0.016,116,9,0,0,0,0,0,30,0.0075,0,5,1,444.27,NORMAL,0
TRAIN_P2763,0.059,0.0607,2198,13,2,1,0,0,1,62,0.0149,11,6,2,672.33,SUSPICIOUS_DATA_ACCESS,1
TRAIN_P2989,0.072,0.0734,1710,14,2,1,0,0,1,59,0.0495,21,6,2,626.76,SUSPICIOUS_DATA_ACCESS,1
TRAIN_P2457,0.059,0.0346,280,11,7,0,0,0,2,66,0.0857,9,7,2,555.05,RECONNAISSANCE,1
TRAIN_P1227,0.0678,0.0182,210,9,0,0,0,0,0,24,0.014,0,4,1,318.27,NORMAL,0
TRAIN_P1000,0.0255,0.017,40,9,0,0,0,0,0,26,0.0158,0,4,1,392.37,NORMAL,0
TRAIN_P0818,0.0259,0.0187,90,9,0,0,0,0,0,31,0.0154,1,1,1,390.16,NORMAL,0
TRAIN_P0928,0.0502,0.0249,205,11,0,0,0,0,0,31,0.0083,0,3,1,452.55,NORMAL,0
TRAIN_P2697,0.1026,0.0527,392,19,10,0,0,0,0,54,0.1076,10,5,1,589.69,RECONNAISSANCE,1
TRAIN_P3034,0.063,0.089,1941,14,1,2,0,0,1,42,0.0347,14,7,3,569.42,SUSPICIOUS_DATA_ACCESS,1
TRAIN_P2956,0.0598,0.0825,2045,10,2,0,1,0,0,83,0.0445,18,5,3,555.49,SUSPICIOUS_DATA_ACCESS,1
TRAIN_P0121,0.0471,0.0145,165,8,0,0,0,0,0,17,0.0105,0,3,1,409.39,NORMAL,0
TRAIN_P1787,0.0302,0.0136,185,9,0,0,0,0,0,25,0.019,0,3,1,458.16,NORMAL,0
TRAIN_P1404,0.0298,0.021,186,9,0,0,0,0,0,31,0.0063,0,2,1,492.93,NORMAL,0
TRAIN_P0388,0.0342,0.017,94,10,1,0,0,0,0,14,0.0189,0,3,1,414.76,NORMAL,0
TRAIN_P1511,0.0384,0.0231,150,4,0,0,0,0,0,29,0.0007,0,3,1,247.88,NORMAL,0
TRAIN_P2105,0.0487,0.0226,149,9,1,0,0,0,0,41,0.0102,0,4,2,466.9,NORMAL,0
TRAIN_P2963,0.0303,0.0573,2380,13,4,2,0,0,1,67,0.0308,10,8,3,481.38,SUSPICIOUS_DATA_ACCESS,1
TRAIN_P1958,0.0346,0.0127,206,10,0,1,0,0,0,20,0.0133,0,5,1,234.92,NORMAL,0
TRAIN_P0843,0.0266,0.0252,147,7,0,0,0,0,0,20,0.0176,0,2,2,290.06,NORMAL,0
TRAIN_P0185,0.0194,0.0132,89,10,0,0,0,0,0,20,0.0065,0,3,1,366.93,NORMAL,0
TRAIN_P0496,0.032,0.0246,132,11,0,0,0,0,0,32,0.0181,0,2,1,322.32,NORMAL,0
TRAIN_P2212,0.424,0.0828,189,12,0,0,0,0,0,44,0.3321,14,4,1,488.3,BRUTE_FORCE,1
TRAIN_P3202,0.1098,0.1095,3459,11,1,5,7,0,1,64,0.0539,38,8,3,485.51,DATA_EXFILTRATION,1
TRAIN_P0927,0.0262,0.0197,160,7,1,0,0,0,0,16,0.0163,0,4,1,400.07,NORMAL,0
TRAIN_P0462,0.0734,0.0155,170,8,0,0,0,0,0,31,0.0056,0,3,1,418.89,NORMAL,0
TRAIN_P0034,0.07,0.0204,215,6,1,0,0,0,0,11,0.0147,0,3,1,412.25,NORMAL,0
TRAIN_P1794,0.0426,0.0177,180,8,0,0,0,0,1,30,0.01,0,3,1,350.98,NORMAL,0
TRAIN_P0290,0.0126,0.0137,41,10,1,0,0,0,0,26,0.0122,0,2,1,237.09,NORMAL,0
TRAIN_P2590,0.1,0.0538,236,18,5,1,1,0,1,56,0.1139,9,4,2,291.9,RECONNAISSANCE,1
TRAIN_P1540,0.0553,0.0203,112,10,1,0,0,0,0,17,0.0138,0,4,1,442.87,NORMAL,0
TRAIN_P0645,0.0434,0.0229,104,7,0,0,0,0,0,25,0.0087,0,2,1,470.85,NORMAL,0
TRAIN_P0094,0.0641,0.0219,138,9,0,0,0,0,0,22,0.0188,0,3,1,451.59,NORMAL,0
TRAIN_P0970,0.0634,0.0249,162,9,0,0,0,0,0,12,0.017,0,2,1,464.56,NORMAL,0
TRAIN_P1555,0.0283,0.0148,170,8,0,0,0,0,0,42,0.016,0,5,1,462.37,NORMAL,0
TRAIN_P1175,0.0466,0.0198,109,7,0,0,0,0,0,13,0.0188,0,4,1,528.95,NORMAL,0
TRAIN_P2576,0.0606,0.0572,319,15,13,0,0,0,1,64,0.0657,8,4,2,638.37,RECONNAISSANCE,1
TRAIN_P3154,0.1003,0.136,2504,14,3,9,8,0,3,61,0.052,34,10,2,490.4,DATA_EXFILTRATION,1
TRAIN_P0804,0.0387,0.0211,214,11,0,0,0,0,0,23,0.0164,0,4,1,419.85,NORMAL,0
TRAIN_P1475,0.0255,0.0198,122,9,0,0,0,0,0,24,0.0129,1,3,1,467.5,NORMAL,0
TRAIN_P0603,0.051,0.0167,109,8,0,0,0,0,0,12,0.0216,0,4,1,393.32,NORMAL,0
TRAIN_P1965,0.0419,0.0176,142,6,0,0,0,0,0,35,0.0089,0,4,2,254.19,NORMAL,0
TRAIN_P2729,0.094,0.0553,266,14,10,0,0,0,1,39,0.0762,13,6,2,482.14,RECONNAISSANCE,1
TRAIN_P1337,0.0223,0.0208,127,10,0,0,0,0,0,34,0.0189,0,2,1,292.32,NORMAL,0
TRAIN_P0949,0.0509,0.0266,150,7,0,0,0,0,1,28,0.009,0,5,1,440.71,NORMAL,0
TRAIN_P3177,0.0625,0.1058,3145,16,4,15,7,0,5,75,0.0311,27,9,4,627.76,DATA_EXFILTRATION,1
TRAIN_P0803,0.0778,0.0152,159,7,2,0,0,0,0,25,0.0124,0,5,1,327.47,NORMAL,0
TRAIN_P1766,0.0542,0.0241,141,10,0,0,1,0,1,19,0.0172,0,4,1,406.91,NORMAL,0
TRAIN_P0071,0.0338,0.0211,159,11,1,0,0,0,0,21,0.016,0,3,1,393.97,NORMAL,0
TRAIN_P0444,0.021,0.0183,109,9,1,0,0,0,0,35,0.0125,0,3,1,319.41,NORMAL,0
TRAIN_P2330,0.5292,0.0791,190,6,1,1,0,0,1,39,0.2855,9,6,1,484.34,BRUTE_FORCE,1
TRAIN_P2454,0.0721,0.0907,392,16,6,0,0,0,1,24,0.0692,10,5,3,420.84,RECONNAISSANCE,1
TRAIN_P1068,0.0456,0.0219,160,8,0,0,0,0,1,33,0.0191,0,4,1,437.84,NORMAL,0
TRAIN_P2637,0.0612,0.076,363,13,7,0,0,0,0,58,0.0977,8,6,2,460.48,RECONNAISSANCE,1
TRAIN_P2773,0.0343,0.0582,3115,11,3,0,1,0,1,58,0.0593,20,5,3,870.24,SUSPICIOUS_DATA_ACCESS,1
TRAIN_P2335,0.5243,0.0514,144,11,0,0,0,0,0,36,0.2781,5,4,2,431.05,BRUTE_FORCE,1
TRAIN_P2283,0.5727,0.0988,234,9,0,0,0,0,0,49,0.3373,13,5,2,303.79,BRUTE_FORCE,1
TRAIN_P1415,0.0016,0.0091,102,10,0,0,0,0,0,28,0.0177,0,2,1,354.05,NORMAL,0
TRAIN_P0606,0.0559,0.0282,63,8,0,0,0,0,0,24,0.0079,0,7,1,242.08,NORMAL,0
TRAIN_P0292,0.0257,0.0226,162,9,0,0,0,0,0,36,0.0076,0,3,1,343.7,NORMAL,0
TRAIN_P0565,0.0142,0.018,150,9,0,0,0,0,0,33,0.0036,0,2,1,379.3,NORMAL,0
TRAIN_P2568,0.071,0.0404,344,15,9,1,0,0,1,49,0.1538,8,4,2,387.08,RECONNAISSANCE,1
TRAIN_P3582,0.0908,0.0679,1418,15,3,2,0,6,4,51,0.0296,31,8,3,808.0,PRIVILEGE_ABUSE,1
TRAIN_P1107,0.051,0.0236,163,8,0,0,0,0,0,11,0.0141,0,4,1,394.2,NORMAL,0
TRAIN_P2385,0.4374,0.0608,219,12,0,0,0,0,0,33,0.2535,7,9,1,457.66,BRUTE_FORCE,1
TRAIN_P0552,0.036,0.0222,164,9,1,0,0,0,0,9,0.0188,0,5,1,411.92,NORMAL,0
TRAIN_P1237,0.0604,0.017,148,7,0,0,0,0,0,24,0.0072,0,4,1,277.01,NORMAL,0
TRAIN_P1573,0.0508,0.02,78,9,0,0,0,0,0,31,0.0196,0,4,1,492.09,NORMAL,0
TRAIN_P1996,0.0208,0.0157,125,10,0,0,0,0,0,43,0.0093,0,2,1,349.0,NORMAL,0
TRAIN_P1427,0.0319,0.023,196,9,1,0,0,0,0,18,0.0102,0,2,2,286.52,NORMAL,0
TRAIN_P0197,0.0435,0.0208,134,11,0,0,0,0,0,16,0.0187,0,5,1,453.48,NORMAL,0
TRAIN_P3263,0.0659,0.1393,3091,14,1,13,3,0,4,52,0.0375,12,11,3,850.13,DATA_EXFILTRATION,1
TRAIN_P1054,0.0402,0.0202,129,6,0,0,0,0,0,20,0.0233,0,4,2,420.43,NORMAL,0
TRAIN_P0890,0.0396,0.0127,105,6,0,0,0,0,0,37,0.0147,0,2,1,427.44,NORMAL,0
TRAIN_P2865,0.0557,0.0786,2588,13,3,1,0,0,1,44,0.0,17,4,2,543.94,SUSPICIOUS_DATA_ACCESS,1
TRAIN_P3200,0.0403,0.0843,3260,12,0,10,5,0,1,79,0.0573,29,7,4,571.43,DATA_EXFILTRATION,1
TRAIN_P0412,0.0237,0.018,174,6,0,0,0,0,0,18,0.0208,0,5,1,336.17,NORMAL,0
TRAIN_P0150,0.0715,0.0213,141,10,0,0,0,0,0,14,0.0107,1,1,1,439.83,NORMAL,0
TRAIN_P0938,0.0604,0.0177,193,10,0,0,0,0,0,14,0.023,1,2,1,370.32,NORMAL,0
TRAIN_P2226,0.4487,0.0691,161,8,2,0,0,0,1,36,0.3601,11,7,1,451.33,BRUTE_FORCE,1
TRAIN_P0315,0.0737,0.0292,100,7,0,0,0,0,0,27,0.0201,0,5,1,266.7,NORMAL,0
TRAIN_P2504,0.0953,0.0375,386,12,7,0,0,0,0,57,0.0988,8,6,2,413.05,RECONNAISSANCE,1
TRAIN_P2270,0.45,0.0656,116,11,0,0,0,0,0,43,0.368,12,5,1,610.26,BRUTE_FORCE,1
TRAIN_P1897,0.0286,0.0241,191,9,0,0,0,0,0,5,0.0151,0,3,1,227.94,NORMAL,0
TRAIN_P1814,0.0296,0.0252,115,8,0,0,0,0,0,20,0.0092,0,6,1,269.86,NORMAL,0
TRAIN_P1299,0.0449,0.0252,154,9,0,0,0,0,0,25,0.0141,0,2,1,342.39,NORMAL,0
TRAIN_P2148,0.0462,0.0193,154,7,0,0,0,0,0,15,0.0148,0,4,1,450.53,NORMAL,0
TRAIN_P3425,0.1389,0.0848,1444,15,5,0,1,6,3,61,0.1064,24,9,3,566.36,PRIVILEGE_ABUSE,1
TRAIN_P3223,0.0593,0.069,3141,18,1,11,6,0,2,54,0.0343,28,7,4,666.52,DATA_EXFILTRATION,1
TRAIN_P3533,0.0678,0.0689,1550,15,3,2,1,8,4,43,0.1433,17,8,4,848.48,PRIVILEGE_ABUSE,1
TRAIN_P0300,0.012,0.0266,161,7,0,0,0,0,0,18,0.0099,0,5,1,446.26,NORMAL,0
TRAIN_P1109,0.026,0.0196,168,10,0,0,0,0,0,27,0.0131,0,3,1,412.07,NORMAL,0
TRAIN_P1771,0.079,0.0203,195,4,0,0,0,0,0,23,0.0172,0,3,1,271.13,NORMAL,0
TRAIN_P0806,0.0208,0.0168,179,10,0,0,0,0,1,20,0.012,0,3,1,311.16,NORMAL,0
TRAIN_P2986,0.0919,0.1058,2032,12,2,1,1,0,3,49,0.0588,23,6,2,765.01,SUSPICIOUS_DATA_ACCESS,1
TRAIN_P0184,0.0304,0.0157,177,8,0,0,0,0,0,34,0.0163,0,4,1,328.82,NORMAL,0
TRAIN_P3328,0.07,0.1105,3263,14,1,14,5,0,3,79,0.039,33,8,4,688.94,DATA_EXFILTRATION,1
TRAIN_P1026,0.0891,0.0252,188,9,1,0,0,0,0,35,0.0294,0,4,1,259.67,NORMAL,0
TRAIN_P2190,0.6292,0.0851,216,11,0,0,0,0,0,30,0.3361,12,6,1,633.86,BRUTE_FORCE,1
TRAIN_P0882,0.0159,0.0253,83,10,0,0,0,0,0,14,0.0221,0,4,1,322.05,NORMAL,0
TRAIN_P2794,0.0675,0.088,2586,11,1,1,0,0,1,44,0.0573,19,7,3,574.92,SUSPICIOUS_DATA_ACCESS,1
TRAIN_P2845,0.0606,0.095,2421,15,0,1,1,0,1,50,0.0355,19,9,2,375.79,SUSPICIOUS_DATA_ACCESS,1
TRAIN_P1377,0.0417,0.0189,170,9,0,0,0,0,0,30,0.013,0,6,1,331.52,NORMAL,0
TRAIN_P1172,0.0404,0.0259,120,10,0,0,0,0,0,26,0.016,0,3,1,341.57,NORMAL,0
TRAIN_P3424,0.0795,0.0767,2042,17,3,1,1,8,3,29,0.0776,14,13,2,517.04,PRIVILEGE_ABUSE,1
TRAIN_P0052,0.0349,0.0275,43,10,0,0,0,0,0,13,0.0111,0,3,1,374.43,NORMAL,0
TRAIN_P0352,0.0121,0.0253,102,9,0,0,0,0,0,28,0.0121,0,2,1,434.04,NORMAL,0
TRAIN_P1878,0.0419,0.0132,249,9,0,0,0,0,0,18,0.0165,0,5,1,389.44,NORMAL,0
TRAIN_P0863,0.0609,0.0169,159,6,0,0,0,0,0,34,0.0237,0,4,1,230.01,NORMAL,0
TRAIN_P0535,0.0365,0.0178,167,7,0,0,0,0,0,28,0.0091,0,1,1,443.87,NORMAL,0
TRAIN_P2894,0.042,0.0671,2217,9,3,1,0,0,0,74,0.0118,11,8,3,506.31,SUSPICIOUS_DATA_ACCESS,1
TRAIN_P2828,0.0616,0.0947,2275,12,3,2,0,0,1,70,0.041,16,5,3,522.24,SUSPICIOUS_DATA_ACCESS,1
TRAIN_P2919,0.0275,0.0652,1707,11,2,0,1,0,3,57,0.0383,22,4,2,507.38,SUSPICIOUS_DATA_ACCESS,1
TRAIN_P1045,0.0469,0.022,99,10,0,0,0,0,0,35,0.0147,0,4,1,589.38,NORMAL,0
TRAIN_P3352,0.1757,0.0789,916,14,3,2,1,5,2,42,0.0733,17,3,3,478.73,PRIVILEGE_ABUSE,1
TRAIN_P0171,0.0362,0.0182,142,11,0,0,0,0,0,13,0.0137,0,4,1,409.69,NORMAL,0
TRAIN_P0140,0.0099,0.0238,153,6,0,0,0,0,0,22,0.0112,0,4,1,598.47,NORMAL,0
TRAIN_P1214,0.0,0.0211,119,9,0,0,0,0,0,11,0.0241,0,4,1,449.07,NORMAL,0
TRAIN_P2114,0.0223,0.0222,166,8,0,0,0,0,0,15,0.0162,0,3,1,180.0,NORMAL,0
TRAIN_P3307,0.063,0.1081,3465,15,2,17,6,0,4,58,0.0302,42,11,2,590.49,DATA_EXFILTRATION,1
TRAIN_P0280,0.0505,0.0108,87,11,0,0,0,0,0,13,0.0155,0,5,1,348.3,NORMAL,0
TRAIN_P1981,0.0252,0.018,137,4,0,0,0,0,0,21,0.0094,0,3,1,394.47,NORMAL,0
TRAIN_P2900,0.0445,0.0951,1697,11,2,0,0,0,1,27,0.0699,18,7,3,698.66,SUSPICIOUS_DATA_ACCESS,1
TRAIN_P2375,0.5647,0.0574,217,9,1,1,0,0,0,31,0.2932,13,3,1,413.57,BRUTE_FORCE,1
TRAIN_P1065,0.0582,0.0255,123,10,0,0,0,0,0,18,0.0165,0,5,1,482.55,NORMAL,0
TRAIN_P0568,0.0467,0.0163,192,10,0,0,0,0,0,30,0.0241,1,6,1,283.22,NORMAL,0
TRAIN_P1481,0.0272,0.0084,173,9,0,0,0,0,0,35,0.0081,0,3,2,323.17,NORMAL,0
TRAIN_P2997,0.0467,0.091,1994,12,4,1,1,0,1,48,0.0426,21,3,3,467.22,SUSPICIOUS_DATA_ACCESS,1
TRAIN_P3115,0.0711,0.0999,2195,13,1,19,6,0,4,78,0.0212,36,6,3,476.8,DATA_EXFILTRATION,1
TRAIN_P1609,0.0101,0.0223,174,10,0,0,0,0,0,36,0.0245,0,3,1,542.33,NORMAL,0
TRAIN_P2727,0.1125,0.0517,274,13,8,1,0,0,1,68,0.172,11,6,1,670.93,RECONNAISSANCE,1
TRAIN_P0965,0.0233,0.0107,213,7,1,0,0,0,0,20,0.0159,0,3,1,336.51,NORMAL,0
TRAIN_P1937,0.0753,0.0224,127,8,0,0,0,0,0,13,0.008,0,5,1,290.18,NORMAL,0
TRAIN_P1392,0.0158,0.0194,89,8,0,0,0,0,0,19,0.0165,0,3,1,568.79,NORMAL,0
TRAIN_P2397,0.6395,0.0633,256,10,0,0,0,0,0,34,0.2614,10,4,1,431.44,BRUTE_FORCE,1
TRAIN_P2222,0.5804,0.0911,208,9,0,0,0,0,0,57,0.2776,18,3,1,498.15,BRUTE_FORCE,1
TRAIN_P3557,0.1714,0.08,1992,13,2,1,1,6,2,70,0.0442,23,9,6,482.23,PRIVILEGE_ABUSE,1
TRAIN_P3215,0.0693,0.1466,2858,14,1,9,5,0,2,72,0.031,33,3,3,514.39,DATA_EXFILTRATION,1
TRAIN_P3193,0.0593,0.0933,2219,14,0,12,5,0,1,79,0.0401,26,7,2,679.01,DATA_EXFILTRATION,1
TRAIN_P2149,0.0385,0.0114,173,8,1,0,0,0,0,14,0.0124,0,4,1,521.77,NORMAL,0
TRAIN_P1489,0.0617,0.0153,102,13,0,0,0,0,0,13,0.0158,0,5,1,397.17,NORMAL,0
TRAIN_P2737,0.1165,0.089,2375,12,2,2,1,0,2,63,0.0491,23,8,3,801.39,SUSPICIOUS_DATA_ACCESS,1
TRAIN_P2930,0.0695,0.0808,2490,11,4,0,0,0,1,30,0.0458,17,8,4,618.95,SUSPICIOUS_DATA_ACCESS,1
TRAIN_P1719,0.0215,0.0244,214,8,0,0,0,0,0,13,0.0194,0,4,1,328.14,NORMAL,0
TRAIN_P1158,0.052,0.0264,144,7,0,0,0,0,1,19,0.006,0,3,1,389.34,NORMAL,0
TRAIN_P1954,0.0171,0.0345,114,8,0,0,0,0,0,26,0.0164,0,4,1,342.32,NORMAL,0
TRAIN_P3199,0.0689,0.1365,2891,13,2,15,11,0,5,58,0.0371,39,7,2,800.34,DATA_EXFILTRATION,1
TRAIN_P2906,0.0622,0.0483,2530,9,4,0,1,0,1,42,0.0404,19,7,3,662.92,SUSPICIOUS_DATA_ACCESS,1
TRAIN_P2563,0.0588,0.0385,174,15,4,0,0,0,1,45,0.0521,14,5,2,644.41,RECONNAISSANCE,1
TRAIN_P1789,0.0634,0.0139,128,5,0,0,0,0,0,15,0.0171,0,4,1,455.9,NORMAL,0
TRAIN_P0439,0.0419,0.0148,140,10,0,0,0,0,0,24,0.0159,0,2,1,418.13,NORMAL,0
TRAIN_P2612,0.0637,0.0718,328,14,10,0,0,0,1,65,0.1038,10,5,3,494.26,RECONNAISSANCE,1
TRAIN_P0753,0.0625,0.0234,157,11,0,0,0,0,0,35,0.0157,1,5,1,340.78,NORMAL,0
TRAIN_P2714,0.0749,0.0698,315,21,5,1,0,0,0,64,0.1147,10,5,2,408.64,RECONNAISSANCE,1
TRAIN_P1398,0.0712,0.0143,159,8,0,0,0,0,0,34,0.0173,0,4,1,343.21,NORMAL,0
TRAIN_P3357,0.0859,0.0921,1890,17,4,2,0,6,3,67,0.0499,20,11,3,548.4,PRIVILEGE_ABUSE,1
TRAIN_P1883,0.0433,0.0172,155,6,0,0,0,0,1,28,0.0225,0,5,1,348.36,NORMAL,0
TRAIN_P2961,0.0609,0.0842,1956,14,3,0,0,0,3,79,0.0173,12,6,2,781.73,SUSPICIOUS_DATA_ACCESS,1
TRAIN_P2322,0.5077,0.065,243,8,0,0,0,0,0,37,0.3226,11,6,1,466.12,BRUTE_FORCE,1
TRAIN_P1830,0.0549,0.0255,172,4,0,0,0,0,0,18,0.0082,0,3,1,347.83,NORMAL,0
TRAIN_P1638,0.0771,0.0128,221,9,0,0,0,0,0,17,0.0172,0,5,1,486.04,NORMAL,0
TRAIN_P0409,0.0245,0.0241,116,9,0,0,0,0,0,21,0.0023,0,3,1,413.27,NORMAL,0
TRAIN_P3336,0.048,0.1272,3024,10,2,13,4,0,3,53,0.0223,15,8,1,721.42,DATA_EXFILTRATION,1
TRAIN_P0053,0.0587,0.0264,178,7,0,0,0,0,0,15,0.0186,0,4,1,304.77,NORMAL,0
TRAIN_P0950,0.047,0.0216,141,8,0,0,0,0,0,11,0.0078,0,3,1,374.21,NORMAL,0
TRAIN_P1875,0.0698,0.0209,173,10,0,0,0,0,1,24,0.0189,0,5,1,424.8,NORMAL,0
TRAIN_P2781,0.0284,0.0653,2316,20,2,0,0,0,1,39,0.0397,17,4,3,617.79,SUSPICIOUS_DATA_ACCESS,1
TRAIN_P0394,0.0,0.0302,156,9,0,0,0,0,0,43,0.0088,0,4,1,279.04,NORMAL,0
TRAIN_P0677,0.0439,0.0089,159,9,0,0,0,0,0,23,0.0184,1,3,1,452.46,NORMAL,0
TRAIN_P1792,0.0318,0.0162,148,7,0,0,0,0,0,38,0.0162,0,6,2,270.75,NORMAL,0
TRAIN_P3018,0.0453,0.0831,2670,13,0,3,1,0,3,46,0.026,15,11,2,572.36,SUSPICIOUS_DATA_ACCESS,1
TRAIN_P1463,0.0632,0.0177,224,7,0,0,0,0,0,32,0.0242,1,4,1,395.57,NORMAL,0
TRAIN_P1222,0.0461,0.0171,122,8,0,0,0,0,0,22,0.0185,0,5,1,423.42,NORMAL,0
TRAIN_P1584,0.0383,0.0121,117,9,0,0,0,0,0,36,0.0186,0,3,1,319.96,NORMAL,0
TRAIN_P0145,0.029,0.0205,156,7,0,0,0,0,0,19,0.0239,0,2,1,292.43,NORMAL,0
TRAIN_P1174,0.0403,0.0318,180,5,0,0,0,0,0,26,0.0085,0,4,2,474.5,NORMAL,0
TRAIN_P3471,0.0657,0.0654,1498,11,4,1,2,4,3,37,0.0685,26,9,2,365.07,PRIVILEGE_ABUSE,1
TRAIN_P2652,0.0805,0.0699,444,21,9,0,0,0,1,38,0.1196,9,4,2,535.29,RECONNAISSANCE,1
TRAIN_P0077,0.0474,0.0224,149,8,0,0,0,0,0,44,0.0149,0,3,1,382.15,NORMAL,0
TRAIN_P1111,0.0083,0.0271,156,8,0,0,0,0,0,23,0.0214,0,3,1,273.9,NORMAL,0
TRAIN_P0252,0.0615,0.0216,138,5,1,0,0,0,0,23,0.0134,0,2,1,532.91,NORMAL,0
TRAIN_P2316,0.6574,0.0711,169,9,0,0,0,0,0,22,0.2925,14,5,1,371.07,BRUTE_FORCE,1
TRAIN_P0018,0.0317,0.0204,114,8,0,0,0,0,0,44,0.0242,0,1,1,394.92,NORMAL,0
TRAIN_P0299,0.0481,0.0173,202,8,0,0,0,0,0,27,0.0193,0,3,1,337.74,NORMAL,0
TRAIN_P2237,0.6591,0.076,142,9,0,0,0,0,0,42,0.2746,13,6,1,482.68,BRUTE_FORCE,1
TRAIN_P2823,0.0507,0.081,3127,12,2,0,1,0,1,56,0.0467,13,10,4,849.72,SUSPICIOUS_DATA_ACCESS,1
TRAIN_P1765,0.0593,0.0207,180,9,0,0,0,0,0,15,0.0182,0,1,1,294.79,NORMAL,0
TRAIN_P1739,0.0246,0.0099,154,9,0,0,0,0,0,19,0.0111,0,3,1,433.95,NORMAL,0
TRAIN_P0558,0.0495,0.0235,131,8,0,0,0,0,0,24,0.0131,0,4,1,429.99,NORMAL,0
TRAIN_P3197,0.085,0.1498,2958,13,2,14,4,0,1,75,0.047,33,8,3,952.42,DATA_EXFILTRATION,1
TRAIN_P2154,0.0528,0.0244,224,10,0,0,0,0,0,25,0.0152,0,4,1,341.89,NORMAL,0
TRAIN_P1872,0.0681,0.0122,169,8,0,0,0,0,1,41,0.0111,0,4,1,427.01,NORMAL,0
TRAIN_P2224,0.5252,0.0742,120,10,0,0,0,0,2,23,0.4017,11,4,1,591.75,BRUTE_FORCE,1
TRAIN_P2233,0.4855,0.0827,101,10,0,1,0,0,0,44,0.2602,9,4,1,336.96,BRUTE_FORCE,1
TRAIN_P3138,0.0831,0.1313,2420,17,3,9,9,0,5,68,0.0299,33,9,3,531.21,DATA_EXFILTRATION,1
TRAIN_P0323,0.0592,0.021,162,7,0,0,0,0,0,23,0.015,0,3,1,387.88,NORMAL,0
TRAIN_P1403,0.0739,0.0159,162,9,1,0,0,0,0,16,0.0091,0,3,1,277.15,NORMAL,0
TRAIN_P2019,0.0409,0.0254,249,9,0,0,0,0,0,31,0.0185,0,5,2,361.07,NORMAL,0
TRAIN_P3302,0.019,0.1199,2450,16,1,11,7,1,0,71,0.0477,18,6,3,722.61,DATA_EXFILTRATION,1
TRAIN_P2416,0.4957,0.0815,161,8,0,0,0,0,0,43,0.3741,4,4,2,243.63,BRUTE_FORCE,1
TRAIN_P1570,0.0586,0.02,147,10,0,0,0,0,0,31,0.0168,2,2,1,383.21,NORMAL,0
TRAIN_P0933,0.0,0.0185,175,10,0,0,0,0,0,45,0.0236,0,3,1,352.04,NORMAL,0
TRAIN_P1076,0.0446,0.0134,169,9,1,0,0,0,0,32,0.0146,1,4,1,201.09,NORMAL,0
TRAIN_P1035,0.0414,0.0259,119,9,0,0,0,0,0,29,0.0188,0,1,2,482.31,NORMAL,0
TRAIN_P1682,0.0046,0.0149,137,10,0,0,0,0,0,35,0.0158,0,2,2,281.75,NORMAL,0
TRAIN_P2217,0.5011,0.0794,203,8,0,0,0,0,1,43,0.2586,12,5,1,398.43,BRUTE_FORCE,1
TRAIN_P1796,0.0217,0.0154,166,7,0,0,0,0,0,26,0.0119,0,2,1,522.11,NORMAL,0
TRAIN_P1024,0.0611,0.0166,170,8,0,0,0,0,0,37,0.0175,0,3,1,575.27,NORMAL,0
TRAIN_P2595,0.0618,0.0613,335,15,4,0,0,0,1,22,0.0805,9,7,1,390.88,RECONNAISSANCE,1
TRAIN_P3558,0.051,0.0635,2164,16,5,0,1,7,1,80,0.0609,25,11,3,682.44,PRIVILEGE_ABUSE,1
TRAIN_P0658,0.0808,0.0224,155,7,0,0,0,0,1,31,0.0094,0,5,1,381.87,NORMAL,0
TRAIN_P0528,0.0565,0.0204,145,10,0,0,0,0,0,30,0.0129,0,2,1,421.46,NORMAL,0
TRAIN_P2257,0.5997,0.111,126,10,0,0,0,0,1,34,0.2677,11,4,1,546.06,BRUTE_FORCE,1
TRAIN_P3441,0.0959,0.0659,1561,18,3,0,2,7,4,63,0.1094,16,6,5,453.21,PRIVILEGE_ABUSE,1
TRAIN_P1892,0.0367,0.0277,91,9,0,0,0,0,0,15,0.0207,0,4,1,296.22,NORMAL,0
TRAIN_P2248,0.6485,0.0782,188,9,0,0,0,0,0,32,0.341,12,5,1,444.39,BRUTE_FORCE,1
TRAIN_P2726,0.0774,0.0695,351,13,6,1,0,0,1,45,0.1303,4,6,1,592.14,RECONNAISSANCE,1
TRAIN_P2765,0.0856,0.0637,2537,13,4,1,0,0,3,53,0.0504,19,6,1,604.4,SUSPICIOUS_DATA_ACCESS,1
TRAIN_P3076,0.0459,0.1119,2676,15,1,0,0,0,3,49,0.0415,10,7,2,328.83,SUSPICIOUS_DATA_ACCESS,1
TRAIN_P0326,0.0597,0.0164,88,8,0,0,0,0,0,24,0.0165,0,3,1,458.05,NORMAL,0
TRAIN_P0433,0.0492,0.0265,126,8,2,0,0,0,0,30,0.0069,0,5,1,364.19,NORMAL,0
TRAIN_P0031,0.0057,0.0268,145,10,0,0,0,0,0,25,0.0152,0,3,1,252.07,NORMAL,0
TRAIN_P0458,0.0124,0.011,61,8,0,0,0,0,0,22,0.006,0,3,1,397.41,NORMAL,0
TRAIN_P0230,0.0389,0.0224,84,9,0,0,0,0,0,31,0.0158,0,2,1,519.79,NORMAL,0
TRAIN_P0204,0.052,0.0233,120,9,0,0,0,0,0,25,0.0221,0,5,1,502.09,NORMAL,0
TRAIN_P2623,0.094,0.0795,392,15,6,0,0,0,0,53,0.1307,5,6,3,331.84,RECONNAISSANCE,1
TRAIN_P0786,0.0206,0.0131,180,11,0,0,0,0,0,24,0.023,0,4,1,249.93,NORMAL,0
TRAIN_P1484,0.017,0.0218,180,8,0,0,0,0,0,21,0.0086,0,3,2,280.92,NORMAL,0
TRAIN_P2271,0.5112,0.0884,199,9,2,0,0,0,0,26,0.238,16,7,2,441.23,BRUTE_FORCE,1
TRAIN_P1583,0.071,0.0212,103,5,0,0,0,0,0,20,0.0127,0,4,2,485.87,NORMAL,0
TRAIN_P0694,0.0315,0.0162,179,6,0,0,0,0,0,23,0.0164,1,3,1,223.97,NORMAL,0
TRAIN_P2923,0.0579,0.063,2491,9,4,0,0,0,2,68,0.0148,16,8,4,575.34,SUSPICIOUS_DATA_ACCESS,1
TRAIN_P2021,0.0453,0.0265,68,9,0,0,0,0,0,25,0.019,0,3,1,372.25,NORMAL,0
TRAIN_P0193,0.0363,0.0169,156,10,0,0,0,0,0,33,0.0182,0,2,1,435.43,NORMAL,0
TRAIN_P2668,0.0213,0.0639,291,13,11,0,0,0,1,41,0.0817,4,6,2,492.21,RECONNAISSANCE,1
TRAIN_P1537,0.0447,0.024,141,9,1,0,0,0,0,31,0.0158,0,3,1,560.68,NORMAL,0
TRAIN_P3473,0.1105,0.0761,2081,9,3,0,1,4,5,55,0.0259,6,10,2,593.11,PRIVILEGE_ABUSE,1
TRAIN_P3049,0.0462,0.0752,2170,11,4,1,2,0,2,67,0.0369,14,7,3,569.31,SUSPICIOUS_DATA_ACCESS,1
TRAIN_P0167,0.0352,0.021,189,7,0,0,0,0,0,32,0.0082,1,4,1,399.52,NORMAL,0
TRAIN_P3065,0.043,0.0854,3120,12,4,1,1,0,0,62,0.0472,16,10,2,386.94,SUSPICIOUS_DATA_ACCESS,1
TRAIN_P1737,0.0482,0.0192,167,12,0,0,0,0,0,21,0.0131,1,5,2,478.47,NORMAL,0
TRAIN_P2826,0.0565,0.0749,2364,13,2,0,0,0,1,61,0.0222,21,4,3,646.28,SUSPICIOUS_DATA_ACCESS,1
TRAIN_P2679,0.0947,0.0533,285,15,7,0,0,0,1,44,0.059,4,3,2,543.05,RECONNAISSANCE,1
TRAIN_P3257,0.0669,0.0545,3258,11,2,8,4,0,2,61,0.0222,36,11,4,560.6,DATA_EXFILTRATION,1
TRAIN_P0977,0.0321,0.0194,179,8,0,0,0,0,0,20,0.0115,0,1,1,342.18,NORMAL,0
TRAIN_P1607,0.0414,0.021,124,7,2,0,0,0,0,28,0.0168,0,4,1,539.91,NORMAL,0
TRAIN_P0322,0.0629,0.0161,212,6,0,0,0,0,0,23,0.0055,0,2,1,245.47,NORMAL,0
TRAIN_P1512,0.0612,0.0236,116,10,2,0,0,0,0,21,0.0055,0,4,1,412.87,NORMAL,0
TRAIN_P3431,0.0961,0.0769,1749,14,5,1,2,7,3,47,0.079,28,11,4,520.49,PRIVILEGE_ABUSE,1
TRAIN_P0195,0.026,0.0175,171,7,1,0,0,0,0,16,0.0094,0,7,1,479.57,NORMAL,0
TRAIN_P1443,0.0717,0.0152,108,7,0,0,0,0,0,23,0.0166,0,4,1,556.9,NORMAL,0
TRAIN_P3005,0.0234,0.0394,2945,14,4,0,0,0,0,66,0.0418,17,8,2,575.86,SUSPICIOUS_DATA_ACCESS,1
TRAIN_P3144,0.0385,0.1005,2957,12,3,14,6,1,2,59,0.0207,26,7,3,760.82,DATA_EXFILTRATION,1
TRAIN_P1043,0.0654,0.025,160,8,0,0,0,0,0,23,0.0204,0,4,2,406.37,NORMAL,0
TRAIN_P3337,0.0767,0.1282,3526,13,0,9,3,0,3,61,0.0444,23,7,4,653.78,DATA_EXFILTRATION,1
TRAIN_P0502,0.0353,0.0227,159,6,0,0,0,0,0,29,0.0107,0,5,2,342.67,NORMAL,0
TRAIN_P2680,0.0969,0.0527,359,16,5,0,0,0,1,36,0.1144,13,6,2,603.27,RECONNAISSANCE,1
TRAIN_P3406,0.1079,0.0619,1418,12,0,1,0,6,5,44,0.1175,25,12,2,659.02,PRIVILEGE_ABUSE,1
TRAIN_P2078,0.0443,0.0132,172,9,0,0,0,0,0,21,0.0159,0,4,1,390.92,NORMAL,0
TRAIN_P1917,0.0513,0.0296,150,9,0,0,0,0,0,27,0.0052,0,5,1,342.45,NORMAL,0
TRAIN_P1790,0.0809,0.0183,111,9,0,0,0,0,0,17,0.0129,0,3,1,303.53,NORMAL,0
TRAIN_P3589,0.1009,0.0688,1168,17,5,0,0,10,3,40,0.0767,23,7,3,516.86,PRIVILEGE_ABUSE,1
TRAIN_P3472,0.0866,0.0684,1897,14,1,3,2,7,4,37,0.1061,35,9,3,408.8,PRIVILEGE_ABUSE,1
TRAIN_P3364,0.1592,0.0739,1160,12,4,0,1,8,4,45,0.0506,33,7,5,708.12,PRIVILEGE_ABUSE,1
TRAIN_P1437,0.0276,0.0238,119,11,1,0,0,0,0,25,0.0203,0,3,1,442.08,NORMAL,0
TRAIN_P1007,0.0163,0.0242,182,7,0,0,0,0,0,41,0.0089,0,5,1,429.6,NORMAL,0
TRAIN_P1164,0.0526,0.0194,161,8,0,0,0,0,0,27,0.0182,0,3,1,451.12,NORMAL,0
TRAIN_P0081,0.03,0.0211,193,8,0,0,0,0,0,12,0.025,0,5,2,376.92,NORMAL,0
TRAIN_P1633,0.0054,0.0163,127,6,0,0,0,0,0,13,0.0143,0,3,1,288.07,NORMAL,0
TRAIN_P0296,0.0222,0.0216,169,8,0,0,0,0,0,23,0.0161,0,4,1,353.95,NORMAL,0
TRAIN_P2267,0.5936,0.0581,243,10,1,0,0,0,0,37,0.3652,12,4,3,517.75,BRUTE_FORCE,1
TRAIN_P1718,0.0727,0.023,190,6,0,0,0,0,0,26,0.0098,0,4,1,305.33,NORMAL,0
TRAIN_P1579,0.0479,0.0184,58,8,0,0,0,0,0,17,0.0119,0,3,1,492.34,NORMAL,0
TRAIN_P3598,0.0164,0.0671,1409,12,3,2,1,8,4,27,0.0525,29,5,1,731.46,PRIVILEGE_ABUSE,1
TRAIN_P3236,0.0568,0.1207,2834,14,0,6,5,0,3,80,0.0389,21,10,3,752.85,DATA_EXFILTRATION,1
TRAIN_P3321,0.0635,0.1103,2948,14,2,15,5,0,2,51,0.0363,16,7,3,858.42,DATA_EXFILTRATION,1
TRAIN_P2624,0.1079,0.0748,289,12,7,0,0,0,1,27,0.1197,6,6,1,538.96,RECONNAISSANCE,1
TRAIN_P1899,0.0329,0.0117,168,7,0,0,0,0,0,33,0.0196,1,3,1,365.46,NORMAL,0
TRAIN_P0898,0.0437,0.0265,158,6,0,0,0,0,0,34,0.0207,0,3,1,467.24,NORMAL,0
TRAIN_P0464,0.0421,0.0084,216,9,0,0,0,0,0,14,0.0189,0,3,1,347.7,NORMAL,0
TRAIN_P0841,0.0458,0.0137,148,11,0,0,0,0,0,17,0.0113,0,4,1,396.17,NORMAL,0
TRAIN_P1648,0.0513,0.029,123,7,0,0,0,0,0,16,0.0159,0,2,2,327.71,NORMAL,0
TRAIN_P1188,0.0365,0.0164,164,9,0,0,0,0,0,32,0.0203,0,4,1,370.55,NORMAL,0
TRAIN_P1229,0.0416,0.0218,119,7,0,0,0,0,0,16,0.0133,0,3,1,362.59,NORMAL,0
TRAIN_P2371,0.5642,0.0743,226,9,0,0,0,0,0,39,0.349,16,2,1,366.38,BRUTE_FORCE,1
TRAIN_P3517,0.1231,0.053,1715,17,5,0,0,5,3,62,0.1661,15,10,3,564.87,PRIVILEGE_ABUSE,1
TRAIN_P1118,0.0277,0.0183,208,7,0,0,0,0,0,31,0.0189,0,5,1,369.91,NORMAL,0
TRAIN_P2644,0.0578,0.0658,338,17,9,2,0,0,1,53,0.146,11,5,2,561.57,RECONNAISSANCE,1
TRAIN_P0258,0.0443,0.0149,194,10,0,0,0,0,0,15,0.0172,0,3,1,240.95,NORMAL,0
TRAIN_P1430,0.0501,0.0201,145,9,0,0,0,0,0,32,0.0158,0,3,1,415.33,NORMAL,0
TRAIN_P1689,0.0423,0.0156,106,10,0,0,0,0,0,18,0.0203,0,3,1,290.49,NORMAL,0
TRAIN_P3374,0.0183,0.075,2067,15,1,1,0,7,5,33,0.0763,28,5,3,529.97,PRIVILEGE_ABUSE,1
TRAIN_P1816,0.0762,0.0286,99,6,0,0,0,0,0,34,0.0183,0,4,1,382.25,NORMAL,0
TRAIN_P2585,0.102,0.0858,379,18,6,2,0,0,1,59,0.1353,8,3,2,458.07,RECONNAISSANCE,1
TRAIN_P3423,0.0,0.0886,1187,16,3,0,0,7,6,61,0.1072,9,8,5,639.81,PRIVILEGE_ABUSE,1
TRAIN_P0239,0.0325,0.0183,102,8,1,0,0,0,0,27,0.0137,1,4,1,435.42,NORMAL,0
TRAIN_P0359,0.069,0.0201,126,8,0,0,0,0,0,15,0.0241,0,3,1,366.23,NORMAL,0
TRAIN_P0737,0.0206,0.0204,207,6,0,0,0,0,0,21,0.0187,1,5,1,275.02,NORMAL,0
TRAIN_P3320,0.06,0.1299,3441,11,1,10,5,1,2,61,0.0454,30,5,3,539.8,DATA_EXFILTRATION,1
TRAIN_P0512,0.0089,0.0278,179,8,0,0,0,0,0,17,0.0183,0,3,1,468.97,NORMAL,0
TRAIN_P3399,0.1015,0.0841,2104,16,3,1,1,6,2,67,0.0879,25,8,4,355.61,PRIVILEGE_ABUSE,1
TRAIN_P2872,0.1132,0.0861,2040,14,1,2,0,0,2,54,0.0171,13,5,2,602.5,SUSPICIOUS_DATA_ACCESS,1
TRAIN_P0175,0.0027,0.025,122,10,0,0,0,0,0,25,0.0102,0,4,1,364.85,NORMAL,0
TRAIN_P0756,0.0396,0.0215,169,8,0,0,0,0,0,25,0.0181,0,4,1,398.3,NORMAL,0
TRAIN_P0215,0.0174,0.0231,175,7,0,0,1,0,0,27,0.0191,1,5,1,370.39,NORMAL,0
TRAIN_P0480,0.0406,0.0201,40,10,0,0,0,0,0,7,0.0143,0,4,1,350.26,NORMAL,0
TRAIN_P2929,0.0723,0.0461,2394,12,1,2,0,0,1,56,0.0773,13,8,2,637.88,SUSPICIOUS_DATA_ACCESS,1
TRAIN_P0415,0.0803,0.0228,180,7,0,0,0,0,0,12,0.0133,0,3,1,478.7,NORMAL,0
TRAIN_P2241,0.502,0.0645,167,7,1,0,0,0,0,26,0.2914,9,3,2,371.87,BRUTE_FORCE,1
TRAIN_P0760,0.0237,0.0142,91,9,0,0,0,0,0,19,0.0208,0,4,1,336.72,NORMAL,0
TRAIN_P0103,0.0278,0.0191,152,9,1,0,0,0,0,17,0.0143,0,4,1,277.4,NORMAL,0
TRAIN_P2935,0.0486,0.0614,2367,17,2,1,0,0,2,66,0.0142,13,8,2,605.42,SUSPICIOUS_DATA_ACCESS,1
TRAIN_P1587,0.0451,0.0162,140,7,0,0,1,0,0,17,0.0134,0,3,1,521.2,NORMAL,0
TRAIN_P0240,0.044,0.0282,120,11,0,0,0,0,0,34,0.0157,0,4,1,362.93,NORMAL,0
TRAIN_P0411,0.0395,0.0273,137,9,0,0,0,0,0,21,0.0191,0,3,1,261.36,NORMAL,0
TRAIN_P0403,0.0333,0.0207,170,9,0,0,0,0,0,21,0.0122,0,3,1,422.91,NORMAL,0
TRAIN_P1565,0.0169,0.0142,151,5,0,0,0,0,0,38,0.0206,0,3,1,338.7,NORMAL,0
TRAIN_P2340,0.5242,0.0429,209,11,0,0,0,0,1,53,0.3176,10,7,3,654.76,BRUTE_FORCE,1
TRAIN_P1625,0.0589,0.0184,110,9,0,0,0,0,0,29,0.0181,0,6,1,380.75,NORMAL,0
TRAIN_P2072,0.0,0.0156,128,7,0,0,0,0,0,32,0.0086,0,6,1,316.17,NORMAL,0
TRAIN_P2472,0.0464,0.0375,331,13,7,0,0,0,1,46,0.0807,7,9,3,587.88,RECONNAISSANCE,1
TRAIN_P2294,0.6824,0.0806,159,10,0,0,0,0,0,39,0.3487,8,4,1,449.75,BRUTE_FORCE,1
TRAIN_P0045,0.0265,0.0088,192,7,0,0,0,0,0,32,0.0155,0,2,1,471.5,NORMAL,0
TRAIN_P0046,0.0502,0.0262,188,9,0,0,0,0,0,37,0.017,0,5,1,339.2,NORMAL,0
TRAIN_P1038,0.0459,0.0195,170,10,0,0,0,0,0,23,0.0145,0,2,1,459.35,NORMAL,0
TRAIN_P0333,0.0442,0.0145,159,10,0,0,0,0,0,32,0.0136,0,3,1,280.3,NORMAL,0
TRAIN_P1069,0.0381,0.0107,147,7,0,0,0,0,0,5,0.0185,0,4,1,396.5,NORMAL,0
TRAIN_P2064,0.0368,0.0223,207,9,1,0,0,0,0,34,0.0084,1,4,1,296.82,NORMAL,0
TRAIN_P1768,0.0403,0.0137,134,9,0,0,0,0,0,31,0.0082,0,4,1,456.59,NORMAL,0
TRAIN_P1028,0.0423,0.0134,126,9,0,0,0,0,0,35,0.0193,0,5,2,282.62,NORMAL,0
TRAIN_P1053,0.0199,0.0182,40,9,2,0,0,0,0,28,0.0206,0,4,1,235.48,NORMAL,0
TRAIN_P0719,0.0101,0.0209,130,8,0,0,0,0,0,25,0.0143,0,2,1,452.08,NORMAL,0
TRAIN_P0059,0.0912,0.0195,195,7,0,0,0,0,0,19,0.0241,0,4,1,422.61,NORMAL,0
TRAIN_P3595,0.055,0.0744,1279,17,1,1,2,8,1,48,0.082,20,9,4,731.68,PRIVILEGE_ABUSE,1
TRAIN_P1012,0.0268,0.0134,80,10,0,0,0,0,0,23,0.0267,0,2,2,603.99,NORMAL,0
TRAIN_P3294,0.0719,0.1166,2662,13,3,8,6,0,3,66,0.017,26,6,2,656.16,DATA_EXFILTRATION,1
TRAIN_P3139,0.0651,0.1106,2972,12,1,11,5,1,1,43,0.0237,43,10,3,693.69,DATA_EXFILTRATION,1
TRAIN_P1612,0.0506,0.0129,138,10,1,0,0,0,0,21,0.0124,0,5,1,540.64,NORMAL,0
TRAIN_P2462,0.0453,0.0582,227,22,8,0,0,0,0,51,0.0491,5,5,2,424.58,RECONNAISSANCE,1
TRAIN_P2003,0.0558,0.0227,125,8,0,0,0,0,0,34,0.0132,0,4,1,469.91,NORMAL,0
TRAIN_P2390,0.3578,0.0974,226,9,2,0,0,0,0,41,0.3498,8,5,1,492.39,BRUTE_FORCE,1
TRAIN_P1396,0.0796,0.0209,153,10,0,0,0,0,0,15,0.0141,0,1,1,227.69,NORMAL,0
TRAIN_P2634,0.0169,0.0654,241,18,8,0,0,0,1,57,0.1181,13,4,3,453.54,RECONNAISSANCE,1
TRAIN_P0310,0.0467,0.0208,82,9,0,0,0,0,0,44,0.0213,0,3,1,291.82,NORMAL,0
TRAIN_P2046,0.0439,0.0224,166,11,0,0,0,0,0,18,0.0107,1,3,1,437.17,NORMAL,0
TRAIN_P1433,0.0581,0.0153,168,9,0,0,0,0,0,23,0.0088,0,5,1,390.49,NORMAL,0
TRAIN_P1666,0.0206,0.0119,144,9,0,0,0,0,0,27,0.0101,2,3,1,293.87,NORMAL,0
TRAIN_P1117,0.0409,0.0215,124,7,0,0,0,0,0,18,0.0078,0,4,1,351.38,NORMAL,0
TRAIN_P2158,0.014,0.0241,133,8,0,0,0,0,0,39,0.0205,0,3,1,395.11,NORMAL,0
TRAIN_P2796,0.0819,0.0926,1840,12,0,1,2,0,0,37,0.0425,17,6,1,618.81,SUSPICIOUS_DATA_ACCESS,1
TRAIN_P0795,0.04,0.026,210,6,0,0,0,0,0,30,0.0144,0,2,1,219.73,NORMAL,0
TRAIN_P1428,0.0445,0.0198,146,7,0,0,0,0,0,23,0.0143,0,5,1,484.45,NORMAL,0
TRAIN_P1491,0.0455,0.021,137,9,0,0,0,0,0,30,0.021,0,2,1,439.06,NORMAL,0
TRAIN_P1469,0.0619,0.0217,141,8,0,0,0,0,0,30,0.0078,0,2,1,327.66,NORMAL,0
TRAIN_P0713,0.0532,0.0212,189,9,0,0,0,0,0,36,0.021,0,3,1,539.55,NORMAL,0
TRAIN_P0539,0.051,0.0163,137,6,0,1,0,0,0,26,0.0109,0,2,1,227.36,NORMAL,0
TRAIN_P1234,0.062,0.0294,223,9,1,0,0,0,0,16,0.01,0,4,1,462.51,NORMAL,0
TRAIN_P1212,0.0,0.029,163,9,1,0,0,0,0,25,0.012,1,2,1,348.49,NORMAL,0
TRAIN_P0782,0.0565,0.0247,170,8,0,0,0,0,0,29,0.0249,0,5,1,459.83,NORMAL,0
TRAIN_P2692,0.1421,0.0618,226,14,4,0,0,0,2,54,0.1375,9,6,1,464.66,RECONNAISSANCE,1
TRAIN_P0189,0.0604,0.0214,172,9,0,0,0,0,0,23,0.0148,0,3,2,250.12,NORMAL,0
TRAIN_P1558,0.0515,0.0244,181,10,0,0,0,0,0,28,0.0124,0,3,1,280.14,NORMAL,0
TRAIN_P2818,0.0568,0.0695,2665,11,4,1,1,0,3,75,0.0222,19,5,5,653.69,SUSPICIOUS_DATA_ACCESS,1
TRAIN_P3561,0.1299,0.0762,1457,15,2,2,0,5,3,40,0.0909,19,8,3,636.91,PRIVILEGE_ABUSE,1
TRAIN_P2150,0.039,0.0277,103,10,0,0,0,0,0,38,0.0145,0,3,1,238.56,NORMAL,0
TRAIN_P2687,0.0416,0.0848,235,17,3,0,0,0,1,35,0.0751,11,4,2,408.91,RECONNAISSANCE,1
TRAIN_P3379,0.0703,0.0814,2034,15,2,0,0,7,5,48,0.15,20,8,3,517.1,PRIVILEGE_ABUSE,1
TRAIN_P2971,0.0364,0.0941,1941,13,4,1,1,0,1,36,0.0334,16,6,1,632.13,SUSPICIOUS_DATA_ACCESS,1
TRAIN_P0355,0.0302,0.0254,169,12,0,0,0,0,0,24,0.0122,0,5,2,400.37,NORMAL,0
TRAIN_P0241,0.0389,0.0261,71,9,0,0,0,0,0,24,0.0171,0,5,1,285.69,NORMAL,0
TRAIN_P0791,0.0407,0.0157,131,6,1,0,0,0,0,29,0.0211,0,3,2,290.25,NORMAL,0
TRAIN_P3101,0.0918,0.1096,3070,15,3,10,7,0,3,68,0.0416,43,9,3,850.21,DATA_EXFILTRATION,1
TRAIN_P0966,0.0555,0.0189,168,10,0,0,0,0,0,28,0.0061,0,3,1,358.15,NORMAL,0
TRAIN_P3488,0.13,0.0955,1840,14,4,1,0,6,5,40,0.0941,19,12,4,521.59,PRIVILEGE_ABUSE,1
TRAIN_P2393,0.6734,0.052,246,7,0,0,0,0,0,43,0.3044,11,6,1,526.84,BRUTE_FORCE,1
TRAIN_P1002,0.0195,0.0209,155,8,0,0,0,0,1,25,0.0118,0,3,1,461.24,NORMAL,0
TRAIN_P0579,0.0409,0.0108,205,9,0,0,0,0,0,24,0.0141,0,5,1,361.06,NORMAL,0
TRAIN_P0555,0.0469,0.0262,118,8,0,0,0,0,0,25,0.0193,0,6,1,301.42,NORMAL,0
TRAIN_P0479,0.0359,0.0161,188,10,0,0,0,0,0,25,0.0241,0,3,1,288.23,NORMAL,0
TRAIN_P3489,0.0747,0.1129,1569,15,2,0,0,7,2,43,0.0996,23,7,3,416.73,PRIVILEGE_ABUSE,1
TRAIN_P1627,0.0391,0.0124,181,8,0,0,0,0,1,30,0.0177,0,2,1,400.8,NORMAL,0
TRAIN_P2632,0.1063,0.0709,280,25,6,0,1,0,0,44,0.1125,7,7,2,394.61,RECONNAISSANCE,1
TRAIN_P0153,0.0045,0.0263,113,8,0,0,0,0,0,33,0.0161,1,5,1,353.05,NORMAL,0
TRAIN_P2741,0.0647,0.0899,2068,12,2,1,1,0,0,51,0.0301,14,7,2,445.37,SUSPICIOUS_DATA_ACCESS,1
TRAIN_P2260,0.5825,0.0664,192,8,0,0,0,0,0,28,0.3144,12,5,1,467.67,BRUTE_FORCE,1
TRAIN_P2913,0.093,0.0683,1970,12,1,0,0,0,1,65,0.0523,17,3,1,516.41,SUSPICIOUS_DATA_ACCESS,1
TRAIN_P1913,0.042,0.023,130,10,0,0,0,0,0,30,0.0096,0,3,1,331.47,NORMAL,0
TRAIN_P0257,0.0394,0.0214,192,9,2,0,0,0,0,18,0.0068,0,2,1,470.99,NORMAL,0
TRAIN_P1873,0.0594,0.0175,94,7,1,0,0,0,0,25,0.0161,0,3,1,360.92,NORMAL,0
TRAIN_P0347,0.022,0.0143,164,7,0,0,0,0,0,10,0.0038,0,5,1,422.34,NORMAL,0
TRAIN_P1539,0.0249,0.0216,145,9,1,0,0,0,0,36,0.0232,0,6,1,571.38,NORMAL,0
TRAIN_P1808,0.0047,0.0239,135,7,0,0,0,0,0,21,0.0167,0,3,1,514.34,NORMAL,0
TRAIN_P0777,0.0538,0.0188,213,9,0,0,0,0,0,17,0.0185,0,3,1,481.78,NORMAL,0
TRAIN_P2513,0.1221,0.0664,186,15,9,0,0,0,1,49,0.1312,6,3,3,601.76,RECONNAISSANCE,1
TRAIN_P2518,0.0572,0.0519,322,14,12,0,0,0,0,46,0.1411,9,5,2,574.75,RECONNAISSANCE,1
TRAIN_P1105,0.0675,0.0186,103,8,0,0,0,0,0,34,0.0142,0,6,1,407.29,NORMAL,0
TRAIN_P1707,0.0298,0.0187,224,8,0,0,0,0,0,22,0.011,0,5,1,404.14,NORMAL,0
TRAIN_P2955,0.103,0.0498,3295,15,4,2,1,0,0,61,0.0178,15,6,2,693.53,SUSPICIOUS_DATA_ACCESS,1
TRAIN_P1425,0.0477,0.0156,97,8,0,0,0,0,0,33,0.0157,0,4,1,326.61,NORMAL,0
TRAIN_P2488,0.0241,0.0826,292,15,6,0,0,0,1,41,0.103,3,3,3,512.78,RECONNAISSANCE,1
TRAIN_P1421,0.0125,0.0175,202,7,0,0,0,0,0,23,0.0167,0,2,2,438.09,NORMAL,0
TRAIN_P0179,0.0536,0.0143,176,9,0,0,0,0,0,21,0.0173,0,5,1,242.39,NORMAL,0
TRAIN_P2816,0.0937,0.0535,2205,12,3,2,0,0,1,68,0.0272,21,8,3,674.8,SUSPICIOUS_DATA_ACCESS,1
TRAIN_P1984,0.0386,0.0233,143,8,0,0,0,0,0,35,0.0234,1,4,1,395.22,NORMAL,0
TRAIN_P1062,0.0136,0.023,165,11,0,0,0,0,0,41,0.0207,0,4,1,477.01,NORMAL,0
TRAIN_P0574,0.0125,0.0176,267,10,0,0,0,0,0,26,0.0165,1,3,1,342.88,NORMAL,0
TRAIN_P1269,0.0842,0.0164,122,8,0,0,0,0,0,21,0.0099,0,3,1,371.95,NORMAL,0
TRAIN_P1081,0.0261,0.0255,116,9,0,0,0,0,0,5,0.0109,0,3,1,345.52,NORMAL,0
TRAIN_P2701,0.1036,0.0536,295,14,5,0,1,0,1,44,0.1095,3,7,1,379.47,RECONNAISSANCE,1
TRAIN_P1727,0.0472,0.0079,180,8,0,0,0,0,1,19,0.0134,0,3,1,378.62,NORMAL,0
TRAIN_P1285,0.0442,0.0168,173,10,0,0,0,0,0,19,0.0103,1,4,2,563.18,NORMAL,0
TRAIN_P1124,0.039,0.0156,156,10,0,0,0,0,0,24,0.019,0,5,1,368.37,NORMAL,0
TRAIN_P3196,0.0767,0.141,2819,14,2,18,8,0,1,49,0.0407,26,7,1,561.74,DATA_EXFILTRATION,1
TRAIN_P0706,0.0194,0.0233,220,8,0,0,0,0,0,27,0.0208,0,6,1,503.42,NORMAL,0
TRAIN_P0015,0.0408,0.0193,145,10,1,0,0,0,0,33,0.0133,0,4,2,280.34,NORMAL,0
TRAIN_P0986,0.042,0.0163,117,7,2,0,0,0,0,27,0.0194,1,4,1,253.82,NORMAL,0
TRAIN_P0174,0.0313,0.0197,233,8,0,0,0,0,0,19,0.0216,0,4,2,392.03,NORMAL,0
TRAIN_P3429,0.0363,0.0619,1936,13,6,0,0,5,3,37,0.0626,26,8,2,758.81,PRIVILEGE_ABUSE,1
TRAIN_P2764,0.0831,0.041,2604,9,2,2,0,0,1,62,0.047,18,7,2,811.94,SUSPICIOUS_DATA_ACCESS,1
TRAIN_P0332,0.0032,0.0245,126,10,0,0,0,0,0,26,0.026,0,4,1,417.72,NORMAL,0
TRAIN_P0692,0.0,0.0181,189,8,0,0,0,0,0,27,0.0144,0,4,1,359.42,NORMAL,0
TRAIN_P0431,0.019,0.0073,140,8,1,0,0,0,0,34,0.0074,0,4,1,346.59,NORMAL,0
TRAIN_P2587,0.1336,0.0589,307,14,3,0,0,0,1,38,0.0918,10,3,1,581.49,RECONNAISSANCE,1
TRAIN_P3575,0.1375,0.084,2013,14,4,4,1,5,5,60,0.0665,32,5,4,656.11,PRIVILEGE_ABUSE,1
TRAIN_P3378,0.088,0.0563,1799,15,5,1,2,7,6,72,0.1248,27,6,3,777.23,PRIVILEGE_ABUSE,1
TRAIN_P2841,0.076,0.0943,2432,11,1,0,0,0,2,64,0.0519,13,5,2,702.29,SUSPICIOUS_DATA_ACCESS,1
TRAIN_P2060,0.0,0.0237,229,11,0,0,0,0,1,25,0.0158,0,3,1,284.87,NORMAL,0
TRAIN_P1678,0.0578,0.0217,156,11,2,0,0,0,0,22,0.0179,0,3,1,369.6,NORMAL,0
TRAIN_P1447,0.0826,0.0163,102,9,0,0,0,0,0,25,0.0169,0,3,1,355.27,NORMAL,0
TRAIN_P0545,0.02,0.0112,153,11,1,0,0,0,0,33,0.0162,0,4,1,389.88,NORMAL,0
TRAIN_P1162,0.0674,0.0251,61,8,0,0,1,0,0,26,0.0127,0,3,1,277.87,NORMAL,0
TRAIN_P3233,0.0993,0.1086,3114,15,0,16,7,0,4,62,0.0447,33,10,2,655.45,DATA_EXFILTRATION,1
TRAIN_P1290,0.0249,0.0219,143,9,0,0,0,0,0,21,0.021,0,5,1,292.27,NORMAL,0
TRAIN_P2227,0.5465,0.066,192,9,1,0,0,0,0,62,0.2766,16,6,1,438.15,BRUTE_FORCE,1
TRAIN_P0451,0.0421,0.0184,175,8,0,0,0,0,0,30,0.0108,0,2,1,409.13,NORMAL,0
TRAIN_P3045,0.0614,0.0944,2509,11,2,2,1,0,1,38,0.0431,15,6,1,704.89,SUSPICIOUS_DATA_ACCESS,1
TRAIN_P1749,0.0,0.0176,94,7,1,0,0,0,0,27,0.0204,0,4,1,416.99,NORMAL,0
TRAIN_P2494,0.0825,0.0383,274,16,13,0,0,0,0,46,0.0621,4,2,2,376.95,RECONNAISSANCE,1
TRAIN_P0325,0.0598,0.0189,171,8,0,0,0,0,0,22,0.0058,0,2,1,331.69,NORMAL,0
TRAIN_P1023,0.0091,0.0258,146,8,1,0,0,0,0,17,0.0109,0,5,1,561.8,NORMAL,0
TRAIN_P0487,0.0347,0.0269,197,8,0,0,0,0,0,13,0.017,0,3,1,482.75,NORMAL,0
TRAIN_P1147,0.0185,0.0263,177,9,0,0,0,0,0,23,0.018,0,4,1,296.41,NORMAL,0
TRAIN_P0819,0.0498,0.0143,111,9,0,0,0,0,0,15,0.0214,0,6,1,327.48,NORMAL,0
TRAIN_P0064,0.086,0.0182,132,11,0,0,0,0,0,14,0.0104,0,1,1,283.41,NORMAL,0
TRAIN_P0267,0.0265,0.018,229,7,0,0,0,0,0,14,0.0123,0,4,1,476.67,NORMAL,0
TRAIN_P1729,0.044,0.0128,69,8,0,0,0,0,0,20,0.0214,0,3,1,327.04,NORMAL,0
TRAIN_P0926,0.0334,0.0214,81,10,0,0,0,0,0,23,0.0279,0,6,1,433.29,NORMAL,0
TRAIN_P0158,0.0575,0.0169,143,10,1,0,0,0,0,25,0.0151,0,5,1,275.29,NORMAL,0
TRAIN_P0858,0.0111,0.0205,212,9,1,0,0,0,0,23,0.0141,0,2,2,301.2,NORMAL,0
TRAIN_P0369,0.0201,0.0128,176,9,0,0,0,0,0,32,0.0148,0,4,1,423.81,NORMAL,0
TRAIN_P0062,0.0392,0.0234,151,9,0,0,0,0,0,21,0.0135,0,2,1,482.23,NORMAL,0
TRAIN_P2979,0.0501,0.1036,2269,12,2,0,0,0,1,53,0.0552,19,4,2,515.4,SUSPICIOUS_DATA_ACCESS,1
TRAIN_P2572,0.0887,0.0647,292,18,7,0,0,0,1,32,0.06,13,5,2,400.81,RECONNAISSANCE,1
TRAIN_P3025,0.0588,0.0473,3157,8,3,0,0,0,1,41,0.044,11,9,3,778.5,SUSPICIOUS_DATA_ACCESS,1
TRAIN_P0255,0.0219,0.0259,176,11,0,0,0,0,0,26,0.0182,0,5,1,327.44,NORMAL,0
TRAIN_P2442,0.5409,0.0756,143,9,0,0,0,0,2,35,0.2182,13,5,1,523.55,BRUTE_FORCE,1
TRAIN_P2792,0.0668,0.1204,1898,12,1,0,0,0,1,42,0.041,13,9,3,621.27,SUSPICIOUS_DATA_ACCESS,1
TRAIN_P2555,0.0892,0.0542,491,14,11,0,0,0,1,64,0.0828,6,5,2,517.1,RECONNAISSANCE,1
TRAIN_P2124,0.0238,0.0228,157,7,0,0,0,0,0,39,0.02,0,2,1,318.76,NORMAL,0
TRAIN_P0110,0.0335,0.0187,203,9,0,0,0,0,1,19,0.0196,1,5,1,523.94,NORMAL,0
TRAIN_P0125,0.0487,0.0245,55,7,0,0,0,0,0,23,0.0219,0,3,1,428.2,NORMAL,0
TRAIN_P1264,0.0263,0.0143,139,6,1,0,0,0,0,48,0.0214,0,6,1,371.61,NORMAL,0
TRAIN_P2437,0.5623,0.0728,184,10,0,0,0,0,0,37,0.3309,10,6,1,200.0,BRUTE_FORCE,1
TRAIN_P0264,0.0063,0.0149,138,7,0,0,0,0,0,42,0.021,0,1,1,453.58,NORMAL,0
TRAIN_P3251,0.0178,0.0891,2244,12,0,16,4,0,3,65,0.0562,25,11,3,665.16,DATA_EXFILTRATION,1
TRAIN_P2990,0.0766,0.1084,1753,11,2,0,0,0,0,66,0.0322,19,7,3,284.69,SUSPICIOUS_DATA_ACCESS,1
TRAIN_P0600,0.0378,0.0123,90,8,0,0,0,0,0,39,0.0134,0,3,1,423.44,NORMAL,0
TRAIN_P1614,0.0341,0.0137,175,11,2,0,0,0,0,9,0.0173,0,3,1,246.03,NORMAL,0
TRAIN_P0222,0.0488,0.0178,165,8,1,0,0,0,0,20,0.021,0,5,1,395.53,NORMAL,0
TRAIN_P1611,0.0542,0.0179,77,7,0,0,0,0,0,11,0.0114,0,5,1,387.06,NORMAL,0
TRAIN_P3159,0.0634,0.1029,3288,13,1,13,4,0,5,59,0.0427,26,10,2,570.69,DATA_EXFILTRATION,1
TRAIN_P2196,0.5676,0.0947,174,9,0,0,1,0,0,39,0.244,12,5,1,324.93,BRUTE_FORCE,1
TRAIN_P0550,0.0849,0.0064,141,10,0,0,0,0,0,22,0.0166,0,2,1,405.8,NORMAL,0
TRAIN_P1744,0.0076,0.0251,78,6,0,0,0,0,0,28,0.0147,0,4,1,301.16,NORMAL,0
TRAIN_P1748,0.0429,0.0107,194,10,0,0,0,0,0,8,0.0166,0,7,1,412.28,NORMAL,0
TRAIN_P2619,0.0644,0.0715,374,13,7,0,0,0,1,55,0.0712,16,4,2,424.75,RECONNAISSANCE,1
TRAIN_P0089,0.0063,0.0153,191,9,0,0,0,0,0,25,0.0099,0,2,1,264.8,NORMAL,0
TRAIN_P2926,0.0727,0.0684,1961,14,5,1,0,0,1,77,0.0446,14,6,2,636.31,SUSPICIOUS_DATA_ACCESS,1
TRAIN_P3091,0.0454,0.0765,2342,15,4,2,0,0,3,58,0.0238,10,6,2,472.7,SUSPICIOUS_DATA_ACCESS,1
TRAIN_P2341,0.5545,0.0893,213,9,1,0,0,0,0,66,0.3381,9,3,2,486.33,BRUTE_FORCE,1
TRAIN_P2567,0.1355,0.0725,265,17,8,0,0,0,1,27,0.1346,12,6,2,603.67,RECONNAISSANCE,1
TRAIN_P0595,0.0391,0.0183,149,8,0,0,0,0,0,33,0.0183,0,2,1,411.52,NORMAL,0
TRAIN_P2311,0.664,0.0679,260,7,0,0,0,0,0,50,0.3138,9,3,1,476.54,BRUTE_FORCE,1
TRAIN_P3479,0.0939,0.0693,1451,15,2,3,0,5,5,47,0.1002,32,11,2,403.03,PRIVILEGE_ABUSE,1
TRAIN_P2099,0.0358,0.0072,87,9,0,0,0,0,0,21,0.0092,0,4,1,330.6,NORMAL,0
TRAIN_P3096,0.0468,0.095,1996,10,2,1,1,0,0,62,0.0393,15,6,1,600.79,SUSPICIOUS_DATA_ACCESS,1
TRAIN_P3242,0.0691,0.1142,2869,15,3,9,4,1,2,77,0.0407,39,9,3,770.47,DATA_EXFILTRATION,1
TRAIN_P1895,0.0485,0.0154,203,9,0,0,0,0,0,37,0.0185,0,4,1,444.36,NORMAL,0
TRAIN_P1567,0.0446,0.0188,145,8,0,0,0,0,0,32,0.0187,0,5,1,414.12,NORMAL,0
TRAIN_P1236,0.0516,0.0153,142,8,0,0,0,0,0,21,0.0141,0,3,1,335.57,NORMAL,0
TRAIN_P2610,0.0875,0.0587,312,15,8,0,0,0,0,38,0.1306,4,9,3,652.51,RECONNAISSANCE,1
TRAIN_P0722,0.0144,0.0181,127,9,0,0,0,0,0,5,0.0085,0,5,1,482.27,NORMAL,0
TRAIN_P3188,0.1339,0.0919,2684,11,2,14,6,0,2,70,0.0513,42,6,2,740.52,DATA_EXFILTRATION,1
TRAIN_P0284,0.0233,0.0238,88,8,0,0,0,0,0,28,0.0163,0,2,1,287.44,NORMAL,0
TRAIN_P0275,0.0468,0.0214,156,8,0,0,0,0,0,26,0.015,0,2,1,510.33,NORMAL,0
TRAIN_P0745,0.0534,0.0237,124,5,0,0,0,0,0,21,0.025,0,2,1,304.29,NORMAL,0
TRAIN_P2347,0.4189,0.0992,240,9,0,0,0,0,0,30,0.2636,11,4,2,384.1,BRUTE_FORCE,1
TRAIN_P3238,0.0592,0.107,3258,13,2,17,5,1,6,62,0.0318,32,7,3,459.16,DATA_EXFILTRATION,1
TRAIN_P2755,0.0433,0.0697,3008,15,4,1,0,0,3,63,0.0403,25,8,2,524.92,SUSPICIOUS_DATA_ACCESS,1
TRAIN_P0424,0.0247,0.0244,121,9,0,0,0,0,0,20,0.0091,0,1,2,442.24,NORMAL,0
TRAIN_P1740,0.0423,0.0158,144,7,0,0,0,0,0,29,0.0137,0,4,1,332.67,NORMAL,0
TRAIN_P0507,0.0681,0.0189,115,9,0,0,0,0,0,28,0.0111,0,3,1,351.35,NORMAL,0
TRAIN_P1863,0.0218,0.0235,136,11,0,0,0,0,0,17,0.0114,0,4,1,403.95,NORMAL,0
TRAIN_P2879,0.0842,0.0761,2482,13,4,1,0,0,0,43,0.0517,10,5,2,551.43,SUSPICIOUS_DATA_ACCESS,1
TRAIN_P1106,0.056,0.0246,186,9,0,0,0,0,0,22,0.0181,0,4,1,437.35,NORMAL,0
TRAIN_P0443,0.0539,0.0236,80,11,0,0,0,0,0,14,0.0151,0,2,1,389.82,NORMAL,0
TRAIN_P0991,0.0721,0.0275,97,6,0,0,0,0,0,21,0.0157,0,2,1,555.33,NORMAL,0
TRAIN_P0219,0.0163,0.0084,171,11,0,0,0,0,0,34,0.0157,1,3,1,447.61,NORMAL,0
TRAIN_P1779,0.0348,0.0196,146,7,0,0,0,0,0,21,0.0132,0,2,1,317.29,NORMAL,0
TRAIN_P2998,0.0868,0.0843,1857,11,2,1,0,0,2,66,0.0452,22,6,5,646.38,SUSPICIOUS_DATA_ACCESS,1
TRAIN_P3353,0.0502,0.0656,1905,11,3,1,0,5,4,49,0.0658,22,11,4,446.86,PRIVILEGE_ABUSE,1
TRAIN_P3434,0.0704,0.0806,900,15,3,1,0,6,4,71,0.0414,20,10,3,543.66,PRIVILEGE_ABUSE,1
TRAIN_P2740,0.0276,0.0631,2213,12,2,1,0,0,4,38,0.0533,16,7,3,598.85,SUSPICIOUS_DATA_ACCESS,1
TRAIN_P1657,0.0503,0.0229,165,9,0,0,0,0,0,23,0.0213,0,2,1,319.63,NORMAL,0
TRAIN_P1692,0.0379,0.0162,139,9,0,0,0,0,0,11,0.0182,0,2,1,354.14,NORMAL,0
TRAIN_P0808,0.0521,0.0146,166,7,0,0,1,0,0,18,0.0076,0,4,2,334.77,NORMAL,0
TRAIN_P1176,0.028,0.0156,151,10,0,0,0,0,1,17,0.0098,0,3,1,340.99,NORMAL,0
TRAIN_P0840,0.0052,0.0177,139,8,2,0,0,0,0,9,0.0126,1,4,1,396.07,NORMAL,0
TRAIN_P1747,0.0317,0.0185,129,8,0,0,0,0,0,23,0.0174,0,2,1,316.27,NORMAL,0
TRAIN_P0765,0.0,0.019,127,7,0,0,0,0,0,25,0.015,0,4,1,350.3,NORMAL,0
TRAIN_P1252,0.0534,0.0179,147,8,0,0,0,0,0,18,0.0214,1,3,1,514.53,NORMAL,0
TRAIN_P1074,0.0422,0.0113,247,8,0,0,0,0,0,37,0.0198,0,2,1,422.67,NORMAL,0
TRAIN_P1030,0.0218,0.0179,141,8,0,0,0,0,0,28,0.0177,0,3,2,418.64,NORMAL,0
TRAIN_P2054,0.0322,0.0198,175,10,0,0,0,0,0,40,0.0157,0,3,1,301.15,NORMAL,0
TRAIN_P0001,0.0499,0.0193,175,11,0,0,0,0,0,37,0.0188,0,3,1,337.99,NORMAL,0
TRAIN_P3400,0.167,0.0649,1820,17,1,2,1,3,5,40,0.1571,29,8,3,376.95,PRIVILEGE_ABUSE,1
TRAIN_P3461,0.1424,0.0726,2088,14,4,2,1,5,5,46,0.1019,21,4,2,623.29,PRIVILEGE_ABUSE,1
TRAIN_P2938,0.0915,0.0506,2582,11,3,0,0,0,2,47,0.0352,27,7,3,488.89,SUSPICIOUS_DATA_ACCESS,1
TRAIN_P1223,0.051,0.0206,166,8,1,0,0,0,0,31,0.0183,0,5,1,427.8,NORMAL,0
TRAIN_P2100,0.0639,0.0182,126,8,0,0,0,0,0,38,0.0115,0,3,1,348.97,NORMAL,0
TRAIN_P0248,0.0137,0.0239,109,7,0,0,0,0,0,32,0.0176,0,4,1,324.33,NORMAL,0
TRAIN_P2084,0.0409,0.0197,105,6,0,0,0,0,0,18,0.0207,0,4,1,498.59,NORMAL,0
TRAIN_P2954,0.0731,0.0852,3229,15,2,1,0,0,3,55,0.0111,5,5,2,526.82,SUSPICIOUS_DATA_ACCESS,1
TRAIN_P2155,0.0426,0.0195,118,10,0,0,0,0,0,15,0.0182,0,4,1,512.79,NORMAL,0
TRAIN_P1615,0.0348,0.0258,183,10,0,0,0,0,0,12,0.0278,0,1,1,373.98,NORMAL,0
TRAIN_P1713,0.0081,0.0154,155,9,0,0,0,0,0,43,0.0225,0,5,1,365.41,NORMAL,0
TRAIN_P0176,0.0421,0.0229,229,6,0,0,0,0,0,23,0.0196,0,3,1,180.0,NORMAL,0
TRAIN_P0279,0.0392,0.0202,187,9,0,0,0,0,0,26,0.0191,0,3,1,328.94,NORMAL,0
TRAIN_P2195,0.4487,0.0791,154,10,1,0,1,0,0,37,0.3412,8,2,1,408.64,BRUTE_FORCE,1
TRAIN_P2172,0.6601,0.0888,251,8,0,0,1,0,0,29,0.3011,16,2,1,431.44,BRUTE_FORCE,1
TRAIN_P3073,0.0832,0.0811,1896,12,2,0,0,0,1,51,0.0463,19,9,1,555.47,SUSPICIOUS_DATA_ACCESS,1
TRAIN_P2895,0.0385,0.1039,2766,13,3,1,0,0,4,51,0.0336,23,6,2,749.75,SUSPICIOUS_DATA_ACCESS,1
TRAIN_P2286,0.5153,0.0722,182,9,0,0,0,0,0,41,0.301,18,2,1,398.13,BRUTE_FORCE,1
TRAIN_P1809,0.0639,0.0196,211,9,0,0,0,0,0,39,0.0195,0,2,1,434.85,NORMAL,0
TRAIN_P0417,0.0078,0.0165,77,9,0,0,0,0,0,16,0.0101,0,3,1,315.88,NORMAL,0
TRAIN_P3285,0.0479,0.0903,2930,17,4,16,10,1,4,47,0.0656,38,5,4,657.95,DATA_EXFILTRATION,1
TRAIN_P0218,0.067,0.0214,159,7,0,0,0,0,0,18,0.0149,0,5,1,336.04,NORMAL,0
TRAIN_P1616,0.0458,0.0242,177,11,0,0,0,0,1,24,0.0129,0,4,1,373.21,NORMAL,0
TRAIN_P0680,0.0618,0.0116,188,10,0,0,0,0,0,25,0.0045,0,4,1,361.34,NORMAL,0
TRAIN_P0643,0.0073,0.0187,143,8,0,0,0,0,1,16,0.0055,0,4,1,494.19,NORMAL,0
TRAIN_P0799,0.0219,0.0201,140,9,1,0,0,0,0,18,0.0152,0,4,1,367.49,NORMAL,0
TRAIN_P2119,0.0552,0.0264,180,10,0,0,0,0,0,25,0.0176,0,4,2,459.69,NORMAL,0
TRAIN_P1353,0.0324,0.024,96,5,0,0,0,0,0,8,0.0166,0,2,2,548.33,NORMAL,0
TRAIN_P0788,0.0344,0.0206,167,9,0,0,0,0,0,30,0.007,0,4,2,366.38,NORMAL,0
TRAIN_P0450,0.0391,0.0138,205,6,0,0,0,0,0,20,0.0193,0,1,1,400.6,NORMAL,0
TRAIN_P1133,0.0664,0.0119,209,8,0,0,0,0,0,19,0.0172,0,2,1,359.74,NORMAL,0
TRAIN_P3226,0.0618,0.1199,3789,14,1,13,4,1,2,65,0.0556,25,8,4,803.93,DATA_EXFILTRATION,1
TRAIN_P1834,0.0303,0.0147,118,7,0,0,0,0,0,14,0.0213,0,4,1,296.57,NORMAL,0
TRAIN_P0868,0.0628,0.005,206,10,0,0,0,0,0,23,0.02,0,4,1,420.82,NORMAL,0
TRAIN_P0434,0.0807,0.0223,130,10,0,0,0,0,0,24,0.0077,0,4,1,383.91,NORMAL,0
TRAIN_P0875,0.0647,0.0187,201,8,0,0,0,0,0,22,0.0181,0,2,1,356.88,NORMAL,0
TRAIN_P0372,0.0127,0.0235,170,9,2,0,0,0,0,26,0.0096,0,3,1,313.88,NORMAL,0
TRAIN_P2957,0.0734,0.1048,2615,11,0,1,0,0,3,53,0.0456,21,8,3,481.81,SUSPICIOUS_DATA_ACCESS,1
TRAIN_P2160,0.0066,0.0131,158,9,0,0,0,0,0,29,0.0056,0,5,1,349.53,NORMAL,0
TRAIN_P1455,0.0247,0.0161,182,9,0,0,0,0,0,33,0.007,0,2,1,439.77,NORMAL,0
TRAIN_P3209,0.0495,0.1286,3247,13,2,11,6,0,1,43,0.0314,38,6,3,455.51,DATA_EXFILTRATION,1
TRAIN_P1273,0.0,0.0129,166,5,0,0,0,0,0,27,0.02,0,4,2,411.61,NORMAL,0
TRAIN_P0811,0.0312,0.0229,124,8,0,0,0,0,1,7,0.0156,0,4,1,364.43,NORMAL,0
TRAIN_P3485,0.0965,0.0995,2243,14,2,2,0,8,2,53,0.122,24,8,2,523.96,PRIVILEGE_ABUSE,1
TRAIN_P1906,0.0012,0.012,186,8,0,0,0,0,0,24,0.016,0,3,1,331.18,NORMAL,0
TRAIN_P1617,0.0272,0.0242,115,7,0,0,0,0,0,5,0.0131,0,4,1,455.85,NORMAL,0
TRAIN_P0247,0.0666,0.0216,125,9,0,0,0,0,0,21,0.0158,0,5,1,311.24,NORMAL,0
TRAIN_P1374,0.0541,0.0182,109,12,0,0,0,0,0,29,0.0105,1,2,1,458.13,NORMAL,0
TRAIN_P0506,0.0173,0.0148,174,9,0,0,0,0,0,8,0.0188,0,4,1,579.87,NORMAL,0
TRAIN_P1492,0.0681,0.0269,123,10,0,0,0,0,0,31,0.024,0,3,2,347.9,NORMAL,0
TRAIN_P1339,0.0417,0.0183,192,14,1,0,0,0,0,27,0.011,0,4,1,382.33,NORMAL,0
TRAIN_P3446,0.1006,0.0577,1381,18,4,1,0,4,4,56,0.0903,13,9,2,530.21,PRIVILEGE_ABUSE,1
TRAIN_P3103,0.0831,0.1155,3628,14,0,12,6,0,2,31,0.0313,42,5,1,795.11,DATA_EXFILTRATION,1
TRAIN_P2252,0.6585,0.0637,195,7,0,0,0,0,0,48,0.3108,14,6,1,340.3,BRUTE_FORCE,1
TRAIN_P0865,0.0463,0.0231,113,10,0,0,0,0,0,30,0.0121,0,4,1,473.01,NORMAL,0
TRAIN_P3152,0.0866,0.1133,3316,17,0,12,6,0,2,81,0.0364,27,5,2,605.56,DATA_EXFILTRATION,1
TRAIN_P2548,0.0661,0.0604,310,12,3,0,0,0,1,32,0.1144,7,6,2,516.75,RECONNAISSANCE,1
TRAIN_P2177,0.5111,0.062,161,12,0,1,0,0,1,32,0.2181,15,2,1,489.21,BRUTE_FORCE,1
TRAIN_P2405,0.4973,0.0817,157,9,0,1,0,0,0,44,0.4044,13,5,1,614.21,BRUTE_FORCE,1
TRAIN_P0544,0.0314,0.0248,201,10,0,0,0,0,0,22,0.0185,0,2,1,251.59,NORMAL,0
TRAIN_P3474,0.0736,0.0934,2080,15,2,0,0,6,3,60,0.0869,23,4,3,479.5,PRIVILEGE_ABUSE,1
TRAIN_P2813,0.0361,0.0882,2386,12,4,0,1,0,3,50,0.0126,15,7,3,517.46,SUSPICIOUS_DATA_ACCESS,1
TRAIN_P0622,0.0269,0.0174,153,9,2,0,0,0,0,25,0.0064,0,3,1,321.37,NORMAL,0
TRAIN_P0762,0.0541,0.0111,40,9,0,0,0,0,0,28,0.0158,0,4,1,391.95,NORMAL,0
TRAIN_P0613,0.0557,0.0219,99,10,0,0,0,0,0,29,0.0008,0,2,1,328.58,NORMAL,0
TRAIN_P1071,0.0328,0.0188,151,7,0,0,0,0,0,17,0.0155,0,4,1,383.28,NORMAL,0
TRAIN_P2604,0.0281,0.0667,184,16,6,0,0,0,1,52,0.0793,9,8,1,368.77,RECONNAISSANCE,1
TRAIN_P2383,0.5107,0.0682,148,10,1,0,0,0,0,32,0.2474,16,4,1,296.57,BRUTE_FORCE,1
TRAIN_P0486,0.0168,0.0279,134,9,0,0,0,0,0,21,0.0085,0,2,1,355.18,NORMAL,0
TRAIN_P2087,0.0236,0.0127,155,7,0,0,0,0,0,24,0.0213,1,4,1,447.54,NORMAL,0
TRAIN_P3585,0.1419,0.0681,1663,18,4,0,0,6,2,57,0.1014,23,6,2,602.72,PRIVILEGE_ABUSE,1
TRAIN_P1136,0.0024,0.0269,159,11,0,0,0,0,0,33,0.0144,0,6,1,390.03,NORMAL,0
TRAIN_P0259,0.0328,0.0221,147,7,0,0,0,0,0,26,0.0105,0,4,1,278.37,NORMAL,0
TRAIN_P2502,0.0652,0.0764,321,16,4,0,0,0,0,51,0.1124,11,7,2,417.62,RECONNAISSANCE,1
TRAIN_P3480,0.0925,0.0632,1530,14,3,3,1,6,5,71,0.0789,29,13,3,468.0,PRIVILEGE_ABUSE,1
TRAIN_P0651,0.0517,0.0264,89,8,1,0,0,0,0,24,0.0105,0,4,2,290.82,NORMAL,0
TRAIN_P3038,0.0371,0.0871,2260,14,2,1,1,0,2,60,0.0513,14,7,2,716.75,SUSPICIOUS_DATA_ACCESS,1
TRAIN_P2598,0.0364,0.0841,196,11,9,0,0,0,0,41,0.1019,12,5,3,479.96,RECONNAISSANCE,1
TRAIN_P3375,0.1427,0.0832,1962,16,2,3,0,2,1,50,0.0701,18,9,4,579.94,PRIVILEGE_ABUSE,1
TRAIN_P2716,0.0953,0.0701,295,16,9,0,0,0,2,32,0.1031,3,7,2,516.73,RECONNAISSANCE,1
TRAIN_P1098,0.0294,0.0195,188,7,0,0,0,0,0,11,0.0118,0,6,1,359.47,NORMAL,0
TRAIN_P3039,0.0745,0.108,2569,12,1,0,1,0,0,42,0.0416,19,9,3,547.81,SUSPICIOUS_DATA_ACCESS,1
TRAIN_P0830,0.0201,0.0223,153,10,0,0,0,0,0,12,0.0271,0,2,1,306.39,NORMAL,0
TRAIN_P2431,0.479,0.0377,240,12,0,0,0,0,0,41,0.2268,15,6,1,489.57,BRUTE_FORCE,1
TRAIN_P3088,0.0474,0.0981,2153,13,2,1,0,0,1,57,0.0321,13,4,1,507.21,SUSPICIOUS_DATA_ACCESS,1
TRAIN_P0597,0.0542,0.0152,140,11,0,0,0,0,0,29,0.0155,0,1,1,387.15,NORMAL,0
TRAIN_P2269,0.4552,0.05,194,11,1,0,0,0,2,38,0.3165,10,6,1,432.97,BRUTE_FORCE,1
TRAIN_P2070,0.0375,0.0178,100,7,0,0,0,0,0,19,0.0107,0,4,1,334.87,NORMAL,0
TRAIN_P0297,0.0272,0.0155,115,6,0,0,0,0,0,20,0.0105,0,4,1,444.86,NORMAL,0
TRAIN_P1503,0.0812,0.0178,229,7,0,0,0,0,0,27,0.0117,0,3,1,484.6,NORMAL,0
TRAIN_P0508,0.0179,0.0233,181,9,0,0,0,0,0,14,0.0239,0,5,1,419.31,NORMAL,0
TRAIN_P0008,0.0349,0.0182,200,8,1,0,0,0,0,21,0.0136,0,3,1,412.32,NORMAL,0
TRAIN_P2012,0.0107,0.0196,162,11,0,0,0,0,0,18,0.0221,0,3,1,396.83,NORMAL,0
TRAIN_P2761,0.0784,0.047,2288,11,4,0,1,0,2,32,0.039,9,7,2,722.4,SUSPICIOUS_DATA_ACCESS,1
TRAIN_P1661,0.0274,0.0209,159,7,0,0,0,0,0,38,0.0098,0,4,2,332.64,NORMAL,0
TRAIN_P1911,0.0244,0.0188,147,6,0,0,0,0,0,22,0.0153,0,3,1,492.97,NORMAL,0
TRAIN_P1460,0.0589,0.0227,185,8,0,0,0,0,0,16,0.0095,0,3,1,457.12,NORMAL,0
TRAIN_P2690,0.089,0.0397,197,14,12,0,0,0,2,53,0.1379,15,3,2,447.74,RECONNAISSANCE,1
TRAIN_P3468,0.1529,0.1046,1180,13,2,0,1,7,4,44,0.0205,17,6,3,466.35,PRIVILEGE_ABUSE,1
TRAIN_P2520,0.1077,0.0629,249,19,9,0,0,0,1,29,0.0636,7,6,1,592.82,RECONNAISSANCE,1
TRAIN_P3504,0.1085,0.0841,2130,13,6,0,1,7,6,55,0.1006,12,11,3,611.01,PRIVILEGE_ABUSE,1
TRAIN_P2314,0.527,0.0452,164,8,0,0,0,0,0,37,0.3627,18,4,1,584.24,BRUTE_FORCE,1
TRAIN_P2484,0.0718,0.0266,325,11,8,1,0,0,1,50,0.0912,15,6,2,587.31,RECONNAISSANCE,1
TRAIN_P0097,0.018,0.0164,126,8,0,0,0,0,0,33,0.0155,0,1,1,409.92,NORMAL,0
TRAIN_P2079,0.0434,0.0263,192,7,0,0,0,0,0,28,0.0108,0,5,1,338.46,NORMAL,0
TRAIN_P3454,0.0709,0.0579,2034,11,0,1,0,6,2,62,0.1314,21,9,1,482.16,PRIVILEGE_ABUSE,1
TRAIN_P2156,0.0647,0.0213,175,9,0,0,0,0,0,41,0.0102,0,3,1,289.61,NORMAL,0
TRAIN_P2315,0.4491,0.0613,237,9,0,0,0,0,1,20,0.2367,9,5,1,376.12,BRUTE_FORCE,1
TRAIN_P0026,0.0595,0.0193,116,8,0,0,0,0,0,26,0.0125,0,4,1,449.8,NORMAL,0
TRAIN_P1316,0.0378,0.0131,157,8,0,0,0,0,0,32,0.0135,0,4,1,305.44,NORMAL,0
TRAIN_P2336,0.5046,0.0718,171,12,1,0,0,0,0,37,0.2961,14,4,1,404.7,BRUTE_FORCE,1
TRAIN_P2441,0.5839,0.0718,190,7,0,0,0,0,0,32,0.3126,15,6,2,359.16,BRUTE_FORCE,1
TRAIN_P0848,0.0098,0.0166,122,8,0,0,0,0,0,12,0.0177,0,6,1,366.75,NORMAL,0
TRAIN_P2544,0.1025,0.072,402,13,10,0,0,0,2,63,0.0722,7,6,1,567.5,RECONNAISSANCE,1
TRAIN_P0998,0.0588,0.0166,143,11,0,0,1,0,0,16,0.012,0,3,1,434.39,NORMAL,0
TRAIN_P3278,0.093,0.0882,3110,11,1,11,7,0,4,52,0.0183,26,9,1,734.63,DATA_EXFILTRATION,1
TRAIN_P0747,0.0325,0.0172,130,4,0,0,0,0,0,16,0.0133,0,4,1,551.01,NORMAL,0
TRAIN_P1836,0.032,0.0138,161,10,0,0,0,0,0,24,0.0187,0,2,1,272.32,NORMAL,0
TRAIN_P0068,0.0124,0.0163,148,11,0,0,0,0,0,24,0.0209,0,5,1,407.45,NORMAL,0
TRAIN_P1778,0.0605,0.0262,179,8,0,0,0,0,0,16,0.0123,0,3,1,538.46,NORMAL,0
TRAIN_P1019,0.0087,0.0208,153,8,0,0,0,0,0,25,0.0179,0,5,1,366.7,NORMAL,0
TRAIN_P2074,0.0383,0.0195,100,11,0,0,0,0,0,11,0.015,0,4,1,310.96,NORMAL,0
TRAIN_P2892,0.0639,0.0877,1992,14,1,1,1,0,1,42,0.0457,15,6,3,637.5,SUSPICIOUS_DATA_ACCESS,1
TRAIN_P3270,0.054,0.05,2867,14,1,13,8,1,4,52,0.0289,36,9,2,780.91,DATA_EXFILTRATION,1
TRAIN_P0032,0.0424,0.0226,178,7,0,0,0,0,0,37,0.0156,0,4,1,472.26,NORMAL,0
TRAIN_P2004,0.0424,0.0164,94,7,0,0,0,0,0,23,0.0091,1,3,1,427.39,NORMAL,0
TRAIN_P2606,0.0678,0.0824,261,14,8,1,0,0,1,43,0.114,8,7,2,581.65,RECONNAISSANCE,1
TRAIN_P0611,0.0197,0.0182,182,9,0,0,0,0,0,17,0.026,1,3,1,351.06,NORMAL,0
TRAIN_P2043,0.0404,0.0207,127,9,0,0,0,0,0,29,0.0048,0,5,1,469.86,NORMAL,0
TRAIN_P0571,0.0618,0.0254,147,11,1,0,0,0,0,23,0.0147,0,3,1,295.3,NORMAL,0
TRAIN_P3333,0.0896,0.0681,3253,16,2,14,7,0,0,50,0.0334,20,10,2,767.82,DATA_EXFILTRATION,1
TRAIN_P0344,0.0503,0.0241,162,8,0,0,0,0,1,17,0.0102,1,4,2,420.91,NORMAL,0
TRAIN_P2112,0.0191,0.0187,186,9,0,0,0,0,0,34,0.0208,0,1,1,382.05,NORMAL,0
TRAIN_P1557,0.033,0.0196,43,7,0,0,0,0,0,31,0.0069,0,2,1,260.63,NORMAL,0
TRAIN_P0679,0.0478,0.0272,168,9,0,0,0,0,0,13,0.0065,0,5,2,425.33,NORMAL,0
TRAIN_P1351,0.0288,0.0285,122,9,0,0,0,0,0,20,0.0185,0,4,1,443.29,NORMAL,0
TRAIN_P2749,0.0552,0.1172,2595,12,2,1,2,0,2,38,0.0363,17,4,1,651.47,SUSPICIOUS_DATA_ACCESS,1
TRAIN_P2950,0.0499,0.1056,2399,18,2,3,1,0,2,75,0.0282,22,6,2,589.97,SUSPICIOUS_DATA_ACCESS,1
TRAIN_P3522,0.1201,0.1019,1772,13,4,0,1,7,4,16,0.0618,18,8,2,494.14,PRIVILEGE_ABUSE,1
TRAIN_P0941,0.0099,0.0165,135,10,0,0,0,0,0,42,0.0141,0,5,1,331.85,NORMAL,0
TRAIN_P3269,0.0807,0.0917,2599,10,2,10,7,1,1,56,0.0307,20,10,3,863.29,DATA_EXFILTRATION,1
TRAIN_P2133,0.0418,0.0176,185,8,0,0,0,0,0,32,0.015,0,1,1,312.85,NORMAL,0
TRAIN_P1770,0.0308,0.0188,114,7,0,0,0,0,0,27,0.0197,0,4,1,327.59,NORMAL,0
TRAIN_P2323,0.5206,0.0826,215,11,0,0,0,0,0,41,0.3846,16,6,1,439.1,BRUTE_FORCE,1
TRAIN_P1753,0.055,0.0221,172,10,0,0,0,0,0,28,0.0225,0,5,1,395.42,NORMAL,0
TRAIN_P0577,0.0746,0.0177,98,8,0,0,0,0,0,28,0.0249,0,4,1,452.1,NORMAL,0
TRAIN_P2527,0.0796,0.0741,336,13,7,0,0,0,0,56,0.1387,8,4,2,606.76,RECONNAISSANCE,1
TRAIN_P3405,0.1495,0.0756,1951,16,2,0,2,2,3,35,0.1118,30,7,6,681.49,PRIVILEGE_ABUSE,1
TRAIN_P2855,0.0527,0.0992,2372,9,3,0,1,0,0,69,0.0467,16,3,1,662.25,SUSPICIOUS_DATA_ACCESS,1
TRAIN_P2275,0.6164,0.0434,242,6,0,0,0,0,0,45,0.316,6,6,2,294.09,BRUTE_FORCE,1
TRAIN_P0529,0.0382,0.0191,166,9,0,0,0,0,0,25,0.023,0,4,1,364.36,NORMAL,0
TRAIN_P0177,0.015,0.0218,185,8,0,0,0,0,0,5,0.016,0,3,1,456.62,NORMAL,0
TRAIN_P2458,0.1325,0.0787,315,15,5,0,0,0,0,43,0.0916,13,3,2,343.9,RECONNAISSANCE,1
TRAIN_P0423,0.0021,0.0216,102,8,0,0,0,0,0,12,0.0208,0,2,1,357.3,NORMAL,0
TRAIN_P0681,0.0386,0.0192,52,10,0,0,0,0,1,16,0.0073,0,3,2,501.61,NORMAL,0
TRAIN_P3475,0.0918,0.0807,1359,19,6,0,0,10,5,47,0.0929,13,14,3,594.41,PRIVILEGE_ABUSE,1
TRAIN_P1654,0.0641,0.0246,204,8,1,0,0,0,0,25,0.014,0,3,1,278.49,NORMAL,0
TRAIN_P3387,0.0588,0.0667,1552,11,3,1,1,9,3,57,0.0794,20,10,2,639.66,PRIVILEGE_ABUSE,1
TRAIN_P2776,0.0601,0.0569,2114,14,1,1,0,0,1,41,0.0402,10,5,3,705.86,SUSPICIOUS_DATA_ACCESS,1
TRAIN_P2501,0.0797,0.0823,463,17,10,1,0,0,1,50,0.0727,13,6,2,417.35,RECONNAISSANCE,1
TRAIN_P1042,0.0483,0.0193,131,10,0,0,0,0,0,45,0.0075,0,2,1,299.36,NORMAL,0
TRAIN_P3155,0.0782,0.0596,2841,13,0,11,6,0,4,66,0.0255,31,8,2,727.13,DATA_EXFILTRATION,1
TRAIN_P0289,0.0356,0.0154,152,9,0,0,0,0,0,32,0.0114,0,4,1,383.16,NORMAL,0
TRAIN_P3282,0.0595,0.1446,2606,13,1,6,7,0,2,76,0.0419,38,10,3,628.52,DATA_EXFILTRATION,1
TRAIN_P2384,0.573,0.076,266,8,0,0,0,0,0,47,0.3643,8,3,1,461.42,BRUTE_FORCE,1
TRAIN_P2010,0.0543,0.0213,165,9,0,0,0,0,0,19,0.0036,0,3,1,363.47,NORMAL,0
TRAIN_P2115,0.0389,0.0217,174,10,0,0,0,0,0,31,0.0157,0,3,1,465.39,NORMAL,0
TRAIN_P1129,0.0211,0.0175,143,9,0,0,0,0,0,29,0.0158,0,6,1,456.63,NORMAL,0
TRAIN_P0178,0.0536,0.026,78,9,0,0,0,0,0,19,0.0152,1,3,1,298.14,NORMAL,0
TRAIN_P0839,0.0086,0.0185,165,9,0,0,0,0,0,19,0.019,0,3,1,535.59,NORMAL,0
TRAIN_P1114,0.0514,0.0269,105,8,0,1,0,0,0,5,0.014,0,1,1,386.39,NORMAL,0
TRAIN_P1838,0.0153,0.0121,164,7,0,0,0,0,0,28,0.0182,0,5,1,487.33,NORMAL,0
TRAIN_P2326,0.5717,0.0669,134,8,1,0,0,0,0,24,0.267,19,4,1,446.09,BRUTE_FORCE,1
TRAIN_P0371,0.0442,0.0176,213,9,0,0,0,0,0,27,0.0198,0,4,1,424.51,NORMAL,0
TRAIN_P1495,0.051,0.0243,120,9,0,0,0,0,0,30,0.0122,0,3,1,407.74,NORMAL,0
TRAIN_P0730,0.0394,0.0207,194,6,0,0,0,0,0,32,0.0168,0,3,1,341.17,NORMAL,0
TRAIN_P0599,0.0444,0.0284,172,9,0,0,0,0,0,8,0.0116,0,4,1,356.8,NORMAL,0
TRAIN_P2184,0.5744,0.0793,224,13,1,0,0,0,0,25,0.2567,9,5,1,542.41,BRUTE_FORCE,1
TRAIN_P1488,0.0428,0.0164,125,9,0,0,0,0,0,17,0.006,0,4,1,292.88,NORMAL,0
TRAIN_P2273,0.5022,0.0706,162,11,0,0,0,0,0,53,0.3271,11,5,1,431.52,BRUTE_FORCE,1
TRAIN_P2185,0.5101,0.0379,185,9,0,0,0,0,0,21,0.4017,12,4,2,386.41,BRUTE_FORCE,1
TRAIN_P3293,0.0572,0.113,3143,15,0,18,5,0,2,71,0.0056,27,6,3,501.3,DATA_EXFILTRATION,1
TRAIN_P2830,0.0536,0.0763,2355,13,4,2,1,0,0,39,0.039,23,6,2,687.99,SUSPICIOUS_DATA_ACCESS,1
TRAIN_P1621,0.0194,0.0086,159,11,0,0,0,0,0,17,0.0226,0,5,1,322.27,NORMAL,0
TRAIN_P0142,0.0039,0.0121,160,9,0,0,0,0,1,21,0.0157,0,4,1,330.82,NORMAL,0
TRAIN_P2967,0.0784,0.0725,2506,13,4,1,0,0,2,43,0.0461,17,7,2,506.93,SUSPICIOUS_DATA_ACCESS,1
TRAIN_P0666,0.0415,0.0224,162,10,0,0,0,0,0,19,0.013,0,5,2,396.68,NORMAL,0
TRAIN_P0810,0.0464,0.0296,69,7,0,0,0,0,0,11,0.0116,0,3,1,373.71,NORMAL,0
TRAIN_P2510,0.0732,0.0545,326,13,12,0,0,0,1,39,0.0653,9,6,2,332.37,RECONNAISSANCE,1
TRAIN_P0655,0.081,0.0115,124,8,1,0,0,0,0,20,0.0165,0,3,1,330.65,NORMAL,0
TRAIN_P0472,0.0277,0.0149,121,9,0,0,0,0,0,31,0.0198,0,6,1,351.51,NORMAL,0
TRAIN_P1599,0.0649,0.0225,105,6,0,0,0,0,0,34,0.0234,0,3,1,328.21,NORMAL,0
TRAIN_P1189,0.0255,0.0252,198,7,0,0,0,0,0,32,0.0104,0,5,1,390.72,NORMAL,0
TRAIN_P1139,0.034,0.0206,140,6,0,0,0,0,0,22,0.018,0,6,1,377.51,NORMAL,0
TRAIN_P0953,0.0495,0.0305,88,11,0,0,0,0,0,34,0.0219,0,1,1,372.85,NORMAL,0
TRAIN_P2669,0.1031,0.0669,288,13,8,0,0,0,0,67,0.1084,8,5,1,504.8,RECONNAISSANCE,1
TRAIN_P1211,0.0543,0.0258,40,8,0,0,0,0,0,40,0.0164,0,2,1,236.55,NORMAL,0
TRAIN_P1160,0.0502,0.024,201,7,1,0,0,0,0,50,0.0143,0,5,1,489.08,NORMAL,0
TRAIN_P1363,0.0487,0.0178,165,8,0,0,0,0,0,27,0.0162,0,5,1,452.9,NORMAL,0
TRAIN_P0196,0.0496,0.0227,171,8,1,0,0,0,0,23,0.0107,0,2,1,381.15,NORMAL,0
TRAIN_P0533,0.021,0.0155,55,11,0,0,0,0,0,21,0.0085,0,1,1,475.01,NORMAL,0
TRAIN_P1357,0.002,0.0204,162,8,2,0,0,0,0,23,0.0225,0,5,1,321.69,NORMAL,0
TRAIN_P3255,0.0499,0.1069,2967,13,2,10,7,0,2,77,0.0123,25,7,3,715.77,DATA_EXFILTRATION,1
TRAIN_P1271,0.0577,0.0215,112,6,1,0,0,0,0,37,0.0025,0,2,1,407.52,NORMAL,0
TRAIN_P0870,0.0326,0.0238,119,9,0,0,0,0,0,31,0.0052,0,4,1,376.61,NORMAL,0
TRAIN_P3264,0.097,0.0835,3151,13,2,16,6,0,3,61,0.05,44,11,3,892.78,DATA_EXFILTRATION,1
TRAIN_P0228,0.0361,0.0197,153,9,1,0,0,0,0,31,0.0127,1,4,1,422.67,NORMAL,0
TRAIN_P0556,0.0535,0.0114,258,8,0,0,0,0,0,23,0.0144,0,2,1,450.33,NORMAL,0
TRAIN_P1704,0.0657,0.0144,160,8,1,0,0,0,0,28,0.0111,0,3,1,556.77,NORMAL,0
TRAIN_P2722,0.1073,0.0635,410,19,7,0,0,0,1,46,0.075,11,4,2,591.06,RECONNAISSANCE,1
TRAIN_P3157,0.0515,0.1217,2433,14,2,12,5,0,1,52,0.0195,41,5,3,870.75,DATA_EXFILTRATION,1
TRAIN_P2688,0.0869,0.0782,360,13,6,0,0,0,1,45,0.0777,9,8,1,358.13,RECONNAISSANCE,1
TRAIN_P1942,0.0484,0.0158,125,7,0,0,0,0,0,30,0.0096,0,3,1,437.47,NORMAL,0
TRAIN_P2402,0.5504,0.073,97,12,0,0,0,0,1,51,0.2385,6,6,1,405.05,BRUTE_FORCE,1
TRAIN_P0632,0.045,0.0171,195,10,1,0,0,0,0,12,0.0107,0,2,2,221.53,NORMAL,0
TRAIN_P3593,0.0807,0.0968,2060,11,2,1,0,8,2,64,0.01,19,12,3,533.05,PRIVILEGE_ABUSE,1
TRAIN_P1207,0.0679,0.0118,133,12,0,0,0,0,0,34,0.0212,0,3,1,270.88,NORMAL,0
TRAIN_P0163,0.0523,0.026,144,8,1,0,0,0,0,20,0.0089,0,5,1,354.39,NORMAL,0
TRAIN_P0220,0.0741,0.0196,40,6,0,0,0,0,0,20,0.0052,0,3,2,356.01,NORMAL,0
TRAIN_P1973,0.0244,0.0085,141,9,0,0,0,0,0,12,0.0233,0,5,2,332.46,NORMAL,0
TRAIN_P1033,0.0358,0.0204,161,9,0,0,0,0,0,14,0.0209,0,4,1,385.49,NORMAL,0
TRAIN_P2167,0.6157,0.0701,228,9,0,0,0,0,0,41,0.2983,17,6,1,302.54,BRUTE_FORCE,1
TRAIN_P2127,0.0464,0.0155,180,9,0,0,0,0,0,15,0.0148,0,4,1,418.88,NORMAL,0
TRAIN_P1504,0.0131,0.0248,126,8,0,0,0,0,0,33,0.0162,0,4,1,413.81,NORMAL,0
TRAIN_P0548,0.0599,0.0171,194,10,0,0,0,0,0,22,0.015,0,4,1,237.79,NORMAL,0
TRAIN_P2743,0.0358,0.1061,2497,13,2,2,0,0,1,61,0.0387,27,8,3,752.1,SUSPICIOUS_DATA_ACCESS,1
TRAIN_P2987,0.0812,0.1045,3434,14,3,2,1,0,1,52,0.0247,19,8,2,716.06,SUSPICIOUS_DATA_ACCESS,1
TRAIN_P1833,0.0694,0.0191,158,8,0,0,0,0,0,39,0.0199,0,4,1,336.79,NORMAL,0
TRAIN_P0569,0.0797,0.0201,165,11,1,0,0,0,0,31,0.0154,0,5,1,574.1,NORMAL,0
TRAIN_P0872,0.0499,0.0225,125,13,1,0,0,0,0,22,0.0198,0,3,1,247.07,NORMAL,0
TRAIN_P2543,0.0618,0.0521,309,18,8,0,1,0,1,52,0.114,9,7,1,545.1,RECONNAISSANCE,1
TRAIN_P1090,0.0151,0.0147,136,8,0,0,0,0,0,22,0.0104,0,4,1,243.41,NORMAL,0
TRAIN_P2482,0.1,0.0506,469,16,10,2,0,0,2,49,0.0769,7,5,2,360.01,RECONNAISSANCE,1
TRAIN_P0612,0.0064,0.0175,161,10,0,0,0,0,0,23,0.0134,0,3,1,353.87,NORMAL,0
TRAIN_P2440,0.4963,0.0635,145,8,1,0,0,0,0,38,0.2532,12,5,3,407.35,BRUTE_FORCE,1
TRAIN_P1908,0.0408,0.027,206,7,0,0,0,0,0,23,0.0192,1,5,1,437.84,NORMAL,0
TRAIN_P3299,0.0774,0.0956,2665,13,1,15,9,0,3,61,0.0369,24,6,4,651.65,DATA_EXFILTRATION,1
TRAIN_P3565,0.0924,0.0734,2201,13,3,2,0,3,3,54,0.0835,21,10,2,511.24,PRIVILEGE_ABUSE,1
TRAIN_P0743,0.036,0.018,191,11,0,0,0,0,0,15,0.0172,0,4,1,425.76,NORMAL,0
TRAIN_P3231,0.074,0.1004,3002,16,1,17,6,0,1,50,0.0336,33,7,2,600.09,DATA_EXFILTRATION,1
TRAIN_P3415,0.1821,0.0752,973,11,4,0,1,5,5,54,0.0309,27,12,2,441.69,PRIVILEGE_ABUSE,1
TRAIN_P1827,0.0367,0.0282,153,9,1,0,0,0,0,25,0.0235,0,2,1,287.17,NORMAL,0
TRAIN_P0582,0.0432,0.0165,158,6,0,0,0,0,0,29,0.0144,0,4,1,341.29,NORMAL,0
TRAIN_P3258,0.0723,0.1481,3183,16,2,13,6,0,1,70,0.0142,24,6,3,718.36,DATA_EXFILTRATION,1
TRAIN_P1886,0.0229,0.0198,94,8,0,0,0,0,0,13,0.0096,0,2,1,390.8,NORMAL,0
TRAIN_P1004,0.0387,0.0139,175,9,0,0,0,0,0,22,0.0168,0,2,1,484.38,NORMAL,0
TRAIN_P0074,0.058,0.019,121,7,0,0,0,0,0,29,0.0149,0,4,1,416.54,NORMAL,0
TRAIN_P0049,0.0202,0.0194,152,10,0,0,0,0,0,16,0.0067,0,3,1,430.25,NORMAL,0
TRAIN_P1887,0.033,0.023,172,7,0,0,0,0,0,29,0.0136,0,4,1,487.27,NORMAL,0
TRAIN_P1095,0.053,0.0172,179,7,0,0,0,0,0,21,0.0096,0,3,1,335.07,NORMAL,0
TRAIN_P1502,0.01,0.0197,174,8,0,0,0,0,0,26,0.0167,0,3,1,421.61,NORMAL,0
TRAIN_P3208,0.0386,0.1275,3403,16,1,8,9,0,2,83,0.03,25,6,3,623.9,DATA_EXFILTRATION,1
TRAIN_P3042,0.066,0.0579,2694,13,2,0,1,0,2,43,0.0528,19,7,3,266.47,SUSPICIOUS_DATA_ACCESS,1
TRAIN_P0757,0.0517,0.02,171,7,0,0,0,0,0,16,0.0184,0,3,2,415.87,NORMAL,0
TRAIN_P1075,0.0343,0.0148,153,7,0,0,0,0,0,24,0.0188,0,2,1,514.88,NORMAL,0
TRAIN_P2474,0.0672,0.051,320,14,8,0,0,0,1,31,0.0937,7,8,1,430.5,RECONNAISSANCE,1
TRAIN_P0979,0.0985,0.014,153,7,0,0,0,0,0,30,0.0044,0,5,1,316.27,NORMAL,0
TRAIN_P3515,0.1247,0.0743,1284,12,2,0,0,6,2,59,0.0494,29,8,2,589.33,PRIVILEGE_ABUSE,1
TRAIN_P2542,0.1082,0.0714,396,11,7,0,0,0,1,43,0.1042,12,4,2,420.99,RECONNAISSANCE,1
TRAIN_P1456,0.0281,0.0097,224,9,0,0,0,0,0,15,0.0142,0,3,1,283.71,NORMAL,0
TRAIN_P2762,0.0564,0.0646,2879,11,4,1,0,0,0,69,0.0475,14,7,3,593.44,SUSPICIOUS_DATA_ACCESS,1
TRAIN_P1408,0.0474,0.016,123,8,0,0,0,0,0,14,0.0155,0,6,1,389.43,NORMAL,0
TRAIN_P2355,0.4664,0.0705,260,8,0,0,0,0,0,45,0.3212,14,8,1,458.91,BRUTE_FORCE,1
TRAIN_P0573,0.0176,0.0277,112,10,0,0,0,0,0,30,0.0144,0,4,1,497.63,NORMAL,0
TRAIN_P1964,0.0227,0.0286,141,10,0,0,0,0,0,18,0.0236,0,3,1,251.77,NORMAL,0
TRAIN_P3549,0.1125,0.067,1946,14,5,0,0,6,3,41,0.0832,18,13,3,570.52,PRIVILEGE_ABUSE,1
TRAIN_P2866,0.0728,0.065,1591,7,2,1,0,0,1,35,0.0117,19,6,2,394.99,SUSPICIOUS_DATA_ACCESS,1
TRAIN_P2507,0.0568,0.0763,267,15,11,0,0,0,1,38,0.0921,12,7,2,597.64,RECONNAISSANCE,1
TRAIN_P2197,0.5473,0.0473,192,10,1,0,0,0,0,35,0.3657,8,4,1,337.7,BRUTE_FORCE,1
TRAIN_P2290,0.4947,0.0678,151,8,0,0,0,0,1,44,0.3974,15,5,1,432.4,BRUTE_FORCE,1
TRAIN_P1205,0.0,0.0211,98,9,0,0,0,0,0,25,0.0199,0,4,1,388.94,NORMAL,0
TRAIN_P3116,0.0945,0.134,3961,14,4,12,7,0,3,57,0.0091,47,10,3,605.87,DATA_EXFILTRATION,1
TRAIN_P1407,0.0277,0.0242,189,10,0,0,0,0,0,26,0.0141,0,3,1,330.6,NORMAL,0
TRAIN_P2132,0.0344,0.0247,138,10,0,0,0,0,0,30,0.0116,0,7,1,293.69,NORMAL,0
TRAIN_P2759,0.0427,0.0578,2149,13,2,0,0,0,3,80,0.0332,19,5,3,522.83,SUSPICIOUS_DATA_ACCESS,1
TRAIN_P2207,0.5519,0.0709,177,10,0,0,0,0,0,41,0.3007,19,2,1,363.2,BRUTE_FORCE,1
TRAIN_P3534,0.1161,0.0622,1423,11,4,3,1,7,3,58,0.0745,22,7,2,631.15,PRIVILEGE_ABUSE,1
TRAIN_P3319,0.087,0.0948,3323,11,1,9,9,0,3,58,0.0402,25,8,5,364.42,DATA_EXFILTRATION,1
TRAIN_P0260,0.04,0.0171,106,10,0,0,0,0,0,37,0.0179,0,3,1,553.12,NORMAL,0
TRAIN_P1601,0.0401,0.0206,65,9,0,0,0,0,0,23,0.0171,0,3,1,360.55,NORMAL,0
TRAIN_P1832,0.0571,0.0303,124,10,0,0,1,0,0,18,0.0123,0,3,2,468.55,NORMAL,0
TRAIN_P3245,0.0643,0.1115,2448,12,2,14,9,0,1,54,0.0389,36,11,2,461.78,DATA_EXFILTRATION,1
TRAIN_P0813,0.0591,0.0223,110,6,2,0,0,0,0,21,0.0078,0,3,1,336.67,NORMAL,0
TRAIN_P2592,0.0693,0.0783,211,14,8,0,0,0,1,40,0.04,6,2,1,457.16,RECONNAISSANCE,1
TRAIN_P2118,0.0437,0.0201,193,10,0,0,0,0,1,18,0.0128,0,5,1,323.57,NORMAL,0
TRAIN_P1547,0.0414,0.0176,140,8,0,0,0,0,0,21,0.0257,1,5,1,316.62,NORMAL,0
TRAIN_P1624,0.0254,0.0145,184,10,1,0,0,0,0,23,0.0157,0,3,1,375.66,NORMAL,0
TRAIN_P3428,0.1053,0.0415,1758,14,2,1,1,3,5,62,0.0693,21,9,4,753.17,PRIVILEGE_ABUSE,1
TRAIN_P1974,0.0586,0.019,125,8,0,0,0,0,0,23,0.013,0,1,1,434.37,NORMAL,0
TRAIN_P2802,0.0446,0.0581,2781,11,3,1,0,0,2,55,0.0624,14,4,2,637.16,SUSPICIOUS_DATA_ACCESS,1
TRAIN_P3266,0.0903,0.1438,2961,14,2,10,7,0,2,42,0.0372,34,5,2,747.86,DATA_EXFILTRATION,1
TRAIN_P2620,0.0226,0.07,372,17,7,0,0,0,1,45,0.1311,3,4,3,236.94,RECONNAISSANCE,1
TRAIN_P1379,0.0609,0.0197,196,8,0,0,0,0,0,19,0.0073,0,4,1,334.43,NORMAL,0
TRAIN_P3453,0.113,0.0711,1533,15,4,0,0,4,3,52,0.0289,20,8,2,471.21,PRIVILEGE_ABUSE,1
TRAIN_P3134,0.0673,0.1168,3180,14,2,9,3,0,3,67,0.0119,26,6,2,854.98,DATA_EXFILTRATION,1
TRAIN_P1238,0.0364,0.0132,93,9,0,0,0,0,0,20,0.0212,0,5,1,363.74,NORMAL,0
TRAIN_P3433,0.0967,0.0772,900,14,4,1,1,4,2,57,0.0784,19,11,3,460.41,PRIVILEGE_ABUSE,1
TRAIN_P1072,0.0367,0.0168,133,8,0,0,0,0,0,22,0.0147,1,5,1,332.15,NORMAL,0
TRAIN_P2847,0.0599,0.0863,2328,10,3,1,0,0,1,20,0.0581,22,4,2,753.82,SUSPICIOUS_DATA_ACCESS,1
TRAIN_P1746,0.0098,0.031,141,9,0,0,0,0,0,28,0.008,0,4,1,303.7,NORMAL,0
TRAIN_P2141,0.0795,0.0215,136,7,0,0,0,0,0,34,0.0195,0,5,1,315.6,NORMAL,0
TRAIN_P3499,0.0862,0.0913,1985,18,2,3,1,7,4,57,0.0474,27,9,2,476.8,PRIVILEGE_ABUSE,1
TRAIN_P1919,0.0455,0.0245,128,10,0,0,0,0,0,35,0.0149,0,2,2,365.12,NORMAL,0
TRAIN_P1862,0.0538,0.0154,134,7,0,0,0,0,0,28,0.0168,0,4,1,468.18,NORMAL,0
TRAIN_P1726,0.0318,0.0134,171,10,0,0,0,0,0,9,0.0159,0,6,1,517.04,NORMAL,0
TRAIN_P3554,0.0364,0.0466,1518,14,6,2,0,5,4,44,0.0577,17,7,2,431.41,PRIVILEGE_ABUSE,1
TRAIN_P2958,0.0405,0.0744,1530,12,2,1,0,0,0,70,0.0412,22,7,3,416.68,SUSPICIOUS_DATA_ACCESS,1
TRAIN_P0109,0.0327,0.0209,96,7,0,0,0,0,0,34,0.0186,0,4,1,484.89,NORMAL,0
TRAIN_P1085,0.0227,0.0217,281,10,0,0,0,0,0,19,0.0167,0,6,1,434.5,NORMAL,0
TRAIN_P1651,0.0352,0.0098,134,9,0,0,0,0,0,25,0.0053,0,4,2,411.7,NORMAL,0
TRAIN_P1378,0.024,0.0111,138,8,1,0,0,0,0,20,0.0177,0,1,2,316.39,NORMAL,0
TRAIN_P0319,0.0165,0.0195,138,8,0,0,0,0,0,24,0.0125,0,5,1,386.38,NORMAL,0
TRAIN_P0817,0.0434,0.0169,163,6,1,0,0,0,0,26,0.0072,0,2,2,325.26,NORMAL,0
TRAIN_P0060,0.0524,0.0121,120,8,1,0,0,0,0,26,0.0083,0,4,1,429.49,NORMAL,0
TRAIN_P0894,0.0275,0.026,117,9,0,1,0,0,0,35,0.0147,1,3,1,363.04,NORMAL,0
TRAIN_P1420,0.0096,0.0288,135,8,0,0,0,0,0,24,0.0113,0,3,1,321.24,NORMAL,0
TRAIN_P1371,0.0,0.0121,125,8,0,0,0,0,0,25,0.0139,0,3,1,279.39,NORMAL,0
TRAIN_P1296,0.0276,0.021,203,8,0,0,0,0,0,36,0.0153,0,3,1,455.14,NORMAL,0
TRAIN_P3507,0.1225,0.0999,939,10,6,1,1,9,4,72,0.0684,25,9,5,501.22,PRIVILEGE_ABUSE,1
TRAIN_P1967,0.0335,0.0262,167,9,1,0,0,0,0,23,0.0142,0,4,1,286.48,NORMAL,0
TRAIN_P0766,0.0239,0.0177,142,6,0,0,0,0,0,16,0.0109,0,4,1,291.87,NORMAL,0
TRAIN_P2485,0.0438,0.1064,330,15,8,0,0,0,0,48,0.1043,8,2,2,479.89,RECONNAISSANCE,1
TRAIN_P1980,0.0197,0.0241,251,11,0,0,0,0,0,34,0.0206,0,5,1,315.13,NORMAL,0
TRAIN_P0913,0.0245,0.0194,136,11,0,0,0,0,0,15,0.0157,0,2,1,361.87,NORMAL,0
TRAIN_P1221,0.0227,0.0246,178,9,0,0,0,0,0,10,0.0115,0,4,1,413.09,NORMAL,0
TRAIN_P3090,0.0723,0.0944,2421,12,3,0,1,0,2,45,0.0387,35,6,3,680.12,SUSPICIOUS_DATA_ACCESS,1
TRAIN_P0728,0.0407,0.0201,112,9,0,0,0,0,0,25,0.0142,0,3,2,457.29,NORMAL,0
TRAIN_P1642,0.0179,0.0231,198,8,0,0,0,0,0,13,0.0176,0,4,1,418.27,NORMAL,0
TRAIN_P2554,0.0711,0.073,361,17,11,0,0,0,1,66,0.1362,12,7,3,587.66,RECONNAISSANCE,1
TRAIN_P0221,0.0452,0.0137,135,13,0,0,0,0,0,17,0.017,0,3,1,313.02,NORMAL,0
TRAIN_P2671,0.0902,0.0611,229,15,4,0,0,0,0,64,0.0628,9,6,3,400.78,RECONNAISSANCE,1
TRAIN_P0583,0.048,0.022,173,7,0,0,0,0,0,18,0.0177,0,3,1,272.16,NORMAL,0
TRAIN_P1056,0.0416,0.0152,154,8,0,0,0,0,0,25,0.0104,0,6,1,362.11,NORMAL,0
TRAIN_P1193,0.0339,0.0274,151,10,0,0,0,0,0,30,0.0144,0,3,1,315.41,NORMAL,0
TRAIN_P0908,0.0501,0.0127,75,6,0,0,0,0,0,19,0.0074,0,6,1,386.23,NORMAL,0
TRAIN_P0057,0.0606,0.0224,160,10,0,0,0,0,0,10,0.0086,0,3,1,395.88,NORMAL,0
TRAIN_P0188,0.0256,0.0209,128,8,0,0,0,0,0,31,0.0093,0,2,1,454.08,NORMAL,0
TRAIN_P2125,0.008,0.0139,176,11,1,0,0,0,0,5,0.0235,0,2,1,223.09,NORMAL,0
TRAIN_P2081,0.0356,0.0235,144,10,1,0,0,0,0,12,0.0125,0,3,1,296.63,NORMAL,0
TRAIN_P2426,0.542,0.0617,139,10,2,0,0,0,0,35,0.2591,7,7,2,277.56,BRUTE_FORCE,1
TRAIN_P3345,0.0456,0.1156,2946,14,3,13,6,0,2,61,0.0583,24,7,2,552.07,DATA_EXFILTRATION,1
TRAIN_P1806,0.0184,0.0271,121,9,0,0,0,0,0,28,0.01,0,3,1,207.51,NORMAL,0
TRAIN_P1256,0.0687,0.0273,155,7,0,0,0,0,0,20,0.0141,1,3,1,336.81,NORMAL,0
TRAIN_P0469,0.0573,0.0209,196,7,0,0,0,0,0,17,0.0123,0,2,1,333.65,NORMAL,0
TRAIN_P1150,0.06,0.018,198,7,0,0,0,0,0,24,0.0175,0,4,1,524.51,NORMAL,0
TRAIN_P3309,0.0658,0.0694,2763,14,4,12,6,0,3,55,0.0489,34,9,3,479.87,DATA_EXFILTRATION,1
TRAIN_P2242,0.6728,0.0865,180,10,0,0,0,0,0,42,0.3002,8,4,1,352.48,BRUTE_FORCE,1
TRAIN_P0227,0.031,0.0263,128,9,0,0,0,0,0,23,0.0183,0,5,1,391.03,NORMAL,0
TRAIN_P0536,0.0273,0.0172,224,7,0,0,0,0,0,25,0.0174,0,4,1,390.17,NORMAL,0
TRAIN_P0906,0.0502,0.0236,195,8,1,0,0,0,0,36,0.0135,0,2,2,386.38,NORMAL,0
TRAIN_P0922,0.0177,0.0246,138,9,1,0,0,0,0,36,0.0085,1,5,1,414.99,NORMAL,0
TRAIN_P2601,0.0542,0.0422,292,11,11,1,0,0,0,59,0.0852,6,8,2,668.69,RECONNAISSANCE,1
TRAIN_P3300,0.1172,0.1276,2645,18,0,12,7,0,3,63,0.0276,23,12,3,701.96,DATA_EXFILTRATION,1
TRAIN_P3408,0.0565,0.0874,1475,15,2,2,3,5,3,37,0.113,29,6,3,576.28,PRIVILEGE_ABUSE,1
TRAIN_P3350,0.1036,0.0744,1583,18,3,1,1,4,2,32,0.097,21,11,3,379.19,PRIVILEGE_ABUSE,1
TRAIN_P0698,0.0344,0.0253,103,8,0,0,0,0,1,27,0.0139,0,5,1,413.75,NORMAL,0
TRAIN_P2936,0.0788,0.1016,2512,13,1,2,1,0,2,32,0.0543,18,8,1,797.58,SUSPICIOUS_DATA_ACCESS,1
TRAIN_P0211,0.0593,0.0217,215,18,2,0,0,0,0,14,0.0122,0,4,1,212.0,NORMAL,0
TRAIN_P2877,0.0864,0.0707,2130,11,3,0,0,0,3,63,0.0319,20,5,2,465.71,SUSPICIOUS_DATA_ACCESS,1
TRAIN_P0070,0.0367,0.0207,198,7,0,0,0,0,0,26,0.0152,0,4,1,271.98,NORMAL,0
TRAIN_P0735,0.0747,0.0219,154,8,0,0,0,0,1,31,0.0151,1,3,1,447.81,NORMAL,0
TRAIN_P1695,0.0252,0.0181,157,9,0,0,0,0,1,21,0.0171,0,2,1,374.96,NORMAL,0
TRAIN_P1293,0.0674,0.0116,223,10,0,0,0,0,0,24,0.0145,0,4,1,281.7,NORMAL,0
TRAIN_P3265,0.061,0.1457,2821,16,2,19,5,0,0,39,0.0126,35,7,4,659.48,DATA_EXFILTRATION,1
TRAIN_P3148,0.0567,0.1332,2768,14,2,10,4,0,5,62,0.0379,18,10,2,662.8,DATA_EXFILTRATION,1
TRAIN_P0377,0.0228,0.0159,213,8,0,0,0,0,0,19,0.0208,0,4,1,315.68,NORMAL,0
TRAIN_P0437,0.0838,0.0188,89,10,0,0,0,0,0,22,0.0106,0,4,1,357.87,NORMAL,0
TRAIN_P2415,0.3724,0.063,222,7,0,0,0,0,0,46,0.2707,9,7,1,417.57,BRUTE_FORCE,1
TRAIN_P1905,0.0686,0.0311,157,6,2,0,0,0,0,16,0.0161,0,4,2,327.54,NORMAL,0
TRAIN_P3348,0.0794,0.1284,3097,14,2,10,5,1,3,61,0.0322,32,7,4,484.8,DATA_EXFILTRATION,1
TRAIN_P0209,0.0534,0.0185,131,9,0,0,0,0,1,34,0.0109,0,2,1,360.47,NORMAL,0
TRAIN_P1581,0.0392,0.0112,175,12,0,0,0,0,0,41,0.0134,0,3,1,296.9,NORMAL,0
TRAIN_P0566,0.0389,0.0197,156,9,0,0,0,0,0,19,0.0214,1,4,1,403.06,NORMAL,0
TRAIN_P0314,0.0715,0.0201,154,7,0,0,0,0,0,34,0.0139,0,3,1,372.95,NORMAL,0
TRAIN_P0602,0.0361,0.0227,149,7,0,0,0,0,0,31,0.0157,0,3,1,406.66,NORMAL,0
TRAIN_P0234,0.0452,0.0138,163,8,0,1,0,0,1,9,0.0107,0,4,1,355.87,NORMAL,0
TRAIN_P3117,0.0655,0.0874,3091,15,0,15,6,0,3,48,0.0205,18,4,2,625.32,DATA_EXFILTRATION,1
TRAIN_P3267,0.096,0.1244,3491,12,2,13,4,0,5,65,0.0292,23,7,2,705.32,DATA_EXFILTRATION,1
TRAIN_P2911,0.0726,0.0757,1808,18,3,2,0,0,1,56,0.0359,14,11,3,390.64,SUSPICIOUS_DATA_ACCESS,1
TRAIN_P1115,0.0466,0.0189,98,7,0,0,0,0,0,17,0.021,0,5,1,448.15,NORMAL,0
TRAIN_P0013,0.0459,0.0164,224,9,0,0,0,0,0,34,0.0109,0,4,1,455.24,NORMAL,0
TRAIN_P0112,0.0132,0.0246,162,9,0,0,0,0,0,34,0.0143,0,4,1,473.88,NORMAL,0
TRAIN_P2250,0.5407,0.0578,170,8,0,0,0,0,1,50,0.3504,8,2,2,419.73,BRUTE_FORCE,1
TRAIN_P1653,0.0611,0.0216,143,8,0,0,0,0,0,19,0.0101,1,2,1,324.67,NORMAL,0
TRAIN_P2487,0.0872,0.0657,226,17,10,0,0,0,1,30,0.0628,7,8,2,279.93,RECONNAISSANCE,1
TRAIN_P1994,0.0541,0.0238,172,8,0,0,0,0,0,19,0.0162,0,6,1,572.46,NORMAL,0
TRAIN_P1660,0.0615,0.0261,59,8,0,0,0,0,0,42,0.0181,1,4,1,405.82,NORMAL,0
TRAIN_P1018,0.0693,0.0266,130,11,0,0,0,0,0,42,0.0205,2,4,1,265.88,NORMAL,0
TRAIN_P3027,0.0457,0.0913,2085,13,2,0,0,0,1,69,0.0295,17,2,2,656.18,SUSPICIOUS_DATA_ACCESS,1
TRAIN_P1152,0.0,0.0202,170,8,0,0,0,0,0,19,0.0184,0,4,1,252.5,NORMAL,0
TRAIN_P2853,0.0408,0.1114,2435,12,2,1,0,0,2,51,0.0085,13,8,2,485.35,SUSPICIOUS_DATA_ACCESS,1
TRAIN_P0473,0.0659,0.0228,60,9,0,0,0,0,0,34,0.0115,0,4,1,462.05,NORMAL,0
TRAIN_P0491,0.0245,0.0181,245,7,0,0,0,0,0,16,0.0171,0,2,2,384.54,NORMAL,0
TRAIN_P2663,0.1003,0.0797,343,11,8,0,0,0,1,15,0.09,8,8,1,453.36,RECONNAISSANCE,1
TRAIN_P2246,0.5345,0.0594,201,9,0,0,0,0,0,36,0.2889,12,4,1,592.14,BRUTE_FORCE,1
TRAIN_P0832,0.0298,0.0244,192,8,0,0,0,0,0,36,0.0257,0,3,1,320.57,NORMAL,0
TRAIN_P2806,0.0595,0.114,2421,11,2,1,2,0,1,40,0.0403,18,8,3,814.66,SUSPICIOUS_DATA_ACCESS,1
TRAIN_P2534,0.1035,0.0729,266,14,7,0,0,0,0,36,0.1127,17,4,1,467.76,RECONNAISSANCE,1
TRAIN_P3261,0.0988,0.1121,2846,10,1,9,5,0,4,68,0.046,29,5,3,803.15,DATA_EXFILTRATION,1
TRAIN_P2469,0.0578,0.0528,149,16,8,0,0,0,0,48,0.1399,16,10,1,361.69,RECONNAISSANCE,1
TRAIN_P3312,0.1053,0.0654,2472,13,1,11,5,0,2,64,0.0032,30,8,3,612.38,DATA_EXFILTRATION,1
TRAIN_P3362,0.143,0.0882,1607,18,3,2,0,6,5,47,0.01,17,12,5,451.22,PRIVILEGE_ABUSE,1
TRAIN_P2995,0.0457,0.069,2764,12,2,0,0,0,3,56,0.0358,18,7,2,413.25,SUSPICIOUS_DATA_ACCESS,1
TRAIN_P2654,0.0923,0.0811,382,12,5,0,0,0,1,31,0.1281,12,6,1,473.7,RECONNAISSANCE,1
TRAIN_P3239,0.0722,0.1134,2679,10,0,10,5,1,3,77,0.0313,27,9,4,860.55,DATA_EXFILTRATION,1
TRAIN_P1393,0.0339,0.0223,83,7,0,0,0,0,0,27,0.016,0,3,1,381.27,NORMAL,0
TRAIN_P0656,0.049,0.0216,101,9,0,0,0,0,0,21,0.0233,0,3,1,373.7,NORMAL,0
TRAIN_P3206,0.0693,0.1381,3372,8,2,5,6,0,2,63,0.0276,31,4,3,567.0,DATA_EXFILTRATION,1
TRAIN_P0362,0.0414,0.0099,207,8,0,0,0,0,0,34,0.0008,0,5,1,333.07,NORMAL,0
TRAIN_P0136,0.0355,0.0183,149,8,0,0,0,0,0,32,0.0236,0,4,1,328.05,NORMAL,0
TRAIN_P1780,0.022,0.0248,165,10,0,0,0,0,0,41,0.0129,0,5,1,556.96,NORMAL,0
TRAIN_P2603,0.127,0.0715,395,16,8,0,0,0,1,52,0.1582,5,2,2,583.08,RECONNAISSANCE,1
TRAIN_P2011,0.0618,0.017,129,7,0,0,0,0,0,20,0.0193,0,3,1,388.4,NORMAL,0
TRAIN_P2710,0.0778,0.071,377,15,2,0,0,0,1,34,0.0684,7,5,2,367.89,RECONNAISSANCE,1
TRAIN_P0367,0.0539,0.0255,184,9,0,0,0,0,1,36,0.0115,0,3,1,320.49,NORMAL,0
TRAIN_P2228,0.4324,0.0552,176,8,0,0,0,0,0,31,0.2275,7,5,1,514.73,BRUTE_FORCE,1
TRAIN_P2131,0.0254,0.0215,91,10,0,0,0,0,0,17,0.0135,2,5,1,302.44,NORMAL,0
TRAIN_P0030,0.0248,0.0208,163,11,0,0,0,0,0,14,0.0242,1,3,1,357.42,NORMAL,0
TRAIN_P2993,0.0414,0.0912,2769,15,3,0,1,0,0,69,0.0561,19,7,2,576.81,SUSPICIOUS_DATA_ACCESS,1
TRAIN_P0023,0.058,0.0215,182,9,0,0,0,0,0,24,0.0156,0,3,2,472.95,NORMAL,0
TRAIN_P3578,0.1913,0.0622,1836,16,3,0,0,5,2,47,0.0364,25,9,3,487.55,PRIVILEGE_ABUSE,1
TRAIN_P1284,0.0249,0.0144,130,8,0,0,0,0,0,36,0.0193,0,3,1,316.7,NORMAL,0
TRAIN_P3032,0.0973,0.0714,2534,13,4,0,0,0,1,42,0.0289,13,8,2,549.54,SUSPICIOUS_DATA_ACCESS,1
TRAIN_P1289,0.0695,0.0195,175,9,0,0,0,0,0,34,0.0132,0,3,1,304.56,NORMAL,0
TRAIN_P0696,0.0327,0.0209,150,7,0,0,0,0,0,17,0.0262,0,4,1,425.74,NORMAL,0
TRAIN_P1335,0.0396,0.0197,233,11,0,0,0,0,0,22,0.0121,0,4,1,452.84,NORMAL,0
TRAIN_P0701,0.0396,0.0205,196,11,0,0,0,0,0,28,0.0053,0,5,1,369.86,NORMAL,0
TRAIN_P0421,0.0522,0.0172,126,8,0,0,0,0,0,31,0.0151,0,3,1,297.59,NORMAL,0
TRAIN_P0683,0.0669,0.016,156,8,0,0,0,0,0,39,0.0061,0,4,1,442.39,NORMAL,0
TRAIN_P2790,0.0679,0.0679,2101,16,2,1,0,0,2,71,0.0442,22,7,2,639.29,SUSPICIOUS_DATA_ACCESS,1
TRAIN_P0461,0.0086,0.0254,151,10,0,0,0,0,0,23,0.0203,0,3,1,292.16,NORMAL,0
TRAIN_P0044,0.0376,0.0206,126,9,0,0,0,0,0,7,0.0168,0,5,1,347.35,NORMAL,0
TRAIN_P0088,0.0182,0.0282,119,9,0,1,0,0,1,33,0.0137,0,5,1,416.28,NORMAL,0
TRAIN_P1457,0.0228,0.0231,128,10,0,0,0,0,0,12,0.0105,0,5,1,307.65,NORMAL,0
TRAIN_P3064,0.08,0.0863,1261,12,5,1,0,0,1,50,0.0569,10,9,3,849.07,SUSPICIOUS_DATA_ACCESS,1
TRAIN_P1847,0.0512,0.0233,186,8,0,0,0,0,0,29,0.0138,0,3,1,445.11,NORMAL,0
TRAIN_P0562,0.0366,0.023,204,9,0,0,0,0,0,27,0.0132,0,4,1,387.91,NORMAL,0
TRAIN_P0283,0.0601,0.0165,180,10,1,0,0,0,0,29,0.0231,0,1,1,383.75,NORMAL,0
TRAIN_P1079,0.0405,0.0208,145,7,0,0,0,0,0,25,0.0238,0,4,1,339.0,NORMAL,0
TRAIN_P1422,0.0805,0.0195,132,8,0,0,0,0,0,23,0.0262,0,2,1,527.94,NORMAL,0
TRAIN_P3476,0.0626,0.1037,1510,12,3,3,0,6,5,63,0.0715,28,10,3,629.27,PRIVILEGE_ABUSE,1
TRAIN_P3416,0.1201,0.1115,1990,13,3,0,1,5,6,61,0.01,33,10,5,560.55,PRIVILEGE_ABUSE,1
TRAIN_P1399,0.0679,0.0096,181,6,0,0,0,0,0,27,0.01,0,3,1,303.58,NORMAL,0
TRAIN_P0466,0.0375,0.023,132,12,0,0,0,0,0,35,0.0156,0,3,1,406.08,NORMAL,0
TRAIN_P1048,0.0089,0.025,89,9,0,0,0,0,0,41,0.0119,0,4,1,450.17,NORMAL,0
TRAIN_P2541,0.073,0.0802,307,20,6,0,0,0,0,48,0.0602,10,7,1,427.88,RECONNAISSANCE,1
TRAIN_P0860,0.036,0.0237,150,12,2,0,0,0,0,19,0.0194,0,3,1,445.23,NORMAL,0
TRAIN_P0534,0.0115,0.0209,71,6,0,0,0,0,0,18,0.0178,0,3,1,289.88,NORMAL,0
TRAIN_P1652,0.0206,0.0228,144,6,0,0,0,0,0,23,0.0203,0,2,1,280.63,NORMAL,0
TRAIN_P2934,0.0905,0.0863,2343,11,1,2,0,0,1,56,0.0107,17,6,3,679.31,SUSPICIOUS_DATA_ACCESS,1
TRAIN_P2067,0.0474,0.0229,126,7,0,0,0,0,0,24,0.0096,0,4,1,519.59,NORMAL,0
TRAIN_P3272,0.0827,0.1182,2858,11,2,6,8,0,3,55,0.0403,35,8,2,659.74,DATA_EXFILTRATION,1
TRAIN_P2819,0.0073,0.0643,2125,12,3,1,0,0,1,49,0.0607,20,6,2,377.56,SUSPICIOUS_DATA_ACCESS,1
TRAIN_P3274,0.0598,0.1039,3219,15,1,10,8,0,2,55,0.0364,27,7,3,572.4,DATA_EXFILTRATION,1
TRAIN_P2628,0.0393,0.0635,286,13,5,0,0,0,1,27,0.1185,12,8,1,474.34,RECONNAISSANCE,1
TRAIN_P2539,0.118,0.0636,234,13,8,0,0,0,3,36,0.0906,17,5,2,667.59,RECONNAISSANCE,1
TRAIN_P2551,0.0493,0.0589,182,15,4,0,0,0,2,54,0.0853,9,6,1,548.31,RECONNAISSANCE,1
TRAIN_P3546,0.0558,0.0657,917,10,3,1,0,7,5,59,0.0788,16,11,4,463.87,PRIVILEGE_ABUSE,1
TRAIN_P2093,0.0354,0.0192,140,8,0,0,0,0,0,36,0.0091,0,3,1,409.94,NORMAL,0
TRAIN_P3013,0.0775,0.0985,2822,11,5,1,1,0,2,53,0.0442,12,3,2,474.35,SUSPICIOUS_DATA_ACCESS,1
TRAIN_P1345,0.0624,0.021,181,9,0,0,0,0,0,23,0.0112,0,5,2,419.85,NORMAL,0
TRAIN_P0904,0.0337,0.0266,143,7,0,0,0,0,1,19,0.0119,0,1,1,497.66,NORMAL,0
TRAIN_P0638,0.0075,0.0264,150,10,0,1,0,0,0,35,0.0153,0,4,1,455.73,NORMAL,0
TRAIN_P3131,0.0556,0.1209,2535,13,3,9,7,0,1,59,0.0232,27,7,3,597.96,DATA_EXFILTRATION,1
TRAIN_P3078,0.0361,0.0919,2002,17,0,0,0,0,0,61,0.067,23,7,2,507.24,SUSPICIOUS_DATA_ACCESS,1
TRAIN_P3401,0.0237,0.1142,1711,11,3,3,0,3,3,51,0.1013,30,10,2,412.19,PRIVILEGE_ABUSE,1
TRAIN_P3170,0.0684,0.1152,2710,16,1,17,9,0,2,77,0.0539,38,8,4,388.58,DATA_EXFILTRATION,1
TRAIN_P0943,0.0284,0.0199,188,9,0,0,0,0,0,15,0.0185,0,5,1,373.65,NORMAL,0
TRAIN_P3459,0.1139,0.0924,1476,15,0,0,0,6,2,45,0.0773,19,5,5,533.34,PRIVILEGE_ABUSE,1
TRAIN_P1135,0.0458,0.0266,139,7,0,0,0,0,0,31,0.0143,0,2,1,415.98,NORMAL,0
TRAIN_P1949,0.0226,0.0172,161,8,1,0,0,0,0,5,0.012,0,4,1,201.47,NORMAL,0
TRAIN_P2901,0.0331,0.0776,1961,15,2,1,0,0,0,60,0.0112,13,10,5,582.41,SUSPICIOUS_DATA_ACCESS,1
TRAIN_P0888,0.0476,0.0229,119,11,0,0,0,0,0,28,0.0162,0,3,1,382.13,NORMAL,0
TRAIN_P3414,0.1094,0.0788,1631,14,3,0,2,6,6,64,0.0777,14,10,4,452.97,PRIVILEGE_ABUSE,1
TRAIN_P0686,0.0297,0.0245,200,10,0,0,0,0,0,28,0.0049,0,3,1,262.65,NORMAL,0
TRAIN_P2014,0.0105,0.0182,190,9,0,0,0,0,0,12,0.009,0,6,1,414.6,NORMAL,0
TRAIN_P0790,0.0604,0.0135,142,10,0,0,0,0,0,15,0.0142,0,4,1,373.15,NORMAL,0
TRAIN_P1898,0.051,0.0144,188,9,1,0,0,0,0,25,0.0149,0,2,1,348.84,NORMAL,0
TRAIN_P1165,0.0611,0.0183,111,9,0,0,0,0,0,13,0.0291,0,4,1,291.71,NORMAL,0
TRAIN_P1201,0.0299,0.0327,210,8,0,0,0,0,0,30,0.0103,0,4,1,512.37,NORMAL,0
TRAIN_P2772,0.0575,0.1067,1877,13,3,0,0,0,0,36,0.0382,22,6,2,424.2,SUSPICIOUS_DATA_ACCESS,1
TRAIN_P3463,0.0838,0.0834,900,11,3,0,2,8,5,53,0.0577,25,6,3,574.89,PRIVILEGE_ABUSE,1
TRAIN_P1819,0.0645,0.0169,142,9,0,0,0,0,0,34,0.0151,0,3,1,337.1,NORMAL,0
TRAIN_P0273,0.0422,0.0225,113,10,0,0,0,0,0,29,0.0202,0,4,1,376.15,NORMAL,0
TRAIN_P1468,0.0119,0.0184,148,10,0,0,0,0,0,25,0.0164,0,2,1,451.14,NORMAL,0
TRAIN_P0522,0.0421,0.0195,130,9,0,0,0,0,0,26,0.0146,1,5,1,442.15,NORMAL,0
TRAIN_P0523,0.0085,0.0204,169,8,0,0,0,0,0,14,0.0161,0,1,1,324.39,NORMAL,0
TRAIN_P1845,0.0556,0.0255,184,7,1,0,0,0,0,27,0.0192,0,3,1,369.96,NORMAL,0
TRAIN_P0351,0.057,0.0221,154,9,0,0,0,0,0,35,0.0177,0,4,1,415.99,NORMAL,0
TRAIN_P1323,0.0625,0.0196,131,9,2,0,0,0,0,18,0.0158,1,2,1,416.7,NORMAL,0
TRAIN_P3391,0.1319,0.068,1657,12,2,1,1,6,5,71,0.1066,12,8,4,516.85,PRIVILEGE_ABUSE,1
TRAIN_P2808,0.0566,0.0822,2359,14,2,1,0,0,1,46,0.0538,22,8,2,310.8,SUSPICIOUS_DATA_ACCESS,1
TRAIN_P1262,0.0,0.0269,130,11,0,0,0,0,0,25,0.012,0,5,1,532.14,NORMAL,0
TRAIN_P0652,0.0518,0.0142,164,9,1,0,0,0,0,15,0.007,0,3,1,363.53,NORMAL,0
TRAIN_P2214,0.4502,0.0729,178,13,1,0,0,0,0,41,0.3612,11,6,1,455.64,BRUTE_FORCE,1
TRAIN_P3102,0.06,0.1108,2600,10,0,12,8,0,3,70,0.0526,15,8,2,778.47,DATA_EXFILTRATION,1
TRAIN_P3334,0.0603,0.0967,2994,17,4,12,4,0,2,61,0.0429,35,4,4,677.35,DATA_EXFILTRATION,1
TRAIN_P1877,0.0496,0.0249,109,8,1,0,0,0,0,13,0.0202,0,4,1,276.75,NORMAL,0
TRAIN_P1603,0.0095,0.0221,147,10,0,0,0,0,0,25,0.0147,0,4,1,394.97,NORMAL,0
TRAIN_P2044,0.0391,0.0161,149,10,0,0,0,0,0,10,0.011,0,4,1,324.0,NORMAL,0
TRAIN_P1585,0.0192,0.0143,141,7,2,0,0,0,0,32,0.0135,0,3,1,311.03,NORMAL,0
TRAIN_P0169,0.0359,0.0167,123,8,0,0,0,0,0,27,0.0132,0,5,1,298.79,NORMAL,0
TRAIN_P3339,0.0459,0.1011,3272,12,2,10,8,0,2,52,0.0581,43,10,3,604.77,DATA_EXFILTRATION,1
TRAIN_P0963,0.0263,0.0182,134,8,0,0,0,0,0,34,0.026,0,3,1,483.21,NORMAL,0
TRAIN_P0946,0.0192,0.0234,163,9,0,0,0,0,0,31,0.0075,1,5,1,432.98,NORMAL,0
TRAIN_P0463,0.065,0.0208,175,9,0,0,0,0,0,34,0.017,0,4,1,325.75,NORMAL,0
TRAIN_P3444,0.1633,0.0553,1211,16,4,1,1,5,5,49,0.065,27,7,3,414.67,PRIVILEGE_ABUSE,1
TRAIN_P0329,0.0241,0.0207,141,7,0,0,0,0,0,23,0.0172,0,4,1,424.67,NORMAL,0
TRAIN_P1508,0.0154,0.0216,147,8,0,0,0,0,0,24,0.0115,0,4,1,368.08,NORMAL,0
TRAIN_P2025,0.0648,0.0235,68,8,1,0,0,0,0,28,0.0159,0,2,1,271.84,NORMAL,0
TRAIN_P0368,0.0111,0.0176,146,9,0,0,0,0,0,23,0.014,0,3,1,389.89,NORMAL,0
TRAIN_P3110,0.0778,0.0716,2924,12,1,11,6,0,3,56,0.0294,36,11,4,709.28,DATA_EXFILTRATION,1
TRAIN_P3407,0.0875,0.0722,900,13,2,4,1,5,3,57,0.0687,18,7,4,378.01,PRIVILEGE_ABUSE,1
TRAIN_P2985,0.0589,0.0915,2307,12,3,1,0,0,2,41,0.0446,10,4,2,603.34,SUSPICIOUS_DATA_ACCESS,1
TRAIN_P1426,0.0519,0.0162,191,12,0,0,0,0,0,26,0.0194,0,4,1,376.21,NORMAL,0
TRAIN_P0773,0.0663,0.0173,142,9,0,0,0,0,0,11,0.0202,0,1,1,446.6,NORMAL,0
TRAIN_P2293,0.5184,0.0747,211,9,0,0,0,0,0,61,0.2774,6,6,1,480.61,BRUTE_FORCE,1
TRAIN_P3222,0.0782,0.1134,3529,11,1,16,7,0,2,52,0.0376,35,8,3,520.08,DATA_EXFILTRATION,1
TRAIN_P2836,0.0877,0.0994,2628,11,2,0,0,0,1,46,0.058,15,7,2,411.54,SUSPICIOUS_DATA_ACCESS,1
TRAIN_P0499,0.0406,0.0222,139,6,0,0,0,0,0,14,0.0172,0,5,1,440.4,NORMAL,0
TRAIN_P1235,0.0399,0.0264,173,11,0,0,0,0,0,36,0.01,1,4,1,421.89,NORMAL,0
TRAIN_P0436,0.0304,0.0144,229,7,0,0,0,0,0,31,0.0252,0,5,1,322.08,NORMAL,0
TRAIN_P0366,0.0544,0.0192,124,11,0,0,0,0,0,30,0.0068,0,2,1,438.53,NORMAL,0
TRAIN_P3412,0.0852,0.1031,1931,17,4,1,1,8,2,59,0.1178,21,11,3,534.21,PRIVILEGE_ABUSE,1
TRAIN_P0277,0.0641,0.0169,85,9,0,0,0,0,0,22,0.0272,0,3,1,254.57,NORMAL,0
TRAIN_P3050,0.058,0.0791,2000,12,3,1,0,0,2,57,0.0402,21,7,2,636.19,SUSPICIOUS_DATA_ACCESS,1
TRAIN_P1992,0.0,0.0221,156,8,0,0,0,0,0,22,0.0158,0,3,1,358.93,NORMAL,0
TRAIN_P3419,0.0749,0.0996,1722,19,4,1,1,3,1,55,0.0804,33,5,3,606.48,PRIVILEGE_ABUSE,1
TRAIN_P0408,0.0231,0.0246,136,8,1,0,0,0,0,34,0.0125,0,4,1,384.89,NORMAL,0
TRAIN_P1538,0.0,0.0204,185,8,1,0,0,0,0,23,0.0188,0,3,2,305.49,NORMAL,0
TRAIN_P1092,0.0569,0.0227,115,8,2,0,0,0,0,35,0.0111,0,1,1,520.72,NORMAL,0
TRAIN_P0845,0.0237,0.0162,162,7,0,0,0,0,0,24,0.0134,0,2,1,378.33,NORMAL,0
TRAIN_P1566,0.0469,0.0161,179,9,0,0,0,0,0,25,0.0154,0,5,1,387.02,NORMAL,0
TRAIN_P2597,0.1049,0.0775,195,16,9,0,0,0,1,58,0.0577,6,7,1,597.3,RECONNAISSANCE,1
TRAIN_P1757,0.0578,0.0214,150,11,0,0,0,0,0,18,0.0158,0,3,2,462.8,NORMAL,0
TRAIN_P1259,0.0087,0.0238,130,4,0,0,0,0,0,16,0.0175,0,3,1,335.33,NORMAL,0
TRAIN_P1675,0.0369,0.0218,141,8,1,0,0,0,0,45,0.0202,0,5,1,379.78,NORMAL,0
TRAIN_P1424,0.0678,0.0184,111,11,0,0,0,0,0,24,0.0084,0,3,1,372.06,NORMAL,0
TRAIN_P1340,0.0195,0.0201,96,8,0,0,0,0,0,18,0.0147,0,4,1,285.88,NORMAL,0
TRAIN_P2020,0.0485,0.0127,174,10,0,0,0,0,0,32,0.0189,0,4,2,390.09,NORMAL,0
TRAIN_P2733,0.092,0.0736,388,16,8,0,0,0,0,48,0.1259,13,7,1,665.92,RECONNAISSANCE,1
TRAIN_P1963,0.0564,0.0178,176,8,1,0,0,0,0,35,0.0132,0,5,1,279.24,NORMAL,0
TRAIN_P0945,0.0205,0.0142,193,7,0,0,0,0,0,19,0.0173,0,1,1,358.97,NORMAL,0
TRAIN_P0200,0.0487,0.016,131,7,1,0,0,0,0,24,0.0112,0,5,1,459.75,NORMAL,0
TRAIN_P3388,0.069,0.072,1443,17,2,3,1,9,2,63,0.0577,7,11,3,635.87,PRIVILEGE_ABUSE,1
TRAIN_P1321,0.0178,0.0183,127,9,0,0,0,0,0,32,0.0179,0,4,1,530.63,NORMAL,0
TRAIN_P0802,0.02,0.013,114,8,0,0,0,0,0,33,0.0172,0,4,1,390.76,NORMAL,0
TRAIN_P2169,0.5207,0.0746,176,8,0,0,0,0,0,31,0.2675,6,2,1,499.15,BRUTE_FORCE,1
TRAIN_P3036,0.0512,0.0678,2789,15,4,0,0,0,2,40,0.0536,22,8,3,570.1,SUSPICIOUS_DATA_ACCESS,1
TRAIN_P2917,0.0591,0.1273,2547,14,3,0,1,0,0,58,0.0512,22,6,3,454.2,SUSPICIOUS_DATA_ACCESS,1
TRAIN_P0232,0.0158,0.0188,154,7,1,0,0,0,0,40,0.019,0,2,1,303.2,NORMAL,0
TRAIN_P1553,0.0807,0.0179,199,8,0,0,0,0,0,32,0.0169,0,3,1,489.0,NORMAL,0
TRAIN_P3161,0.0802,0.1095,2935,13,1,14,5,0,3,74,0.0448,28,9,3,407.93,DATA_EXFILTRATION,1
TRAIN_P1968,0.0359,0.0195,206,10,0,0,0,0,0,5,0.01,0,2,1,230.49,NORMAL,0
TRAIN_P2006,0.0731,0.0275,180,7,0,0,0,0,0,12,0.009,0,3,1,253.98,NORMAL,0
TRAIN_P1564,0.0173,0.0214,122,7,1,0,0,0,0,22,0.022,0,4,1,495.0,NORMAL,0
TRAIN_P1331,0.0297,0.0267,123,9,0,0,0,0,0,9,0.0176,0,3,1,491.88,NORMAL,0
TRAIN_P3435,0.0131,0.0601,2384,11,2,0,0,6,5,57,0.0729,32,7,3,543.12,PRIVILEGE_ABUSE,1
TRAIN_P2026,0.0613,0.0246,157,10,0,0,0,0,0,24,0.005,0,3,1,434.25,NORMAL,0
TRAIN_P1993,0.0015,0.0212,137,8,0,0,0,0,0,34,0.018,0,1,1,271.81,NORMAL,0
TRAIN_P0105,0.05,0.0314,108,8,1,0,0,0,0,34,0.0134,0,3,1,180.0,NORMAL,0
TRAIN_P2674,0.1222,0.0867,369,15,5,0,0,0,1,60,0.0866,7,7,1,492.57,RECONNAISSANCE,1
TRAIN_P1950,0.0338,0.0233,81,10,0,0,0,0,0,28,0.0092,1,2,1,387.99,NORMAL,0
TRAIN_P1179,0.0405,0.0216,186,14,2,0,0,0,0,31,0.0131,0,5,2,347.31,NORMAL,0
TRAIN_P1458,0.0312,0.0159,129,7,0,0,0,0,0,23,0.0172,0,5,1,428.08,NORMAL,0
TRAIN_P1781,0.0573,0.0079,175,10,0,0,0,0,0,15,0.0116,0,5,1,287.82,NORMAL,0
TRAIN_P2660,0.0942,0.0832,376,16,9,0,0,0,0,63,0.0925,9,5,1,398.25,RECONNAISSANCE,1
TRAIN_P1243,0.0085,0.0208,132,10,0,0,0,0,0,41,0.0097,0,4,1,428.93,NORMAL,0
TRAIN_P2753,0.0533,0.1132,1889,11,3,0,1,0,1,63,0.0236,19,6,1,635.99,SUSPICIOUS_DATA_ACCESS,1
TRAIN_P2171,0.6108,0.0726,195,11,0,0,1,0,0,44,0.2477,7,5,1,579.22,BRUTE_FORCE,1
TRAIN_P2675,0.0511,0.0725,436,19,9,0,0,0,1,44,0.1273,15,4,1,426.91,RECONNAISSANCE,1
TRAIN_P1515,0.0,0.0171,184,11,1,0,0,0,0,16,0.015,0,4,1,298.8,NORMAL,0
TRAIN_P2182,0.4378,0.0815,155,9,0,0,0,0,0,18,0.2266,15,7,1,285.49,BRUTE_FORCE,1
TRAIN_P3421,0.0833,0.0633,1470,17,5,1,1,3,3,34,0.0653,28,5,2,431.32,PRIVILEGE_ABUSE,1
TRAIN_P3511,0.1124,0.0832,1832,17,3,0,1,4,2,58,0.0376,26,5,3,467.96,PRIVILEGE_ABUSE,1
TRAIN_P2479,0.05,0.0625,381,12,4,0,0,0,1,46,0.0601,5,3,2,575.11,RECONNAISSANCE,1
TRAIN_P1346,0.0692,0.0188,159,9,0,0,0,0,1,31,0.0165,0,3,1,354.09,NORMAL,0
TRAIN_P3028,0.0187,0.0621,2276,13,2,0,0,0,2,38,0.052,15,11,2,522.38,SUSPICIOUS_DATA_ACCESS,1
TRAIN_P0995,0.0208,0.0207,146,10,0,0,0,0,0,26,0.008,0,5,1,298.76,NORMAL,0
TRAIN_P0465,0.0499,0.0242,125,10,0,0,0,0,0,26,0.0151,0,4,1,337.79,NORMAL,0
TRAIN_P2829,0.0934,0.0597,2923,11,3,1,0,0,1,56,0.0215,22,7,3,546.52,SUSPICIOUS_DATA_ACCESS,1
TRAIN_P2408,0.5401,0.0608,124,9,0,0,0,0,0,40,0.2388,10,3,1,297.72,BRUTE_FORCE,1
TRAIN_P2896,0.0688,0.1094,2143,10,3,1,0,0,1,44,0.054,17,11,1,820.76,SUSPICIOUS_DATA_ACCESS,1
TRAIN_P1850,0.0399,0.0235,107,6,0,0,0,0,0,17,0.0146,0,2,1,512.04,NORMAL,0
TRAIN_P2289,0.4595,0.0855,234,10,0,0,0,0,0,45,0.3953,16,6,2,407.46,BRUTE_FORCE,1
TRAIN_P2689,0.1091,0.0415,351,18,11,0,0,0,1,35,0.1173,8,4,2,371.03,RECONNAISSANCE,1
TRAIN_P0213,0.0646,0.0284,172,7,0,0,0,0,0,37,0.0193,0,2,1,624.96,NORMAL,0
TRAIN_P1037,0.0675,0.0146,146,9,0,0,0,0,1,28,0.0158,0,3,1,333.48,NORMAL,0
TRAIN_P3483,0.0027,0.0681,1208,15,2,0,0,5,1,60,0.0876,20,12,3,572.47,PRIVILEGE_ABUSE,1
TRAIN_P0901,0.0279,0.0153,137,7,0,0,1,0,0,43,0.0215,0,7,1,413.94,NORMAL,0
TRAIN_P1362,0.0112,0.0263,170,9,0,0,0,0,0,16,0.0126,0,4,1,300.74,NORMAL,0
TRAIN_P1507,0.0337,0.0339,191,9,1,0,0,0,0,30,0.0151,0,4,1,238.35,NORMAL,0
TRAIN_P0742,0.0319,0.0241,54,7,0,0,0,0,0,26,0.0083,0,4,1,497.81,NORMAL,0
TRAIN_P3164,0.0752,0.1116,3210,12,1,15,6,0,2,62,0.0322,37,7,4,485.26,DATA_EXFILTRATION,1
TRAIN_P2793,0.0572,0.0733,2492,14,3,1,1,0,2,58,0.0458,21,3,2,625.15,SUSPICIOUS_DATA_ACCESS,1
TRAIN_P1861,0.0404,0.0241,112,6,0,0,0,0,0,34,0.0183,0,4,1,379.25,NORMAL,0
TRAIN_P0510,0.0579,0.0113,142,10,0,0,0,0,1,21,0.016,0,4,1,416.8,NORMAL,0
TRAIN_P0598,0.0444,0.0265,79,8,0,0,0,0,1,8,0.0091,0,5,1,209.14,NORMAL,0
TRAIN_P3213,0.0765,0.0544,3269,15,3,15,4,1,4,45,0.0755,37,9,4,795.49,DATA_EXFILTRATION,1
TRAIN_P0982,0.0188,0.0119,161,9,0,1,0,0,0,19,0.0167,0,4,1,490.96,NORMAL,0
TRAIN_P2409,0.7349,0.0551,111,11,1,0,0,0,0,26,0.2997,6,4,1,471.27,BRUTE_FORCE,1
TRAIN_P3168,0.0995,0.1381,3160,15,2,9,8,0,5,60,0.0412,25,10,3,626.66,DATA_EXFILTRATION,1
TRAIN_P0519,0.0447,0.0143,117,7,0,0,0,0,0,22,0.0133,0,3,1,376.68,NORMAL,0
TRAIN_P2650,0.1067,0.0751,431,13,5,0,0,0,0,49,0.0898,11,6,2,529.01,RECONNAISSANCE,1
TRAIN_P0768,0.0234,0.0234,124,8,0,0,0,0,0,18,0.0131,0,5,1,399.74,NORMAL,0
TRAIN_P2916,0.0386,0.086,1991,12,2,0,1,0,3,51,0.055,10,4,2,452.01,SUSPICIOUS_DATA_ACCESS,1
TRAIN_P0422,0.0134,0.0091,122,9,0,0,0,0,0,13,0.019,0,3,2,395.74,NORMAL,0
TRAIN_P0124,0.0253,0.0159,158,10,0,0,0,0,0,26,0.0132,0,3,1,313.68,NORMAL,0
TRAIN_P2259,0.4927,0.09,240,11,0,0,0,0,2,51,0.2963,16,4,1,510.89,BRUTE_FORCE,1
TRAIN_P2579,0.0777,0.0802,265,14,11,0,0,0,2,36,0.1398,13,5,3,525.89,RECONNAISSANCE,1
TRAIN_P0820,0.0022,0.0197,159,8,0,0,0,0,0,37,0.0124,0,2,1,253.11,NORMAL,0
TRAIN_P0101,0.045,0.02,134,9,1,0,0,0,0,29,0.018,0,3,1,319.54,NORMAL,0
TRAIN_P3165,0.0652,0.1271,3351,11,0,7,4,0,1,63,0.0464,31,8,3,882.2,DATA_EXFILTRATION,1
TRAIN_P3325,0.0981,0.1181,2713,12,0,12,7,0,4,65,0.0442,29,5,4,571.24,DATA_EXFILTRATION,1
TRAIN_P2747,0.0841,0.0574,1949,11,3,1,1,0,3,55,0.0366,20,9,3,528.21,SUSPICIOUS_DATA_ACCESS,1
TRAIN_P3145,0.0817,0.1424,3121,13,0,12,5,0,2,58,0.0291,45,4,2,595.58,DATA_EXFILTRATION,1
TRAIN_P1104,0.0684,0.0209,137,10,0,0,0,0,0,25,0.0141,0,4,1,268.09,NORMAL,0
TRAIN_P1352,0.0484,0.0189,224,6,0,0,0,0,0,17,0.0198,0,3,1,311.49,NORMAL,0
TRAIN_P2659,0.1156,0.11,258,16,7,0,0,0,2,50,0.097,12,6,2,501.36,RECONNAISSANCE,1
TRAIN_P2881,0.0545,0.0912,2428,12,3,0,1,0,1,53,0.0277,16,5,3,377.91,SUSPICIOUS_DATA_ACCESS,1
TRAIN_P1279,0.0642,0.0164,130,9,1,0,1,0,1,26,0.0075,0,4,1,264.15,NORMAL,0
TRAIN_P1962,0.0641,0.021,131,9,0,0,0,0,0,34,0.0048,0,4,1,338.69,NORMAL,0
TRAIN_P2953,0.0761,0.0826,2449,7,3,1,0,0,2,62,0.0295,16,4,3,697.26,SUSPICIOUS_DATA_ACCESS,1
TRAIN_P0983,0.023,0.0242,145,10,0,0,0,0,0,7,0.0194,0,1,1,490.85,NORMAL,0
TRAIN_P0457,0.0472,0.014,90,5,0,0,0,0,0,17,0.0122,0,2,1,430.21,NORMAL,0
TRAIN_P2703,0.0935,0.058,288,14,11,0,0,0,1,47,0.0707,11,3,2,406.5,RECONNAISSANCE,1
TRAIN_P3562,0.1218,0.113,1644,13,1,2,2,4,3,47,0.0763,11,11,4,320.5,PRIVILEGE_ABUSE,1
TRAIN_P0382,0.0429,0.0174,273,11,0,0,0,0,0,14,0.0172,0,4,1,429.11,NORMAL,0
TRAIN_P3355,0.1572,0.0683,1595,12,3,0,1,6,5,34,0.1165,16,9,2,552.31,PRIVILEGE_ABUSE,1
TRAIN_P2928,0.0809,0.0384,2390,14,3,0,1,0,1,75,0.0369,16,8,2,591.52,SUSPICIOUS_DATA_ACCESS,1
TRAIN_P3547,0.0532,0.0923,1812,15,6,0,1,7,6,51,0.0655,23,10,4,691.79,PRIVILEGE_ABUSE,1
TRAIN_P1011,0.0402,0.0226,85,7,0,0,0,0,0,30,0.0133,0,4,1,500.91,NORMAL,0
TRAIN_P3067,0.0247,0.1146,2354,13,3,1,1,0,1,44,0.0586,18,8,1,657.89,SUSPICIOUS_DATA_ACCESS,1
TRAIN_P2015,0.0563,0.0216,115,8,0,0,0,0,0,28,0.0195,0,1,1,485.84,NORMAL,0
TRAIN_P0663,0.0607,0.0248,195,8,0,0,0,0,0,17,0.0063,0,3,1,396.95,NORMAL,0
TRAIN_P2346,0.4607,0.0717,252,12,0,0,0,0,0,52,0.2924,10,4,1,388.45,BRUTE_FORCE,1
TRAIN_P3538,0.0844,0.0734,1683,10,2,2,0,6,3,28,0.1308,15,10,3,437.07,PRIVILEGE_ABUSE,1
TRAIN_P3260,0.0832,0.0777,2714,14,2,17,7,0,1,56,0.0115,40,7,2,631.91,DATA_EXFILTRATION,1
TRAIN_P2754,0.0685,0.0757,2442,14,4,2,0,0,0,30,0.0495,15,9,1,633.54,SUSPICIOUS_DATA_ACCESS,1
TRAIN_P2047,0.0317,0.0177,159,10,0,0,0,0,0,35,0.0193,0,3,1,422.57,NORMAL,0
TRAIN_P2821,0.077,0.1038,2585,13,3,1,1,0,1,63,0.0425,8,7,1,515.8,SUSPICIOUS_DATA_ACCESS,1
TRAIN_P2742,0.0382,0.0661,2769,13,4,1,2,0,1,69,0.0274,14,10,2,553.92,SUSPICIOUS_DATA_ACCESS,1
TRAIN_P1928,0.0205,0.0281,149,7,1,0,0,0,0,15,0.0098,0,4,1,275.35,NORMAL,0
TRAIN_P0846,0.0258,0.023,201,9,0,0,0,0,0,36,0.0053,0,2,1,308.38,NORMAL,0
TRAIN_P0543,0.0404,0.0143,147,7,0,0,0,0,1,32,0.0174,0,3,1,354.58,NORMAL,0
TRAIN_P1823,0.0224,0.0181,195,11,0,0,0,0,0,32,0.0178,0,5,2,407.13,NORMAL,0
TRAIN_P3186,0.0682,0.0852,3054,13,3,17,7,0,4,53,0.0273,32,9,3,703.75,DATA_EXFILTRATION,1
TRAIN_P2577,0.0544,0.0685,477,14,5,0,0,0,1,45,0.12,9,4,3,200.0,RECONNAISSANCE,1
TRAIN_P1197,0.0797,0.0151,87,7,0,0,0,0,1,28,0.0237,0,5,1,471.96,NORMAL,0
TRAIN_P1103,0.0698,0.0106,85,8,0,0,0,0,0,27,0.0173,0,3,1,364.67,NORMAL,0
TRAIN_P2420,0.6333,0.0703,115,9,1,0,0,0,0,37,0.2938,12,7,1,329.9,BRUTE_FORCE,1
TRAIN_P3370,0.122,0.089,900,14,5,2,0,4,3,52,0.1063,25,6,4,609.79,PRIVILEGE_ABUSE,1
TRAIN_P1801,0.051,0.0116,146,8,0,0,0,0,0,21,0.0156,0,2,1,320.04,NORMAL,0
TRAIN_P1499,0.0574,0.0272,165,5,0,0,0,0,0,36,0.0203,0,6,1,344.12,NORMAL,0
TRAIN_P2243,0.5488,0.0568,236,10,0,0,0,0,2,37,0.3508,16,3,1,453.78,BRUTE_FORCE,1
TRAIN_P1453,0.0578,0.019,108,6,0,0,0,0,1,21,0.0216,0,1,1,385.61,NORMAL,0
TRAIN_P1049,0.0268,0.024,172,9,0,0,0,0,0,18,0.0188,0,4,1,460.62,NORMAL,0
TRAIN_P3146,0.104,0.1126,2616,15,4,17,8,0,1,53,0.0302,28,5,3,930.21,DATA_EXFILTRATION,1
TRAIN_P2179,0.4559,0.0775,205,9,1,0,0,0,0,32,0.3883,11,3,1,280.4,BRUTE_FORCE,1
TRAIN_P1881,0.0402,0.0217,73,7,0,0,0,0,0,26,0.0178,0,3,1,475.99,NORMAL,0
TRAIN_P2516,0.0707,0.0396,352,16,11,2,0,0,0,53,0.1074,9,6,2,535.03,RECONNAISSANCE,1
TRAIN_P0238,0.0,0.0257,166,9,0,0,0,0,0,16,0.0061,0,3,1,396.35,NORMAL,0
TRAIN_P2098,0.0454,0.0268,192,10,0,0,0,0,0,23,0.0213,0,4,1,322.59,NORMAL,0
TRAIN_P2464,0.1089,0.0575,261,13,6,0,0,0,1,48,0.1361,7,6,2,530.36,RECONNAISSANCE,1
TRAIN_P1134,0.0441,0.0141,130,9,1,0,0,0,0,24,0.0,0,4,1,477.24,NORMAL,0
TRAIN_P2351,0.5936,0.0689,210,11,0,0,0,0,0,36,0.3813,12,4,1,449.46,BRUTE_FORCE,1
TRAIN_P2465,0.0804,0.0742,247,16,10,0,0,0,0,37,0.1541,6,6,1,386.32,RECONNAISSANCE,1
TRAIN_P0164,0.0326,0.0305,139,9,0,0,0,0,0,35,0.0191,0,2,1,511.41,NORMAL,0
TRAIN_P1514,0.0641,0.0227,108,8,0,0,0,0,0,34,0.0127,0,3,1,358.63,NORMAL,0
TRAIN_P0253,0.0601,0.0137,157,10,0,0,0,0,0,11,0.0203,0,2,1,357.63,NORMAL,0
TRAIN_P2175,0.5607,0.0643,250,11,0,0,0,0,1,54,0.2956,6,2,2,434.06,BRUTE_FORCE,1
TRAIN_P2500,0.1122,0.101,330,16,5,0,0,0,0,57,0.1579,5,3,2,624.89,RECONNAISSANCE,1
TRAIN_P1594,0.0246,0.0179,182,7,0,0,0,0,0,26,0.0068,0,6,1,240.84,NORMAL,0
TRAIN_P0931,0.0404,0.0202,101,7,0,0,0,0,0,25,0.0227,0,3,1,524.24,NORMAL,0
TRAIN_P1658,0.0562,0.0299,237,9,0,0,0,0,1,23,0.0184,0,3,1,474.25,NORMAL,0
TRAIN_P1784,0.0314,0.0245,132,7,1,0,0,0,0,30,0.0144,0,2,1,383.36,NORMAL,0
TRAIN_P3092,0.0859,0.0919,1608,12,3,1,0,0,1,46,0.0354,27,5,2,583.46,SUSPICIOUS_DATA_ACCESS,1
TRAIN_P1451,0.0442,0.013,211,8,0,0,0,0,0,27,0.0143,0,4,1,378.55,NORMAL,0
TRAIN_P2991,0.0851,0.0893,2101,13,4,1,1,0,1,50,0.039,27,5,3,660.78,SUSPICIOUS_DATA_ACCESS,1
TRAIN_P1972,0.0267,0.0186,159,8,0,0,0,0,0,31,0.0222,0,2,1,415.91,NORMAL,0
TRAIN_P3443,0.0522,0.0821,1571,10,2,1,2,2,3,47,0.0509,19,8,2,569.31,PRIVILEGE_ABUSE,1
TRAIN_P1091,0.0331,0.0161,179,11,0,0,0,0,0,33,0.0064,0,3,1,492.21,NORMAL,0
TRAIN_P2873,0.0734,0.0337,2684,12,2,0,0,0,0,74,0.0207,11,10,3,429.49,SUSPICIOUS_DATA_ACCESS,1
TRAIN_P1588,0.0145,0.0208,94,5,2,0,0,0,0,28,0.0163,0,5,1,356.72,NORMAL,0
TRAIN_P1182,0.0841,0.0232,155,9,0,0,0,0,0,21,0.0102,0,3,2,301.68,NORMAL,0
TRAIN_P0594,0.0365,0.0166,123,11,0,0,0,0,0,16,0.0132,0,4,1,321.5,NORMAL,0
TRAIN_P0678,0.0172,0.0211,200,8,0,0,0,0,0,31,0.0182,1,2,2,431.05,NORMAL,0
TRAIN_P0042,0.0308,0.0185,89,10,0,0,0,0,0,23,0.013,0,5,1,333.85,NORMAL,0
TRAIN_P2284,0.4482,0.0715,213,11,0,0,0,0,0,36,0.3718,10,5,3,403.42,BRUTE_FORCE,1
TRAIN_P3380,0.0985,0.0841,1141,13,3,1,0,8,2,44,0.0792,34,8,4,366.75,PRIVILEGE_ABUSE,1
TRAIN_P2467,0.0647,0.0547,287,13,9,2,0,0,0,42,0.1097,10,5,2,496.45,RECONNAISSANCE,1
TRAIN_P0244,0.0325,0.0175,126,8,0,0,0,0,0,23,0.0152,0,3,1,376.99,NORMAL,0
TRAIN_P1125,0.0489,0.0168,104,9,0,0,0,0,0,39,0.0152,0,2,1,268.81,NORMAL,0
TRAIN_P1314,0.0487,0.0233,142,9,1,0,0,0,0,25,0.0098,0,3,1,265.46,NORMAL,0
TRAIN_P1500,0.0,0.0206,145,9,0,0,0,0,0,28,0.0132,0,4,1,411.16,NORMAL,0
TRAIN_P2672,0.1188,0.0606,334,18,7,0,0,0,0,45,0.0488,5,5,1,623.22,RECONNAISSANCE,1
TRAIN_P0262,0.0536,0.0193,129,8,0,0,0,0,0,25,0.0044,0,1,1,325.12,NORMAL,0
TRAIN_P2609,0.1196,0.0246,350,17,3,0,0,0,1,46,0.0716,13,5,2,611.4,RECONNAISSANCE,1
TRAIN_P2000,0.0532,0.0335,192,11,1,0,0,0,0,26,0.0251,0,2,1,344.76,NORMAL,0
TRAIN_P2404,0.6164,0.0663,213,10,0,0,0,0,1,38,0.3314,15,4,2,240.8,BRUTE_FORCE,1
TRAIN_P0835,0.0313,0.0126,58,7,0,0,0,0,0,20,0.0123,0,3,1,379.46,NORMAL,0
TRAIN_P3448,0.1002,0.0523,1469,9,7,3,0,5,4,71,0.1017,23,7,4,578.18,PRIVILEGE_ABUSE,1
TRAIN_P1361,0.0,0.033,117,8,0,0,0,0,0,32,0.0197,1,5,1,310.66,NORMAL,0
TRAIN_P2717,0.0918,0.0531,324,17,8,0,0,0,0,29,0.1038,12,4,1,372.53,RECONNAISSANCE,1
TRAIN_P1310,0.0833,0.0266,189,6,0,1,0,0,0,29,0.01,1,3,1,315.29,NORMAL,0
TRAIN_P0341,0.035,0.0116,166,10,0,0,0,0,0,27,0.0109,0,6,1,458.57,NORMAL,0
TRAIN_P1534,0.0374,0.017,197,6,0,0,0,0,0,23,0.017,0,5,1,342.91,NORMAL,0
TRAIN_P0749,0.0514,0.0184,62,10,0,0,0,0,0,5,0.0172,0,1,1,443.66,NORMAL,0
TRAIN_P3087,0.0293,0.0353,2749,16,4,1,0,0,1,45,0.0344,13,9,2,640.76,SUSPICIOUS_DATA_ACCESS,1
TRAIN_P0481,0.0327,0.0128,201,10,0,0,0,0,0,19,0.0133,0,4,1,415.88,NORMAL,0
TRAIN_P1698,0.0448,0.0187,153,10,0,0,0,0,0,24,0.0148,0,6,1,369.28,NORMAL,0
TRAIN_P1955,0.0293,0.0209,106,6,0,0,0,0,0,40,0.0194,0,4,1,365.22,NORMAL,0
TRAIN_P1663,0.0415,0.0161,167,8,0,0,0,0,0,10,0.0216,0,3,1,295.77,NORMAL,0
TRAIN_P0784,0.0496,0.0128,155,9,0,0,0,0,0,22,0.0172,0,3,1,423.63,NORMAL,0
TRAIN_P3084,0.0431,0.067,1848,13,4,0,2,0,1,46,0.0515,21,8,3,468.19,SUSPICIOUS_DATA_ACCESS,1
TRAIN_P3560,0.1443,0.0699,1367,17,3,4,1,7,4,58,0.0983,26,6,2,602.78,PRIVILEGE_ABUSE,1
TRAIN_P2360,0.4942,0.0824,187,10,0,0,0,0,0,64,0.4408,18,5,1,616.27,BRUTE_FORCE,1
TRAIN_P3544,0.121,0.0818,1581,13,2,1,1,6,4,40,0.0792,21,7,3,431.82,PRIVILEGE_ABUSE,1
TRAIN_P2382,0.6409,0.0833,159,12,0,0,0,0,0,32,0.2743,9,4,1,477.03,BRUTE_FORCE,1
TRAIN_P2251,0.7026,0.0426,126,11,1,0,0,0,0,31,0.325,18,3,1,459.91,BRUTE_FORCE,1
TRAIN_P1412,0.023,0.024,218,10,0,0,0,0,0,21,0.0135,0,1,1,425.7,NORMAL,0
TRAIN_P1676,0.0389,0.0192,128,9,0,0,0,0,0,25,0.0226,0,1,1,416.01,NORMAL,0
TRAIN_P2373,0.5433,0.0475,201,9,0,0,0,0,0,47,0.3452,14,4,1,462.66,BRUTE_FORCE,1
TRAIN_P2549,0.0979,0.0826,278,19,6,0,0,0,0,70,0.1157,11,2,3,376.15,RECONNAISSANCE,1
TRAIN_P1462,0.074,0.0178,74,10,0,0,0,0,0,17,0.0227,0,2,1,351.82,NORMAL,0
TRAIN_P1272,0.045,0.0179,141,7,0,0,0,0,0,18,0.0188,1,4,1,380.26,NORMAL,0
TRAIN_P2234,0.5555,0.0729,193,7,0,0,0,0,0,37,0.2359,6,5,1,409.6,BRUTE_FORCE,1
TRAIN_P1128,0.0559,0.0236,171,8,0,0,0,0,0,25,0.0092,0,2,1,486.24,NORMAL,0
TRAIN_P0627,0.0583,0.0258,56,8,0,0,0,0,0,24,0.0153,0,2,1,455.67,NORMAL,0
TRAIN_P0348,0.0635,0.0186,136,9,0,0,0,0,0,29,0.0184,0,3,1,474.32,NORMAL,0
TRAIN_P2298,0.5141,0.0799,155,12,1,0,0,0,0,41,0.2969,19,6,1,447.55,BRUTE_FORCE,1
TRAIN_P1767,0.012,0.0253,63,7,1,0,0,0,0,31,0.0245,0,3,1,358.39,NORMAL,0
TRAIN_P0980,0.0781,0.0205,145,10,0,0,0,0,0,28,0.0259,0,4,1,513.5,NORMAL,0
TRAIN_P3097,0.063,0.1292,3013,15,0,12,7,1,4,56,0.0492,38,6,2,666.12,DATA_EXFILTRATION,1
TRAIN_P1593,0.0337,0.0117,183,8,0,0,0,0,0,35,0.0143,0,3,1,328.6,NORMAL,0
TRAIN_P0912,0.0687,0.0165,171,11,0,0,0,0,0,20,0.0177,0,1,1,298.65,NORMAL,0
TRAIN_P2253,0.5474,0.0699,181,10,1,0,0,0,0,44,0.2958,20,4,1,479.09,BRUTE_FORCE,1
TRAIN_P0633,0.0392,0.0241,194,9,0,0,0,0,0,17,0.0142,0,4,1,287.32,NORMAL,0
TRAIN_P1432,0.0243,0.0224,117,9,0,0,0,0,0,31,0.0154,0,2,1,373.92,NORMAL,0
TRAIN_P0446,0.0412,0.017,136,5,0,0,0,0,0,25,0.0098,0,4,1,352.35,NORMAL,0
TRAIN_P0618,0.046,0.0238,161,10,0,0,0,0,0,21,0.0125,0,4,1,487.67,NORMAL,0
TRAIN_P3058,0.0284,0.0615,2639,13,3,1,1,0,2,64,0.0419,16,5,1,531.67,SUSPICIOUS_DATA_ACCESS,1
TRAIN_P1554,0.047,0.0214,112,9,0,0,0,0,0,9,0.0228,0,6,1,367.39,NORMAL,0
TRAIN_P1868,0.0584,0.0242,138,8,0,0,0,0,0,18,0.0131,0,2,1,380.49,NORMAL,0
TRAIN_P1643,0.043,0.0162,133,10,0,0,0,0,0,38,0.0208,0,5,1,495.41,NORMAL,0
TRAIN_P3056,0.0522,0.0653,3018,13,2,1,0,0,1,66,0.0296,12,8,2,598.54,SUSPICIOUS_DATA_ACCESS,1
TRAIN_P1367,0.0092,0.014,151,9,0,0,0,0,0,21,0.0234,0,3,2,264.95,NORMAL,0
TRAIN_P1785,0.0444,0.021,192,9,0,0,0,0,0,23,0.012,0,3,1,352.56,NORMAL,0
TRAIN_P1812,0.0553,0.0248,103,10,0,0,0,0,0,13,0.0081,0,3,2,314.92,NORMAL,0
TRAIN_P0354,0.0538,0.0213,176,8,0,0,0,0,0,23,0.0104,0,2,1,423.33,NORMAL,0
TRAIN_P1233,0.0414,0.0297,179,8,0,0,0,0,0,19,0.0374,0,5,1,454.3,NORMAL,0
TRAIN_P0614,0.0655,0.016,180,10,0,0,0,0,0,21,0.0299,0,3,1,406.17,NORMAL,0
TRAIN_P2728,0.0684,0.0695,335,20,11,0,1,0,0,52,0.1212,10,5,3,513.02,RECONNAISSANCE,1
TRAIN_P2319,0.534,0.0616,117,10,0,0,0,0,0,50,0.2885,13,5,1,433.58,BRUTE_FORCE,1
TRAIN_P2113,0.0463,0.0233,123,10,0,0,0,0,0,40,0.0163,0,3,1,389.44,NORMAL,0
TRAIN_P1941,0.0343,0.0248,174,9,0,1,0,0,0,21,0.015,1,3,2,411.77,NORMAL,0
TRAIN_P2280,0.5948,0.0941,194,10,0,0,0,0,0,53,0.2663,11,5,1,307.74,BRUTE_FORCE,1
TRAIN_P3382,0.0968,0.0958,2046,17,2,2,0,5,3,48,0.0835,20,6,2,587.01,PRIVILEGE_ABUSE,1
TRAIN_P0058,0.0278,0.013,113,6,0,0,0,0,0,28,0.0159,0,4,1,258.47,NORMAL,0
TRAIN_P3392,0.0352,0.09,1524,16,3,0,2,7,2,57,0.0738,25,5,3,568.91,PRIVILEGE_ABUSE,1
TRAIN_P3178,0.0621,0.0741,2712,12,3,11,7,0,1,57,0.053,34,7,3,793.28,DATA_EXFILTRATION,1
TRAIN_P2635,0.0835,0.0752,249,11,5,0,0,0,0,22,0.0808,10,5,1,433.99,RECONNAISSANCE,1
TRAIN_P1254,0.0624,0.0311,152,10,0,0,0,0,0,23,0.019,0,4,1,466.6,NORMAL,0
TRAIN_P3002,0.0837,0.0739,2972,16,3,1,0,0,0,46,0.0549,8,7,2,378.12,SUSPICIOUS_DATA_ACCESS,1
TRAIN_P2261,0.5746,0.07,221,12,0,0,0,0,0,36,0.263,11,7,2,677.59,BRUTE_FORCE,1
TRAIN_P2104,0.0437,0.0161,152,8,0,0,0,0,0,22,0.0053,0,3,1,520.35,NORMAL,0
TRAIN_P1923,0.0439,0.0194,75,9,0,0,0,0,1,18,0.0166,0,5,1,384.16,NORMAL,0
TRAIN_P1559,0.0527,0.0224,155,7,0,0,0,0,0,21,0.0192,0,3,1,444.61,NORMAL,0
TRAIN_P2321,0.6312,0.0785,162,9,0,0,0,0,0,46,0.284,16,4,1,513.06,BRUTE_FORCE,1
TRAIN_P1498,0.05,0.0174,104,8,0,0,0,0,0,22,0.0093,0,4,1,355.36,NORMAL,0
TRAIN_P0561,0.0229,0.018,160,8,0,0,0,0,0,40,0.0144,0,3,1,434.96,NORMAL,0
TRAIN_P0708,0.0468,0.0237,172,5,0,0,0,0,0,22,0.0144,0,3,1,461.76,NORMAL,0
TRAIN_P2973,0.0848,0.0589,2198,12,2,0,1,0,1,64,0.0217,22,7,2,609.27,SUSPICIOUS_DATA_ACCESS,1
TRAIN_P0425,0.0364,0.0233,188,8,0,0,0,0,0,19,0.0119,0,2,1,443.47,NORMAL,0
TRAIN_P1094,0.0112,0.019,108,10,0,0,0,0,0,30,0.0075,0,6,1,339.62,NORMAL,0
TRAIN_P0648,0.0207,0.0197,207,10,0,0,0,0,1,21,0.0187,0,1,1,274.08,NORMAL,0
TRAIN_P0073,0.053,0.0249,194,10,0,0,0,0,0,24,0.0182,0,2,2,324.65,NORMAL,0
TRAIN_P3301,0.0359,0.1052,3235,13,1,14,8,0,3,45,0.0215,38,7,3,704.25,DATA_EXFILTRATION,1
TRAIN_P1546,0.0543,0.0165,147,9,0,0,0,0,0,30,0.0271,0,4,1,254.01,NORMAL,0
TRAIN_P1413,0.0259,0.0204,109,11,0,0,0,0,0,45,0.0157,0,5,1,496.91,NORMAL,0
TRAIN_P1006,0.0256,0.0169,187,8,0,0,0,0,0,8,0.0216,1,5,1,437.62,NORMAL,0
TRAIN_P0621,0.0418,0.0181,124,11,0,0,0,0,0,33,0.0131,0,5,1,239.18,NORMAL,0
TRAIN_P1988,0.058,0.0216,171,10,0,0,0,0,0,16,0.017,0,4,2,255.07,NORMAL,0
TRAIN_P2038,0.0711,0.0289,126,9,0,0,0,0,0,25,0.0164,0,2,1,345.96,NORMAL,0
TRAIN_P0554,0.0721,0.0096,198,7,0,0,0,0,0,31,0.0253,0,2,2,498.47,NORMAL,0
TRAIN_P1518,0.0186,0.0268,150,8,0,0,0,0,0,40,0.0128,0,5,1,516.26,NORMAL,0
TRAIN_P1552,0.0187,0.0233,120,7,0,0,0,0,0,18,0.0154,0,1,1,428.63,NORMAL,0
TRAIN_P3194,0.0859,0.1068,3227,12,0,18,6,0,4,61,0.0409,27,5,3,964.24,DATA_EXFILTRATION,1
TRAIN_P2589,0.0761,0.0897,322,12,3,0,0,0,2,55,0.0769,13,4,1,393.33,RECONNAISSANCE,1
TRAIN_P2304,0.4044,0.0605,244,11,2,0,0,0,0,48,0.2877,7,4,1,393.72,BRUTE_FORCE,1
TRAIN_P0999,0.0401,0.0245,111,11,0,0,0,0,0,11,0.0186,0,2,1,235.07,NORMAL,0
TRAIN_P1776,0.0721,0.0189,125,9,1,0,0,0,0,32,0.0202,0,3,1,432.64,NORMAL,0
TRAIN_P1884,0.0552,0.014,89,9,0,0,0,0,0,34,0.0194,0,4,1,260.03,NORMAL,0
TRAIN_P2029,0.0526,0.025,146,8,0,0,0,0,0,16,0.011,0,5,2,255.83,NORMAL,0
TRAIN_P3292,0.0216,0.1,2572,17,0,11,6,0,1,69,0.039,25,10,2,715.06,DATA_EXFILTRATION,1
TRAIN_P1851,0.0646,0.0167,87,10,0,0,0,0,0,25,0.0218,0,4,2,405.74,NORMAL,0
TRAIN_P3580,0.1081,0.0501,1748,16,3,3,0,4,4,33,0.0573,18,11,4,609.62,PRIVILEGE_ABUSE,1
TRAIN_P2092,0.0173,0.0253,229,10,0,0,0,0,0,40,0.0098,0,1,1,303.53,NORMAL,0
TRAIN_P2481,0.0906,0.0623,265,13,9,0,0,0,0,53,0.0834,7,7,3,380.62,RECONNAISSANCE,1
TRAIN_P0441,0.0667,0.0229,137,9,0,0,0,0,0,37,0.0178,0,5,1,455.09,NORMAL,0
TRAIN_P0509,0.0514,0.0165,202,6,0,0,0,0,0,29,0.0277,0,1,1,407.15,NORMAL,0
TRAIN_P1101,0.0633,0.0175,173,8,0,0,0,0,0,34,0.0121,0,3,1,336.8,NORMAL,0
TRAIN_P0590,0.0786,0.0202,197,9,0,0,0,0,0,34,0.0074,0,5,1,378.76,NORMAL,0
TRAIN_P1610,0.0295,0.0183,118,9,0,1,0,0,0,33,0.009,0,3,1,278.69,NORMAL,0
TRAIN_P0650,0.0206,0.0132,155,8,0,1,0,0,0,9,0.0167,0,4,1,387.74,NORMAL,0
TRAIN_P3279,0.0749,0.1027,3238,13,0,12,7,0,3,53,0.0436,26,6,2,505.82,DATA_EXFILTRATION,1
TRAIN_P2094,0.0913,0.0188,113,9,0,0,0,0,0,17,0.0159,0,3,1,246.04,NORMAL,0
TRAIN_P3470,0.0948,0.054,2028,16,5,1,2,7,2,64,0.1043,18,9,5,476.87,PRIVILEGE_ABUSE,1
TRAIN_P3277,0.0838,0.1169,3019,15,2,7,6,0,0,61,0.0436,35,7,3,619.37,DATA_EXFILTRATION,1
TRAIN_P1738,0.044,0.0327,121,8,0,0,0,0,0,15,0.0082,0,4,2,384.01,NORMAL,0
TRAIN_P0661,0.0206,0.0221,106,9,0,0,0,0,0,38,0.0113,0,4,1,476.72,NORMAL,0
TRAIN_P0631,0.0471,0.0114,144,6,0,0,0,0,0,30,0.0143,0,4,1,590.93,NORMAL,0
TRAIN_P1821,0.045,0.0241,225,7,0,0,0,0,0,42,0.0157,2,4,1,326.45,NORMAL,0
TRAIN_P1250,0.0375,0.0257,138,10,0,1,0,0,0,23,0.015,0,3,1,305.04,NORMAL,0
TRAIN_P1423,0.0373,0.019,128,8,0,0,0,0,0,6,0.0149,0,3,1,224.31,NORMAL,0
TRAIN_P0483,0.0223,0.0207,134,7,0,0,0,0,0,37,0.0194,0,4,1,464.24,NORMAL,0
TRAIN_P1622,0.0652,0.02,152,7,0,0,0,0,0,12,0.0184,0,4,1,327.7,NORMAL,0
TRAIN_P3070,0.0715,0.1083,1354,13,4,2,1,0,2,50,0.0469,28,9,2,707.84,SUSPICIOUS_DATA_ACCESS,1
TRAIN_P1589,0.0144,0.0144,117,7,0,0,0,0,0,23,0.0198,0,4,1,368.52,NORMAL,0
TRAIN_P2506,0.1044,0.0405,209,17,8,0,0,0,0,52,0.0578,19,8,2,487.56,RECONNAISSANCE,1
TRAIN_P2975,0.077,0.0715,2350,10,3,0,1,0,2,56,0.0584,20,9,2,635.34,SUSPICIOUS_DATA_ACCESS,1
TRAIN_P2343,0.5584,0.0768,169,9,0,0,0,0,1,30,0.3108,10,4,1,443.93,BRUTE_FORCE,1
TRAIN_P0857,0.0441,0.0194,144,7,0,0,1,0,0,23,0.0113,0,2,1,311.19,NORMAL,0
TRAIN_P1226,0.0615,0.0207,170,9,0,0,0,0,0,24,0.0199,0,2,1,278.34,NORMAL,0
TRAIN_P1191,0.059,0.0236,122,8,0,0,0,0,0,25,0.0116,0,1,1,467.04,NORMAL,0
TRAIN_P3551,0.1083,0.0915,1787,10,2,2,1,2,4,63,0.0962,25,14,3,563.53,PRIVILEGE_ABUSE,1
TRAIN_P0531,0.0357,0.025,140,8,1,0,0,0,0,25,0.0083,0,4,1,358.75,NORMAL,0
TRAIN_P2407,0.6897,0.0746,125,9,0,0,0,0,0,26,0.3354,7,6,1,439.53,BRUTE_FORCE,1
TRAIN_P0050,0.0333,0.0283,139,6,0,0,0,0,0,23,0.0185,0,2,2,421.33,NORMAL,0
TRAIN_P3071,0.0596,0.0743,2769,12,2,2,0,0,2,46,0.0564,14,7,1,580.22,SUSPICIOUS_DATA_ACCESS,1
TRAIN_P0859,0.0433,0.0163,129,7,1,0,0,0,0,36,0.0121,0,4,1,325.29,NORMAL,0
TRAIN_P1476,0.0363,0.013,136,6,0,0,0,0,0,17,0.011,0,3,1,390.39,NORMAL,0
TRAIN_P1073,0.0,0.0173,182,8,0,0,0,0,0,18,0.0173,0,3,1,232.29,NORMAL,0
TRAIN_P0720,0.0232,0.0139,181,8,1,0,0,0,0,22,0.0112,0,4,2,391.6,NORMAL,0
TRAIN_P1804,0.0062,0.0229,198,7,1,0,0,0,0,14,0.0135,0,3,1,405.38,NORMAL,0
TRAIN_P2349,0.5455,0.0853,98,9,0,0,0,0,0,37,0.3816,14,4,2,411.37,BRUTE_FORCE,1
TRAIN_P2699,0.0394,0.0522,459,17,9,0,0,0,1,59,0.1499,12,5,1,549.31,RECONNAISSANCE,1
TRAIN_P2898,0.061,0.0747,2538,9,3,0,0,0,2,48,0.058,9,10,3,473.61,SUSPICIOUS_DATA_ACCESS,1
TRAIN_P3553,0.0921,0.0811,2334,11,0,2,0,4,4,39,0.1262,22,8,2,553.67,PRIVILEGE_ABUSE,1
TRAIN_P3525,0.1137,0.0744,1894,13,3,1,1,6,4,41,0.1127,27,8,3,391.02,PRIVILEGE_ABUSE,1
TRAIN_P1870,0.0326,0.028,89,7,1,0,0,0,1,20,0.0171,0,5,1,261.15,NORMAL,0
TRAIN_P2677,0.1076,0.0586,380,15,8,0,0,0,0,46,0.0669,10,6,3,595.26,RECONNAISSANCE,1
TRAIN_P1533,0.046,0.0112,187,11,1,0,0,0,0,39,0.0126,0,4,1,417.66,NORMAL,0
TRAIN_P1865,0.0471,0.0154,172,9,0,0,0,0,0,34,0.0171,0,3,1,392.21,NORMAL,0
TRAIN_P3241,0.0939,0.0846,3169,14,0,10,5,0,5,61,0.0451,44,7,3,861.94,DATA_EXFILTRATION,1
TRAIN_P2475,0.0827,0.0631,142,16,2,0,0,0,0,60,0.0433,6,5,1,373.13,RECONNAISSANCE,1
TRAIN_P1799,0.0411,0.0252,101,11,0,0,0,0,0,21,0.0092,0,2,2,477.01,NORMAL,0
TRAIN_P1445,0.0281,0.0143,76,9,0,0,0,0,0,26,0.0174,0,3,1,376.04,NORMAL,0
TRAIN_P2045,0.0133,0.022,213,10,0,0,0,0,0,37,0.0233,0,4,1,374.75,NORMAL,0
TRAIN_P2571,0.0873,0.0976,391,11,8,0,1,0,1,36,0.0637,12,6,1,540.25,RECONNAISSANCE,1
TRAIN_P1386,0.0457,0.0216,103,6,0,0,0,0,0,42,0.0058,0,4,1,288.88,NORMAL,0
TRAIN_P1400,0.0423,0.0152,167,11,0,0,0,0,0,34,0.0204,0,3,1,401.2,NORMAL,0
TRAIN_P1196,0.0467,0.0157,151,7,0,0,0,0,0,18,0.0067,0,6,1,304.83,NORMAL,0
TRAIN_P3389,0.0832,0.0958,1666,16,0,1,0,6,2,49,0.0855,19,10,3,600.05,PRIVILEGE_ABUSE,1
TRAIN_P2477,0.0706,0.0557,184,16,8,0,0,0,0,55,0.1394,7,4,3,475.27,RECONNAISSANCE,1
TRAIN_P3150,0.0897,0.1164,2910,11,3,12,9,0,0,42,0.0481,33,6,2,455.12,DATA_EXFILTRATION,1
TRAIN_P2468,0.0678,0.0397,328,18,13,0,1,0,0,58,0.0788,6,3,2,386.92,RECONNAISSANCE,1
TRAIN_P0298,0.0433,0.014,141,7,0,0,0,0,1,23,0.0171,0,3,2,285.28,NORMAL,0
TRAIN_P1728,0.042,0.0126,141,7,0,0,0,0,0,29,0.0079,0,2,1,412.07,NORMAL,0
TRAIN_P1265,0.0372,0.0072,132,10,1,0,0,0,0,28,0.0202,0,5,1,380.12,NORMAL,0
TRAIN_P3308,0.0746,0.134,3256,14,0,15,8,0,3,55,0.012,22,7,2,627.64,DATA_EXFILTRATION,1
TRAIN_P0959,0.0223,0.0285,152,8,0,0,0,0,0,32,0.0142,0,4,1,417.75,NORMAL,0
TRAIN_P1721,0.0302,0.0214,107,12,0,0,0,0,0,34,0.0093,1,1,1,481.61,NORMAL,0
TRAIN_P1755,0.0503,0.0132,70,7,0,0,0,0,0,34,0.013,0,5,1,405.76,NORMAL,0
TRAIN_P1879,0.0723,0.026,122,7,0,0,0,0,0,9,0.0218,0,2,1,328.27,NORMAL,0
TRAIN_P2721,0.0533,0.0658,330,17,10,0,0,0,0,57,0.0898,6,6,1,606.15,RECONNAISSANCE,1
TRAIN_P1375,0.0608,0.0183,168,11,0,0,0,0,1,34,0.0166,0,4,1,373.16,NORMAL,0
TRAIN_P1287,0.0184,0.0242,139,9,0,0,0,0,0,27,0.0141,0,4,2,337.91,NORMAL,0
TRAIN_P0350,0.0169,0.0133,87,9,0,0,0,0,0,31,0.0208,0,2,1,352.56,NORMAL,0
TRAIN_P1369,0.0812,0.0174,142,7,0,0,0,0,0,21,0.0165,0,5,1,238.9,NORMAL,0
TRAIN_P2168,0.5082,0.03,266,9,2,0,0,0,0,38,0.3785,14,3,1,486.66,BRUTE_FORCE,1
TRAIN_P0644,0.0468,0.022,166,7,0,0,0,0,0,14,0.0113,0,3,1,443.42,NORMAL,0
TRAIN_P3029,0.0576,0.055,2451,13,1,1,0,0,2,56,0.0453,19,7,3,764.94,SUSPICIOUS_DATA_ACCESS,1
TRAIN_P1672,0.0281,0.0162,78,9,0,0,0,0,0,31,0.0208,0,4,1,338.93,NORMAL,0
TRAIN_P0670,0.0318,0.0184,156,6,0,0,0,0,0,19,0.0025,0,3,1,426.54,NORMAL,0
TRAIN_P2216,0.5904,0.0783,170,10,1,0,0,0,0,52,0.3457,18,3,1,500.76,BRUTE_FORCE,1
TRAIN_P3284,0.0907,0.1079,3019,15,3,12,5,0,4,65,0.0198,28,8,2,400.35,DATA_EXFILTRATION,1
TRAIN_P3478,0.1353,0.0542,1571,17,3,1,1,6,2,32,0.1192,18,7,2,514.89,PRIVILEGE_ABUSE,1
TRAIN_P1180,0.0518,0.0195,98,10,0,0,0,0,0,16,0.017,0,4,1,278.92,NORMAL,0
TRAIN_P2247,0.4807,0.0714,230,10,0,0,0,0,0,38,0.351,9,2,1,502.54,BRUTE_FORCE,1
TRAIN_P2994,0.0794,0.0738,3276,13,4,0,0,0,2,58,0.0404,23,11,1,700.11,SUSPICIOUS_DATA_ACCESS,1
TRAIN_P2922,0.0745,0.0719,1662,9,0,1,0,0,1,56,0.0528,20,8,3,541.18,SUSPICIOUS_DATA_ACCESS,1
TRAIN_P2017,0.0642,0.0135,210,7,0,0,0,0,0,24,0.0146,0,4,1,355.06,NORMAL,0
TRAIN_P2517,0.1414,0.0967,293,15,5,0,0,0,1,56,0.1117,4,8,1,383.91,RECONNAISSANCE,1
TRAIN_P1358,0.0233,0.0279,148,7,0,0,0,0,0,16,0.0135,0,3,1,223.99,NORMAL,0
TRAIN_P0787,0.0,0.0166,115,8,0,0,0,0,1,24,0.0216,0,6,1,223.3,NORMAL,0
TRAIN_P3228,0.1034,0.1266,2424,15,1,11,6,0,2,62,0.0353,39,8,3,655.32,DATA_EXFILTRATION,1
TRAIN_P0141,0.0368,0.0234,158,7,0,0,0,0,0,40,0.0147,2,3,1,327.77,NORMAL,0
TRAIN_P0789,0.0495,0.0064,156,7,0,0,0,0,0,18,0.0136,0,3,1,290.98,NORMAL,0
TRAIN_P0324,0.0389,0.0217,185,9,0,0,0,0,0,12,0.0018,0,3,1,377.24,NORMAL,0
TRAIN_P2438,0.5855,0.0435,169,8,0,0,0,0,1,47,0.2978,8,6,1,461.27,BRUTE_FORCE,1
TRAIN_P0715,0.0195,0.0177,146,8,1,0,0,0,1,23,0.0147,0,4,1,290.79,NORMAL,0
TRAIN_P2536,0.0914,0.0734,262,17,5,0,0,0,1,56,0.117,10,6,3,612.43,RECONNAISSANCE,1
TRAIN_P3482,0.1134,0.0687,1941,12,4,3,1,3,6,59,0.0728,25,14,2,650.23,PRIVILEGE_ABUSE,1
TRAIN_P3323,0.1178,0.0917,3010,14,0,14,7,0,1,55,0.0402,41,6,2,781.89,DATA_EXFILTRATION,1
TRAIN_P1703,0.0185,0.0218,164,10,0,0,0,0,0,22,0.007,0,4,1,432.96,NORMAL,0
TRAIN_P3031,0.0425,0.0911,2608,14,2,1,1,0,1,46,0.0374,19,4,2,754.69,SUSPICIOUS_DATA_ACCESS,1
TRAIN_P2357,0.5833,0.0711,163,10,1,0,0,0,0,60,0.2498,9,5,1,459.56,BRUTE_FORCE,1
TRAIN_P0619,0.0582,0.0196,177,5,0,0,0,0,0,15,0.0107,0,2,1,415.59,NORMAL,0
TRAIN_P0407,0.0608,0.0102,135,9,0,0,0,0,0,29,0.012,0,2,1,258.21,NORMAL,0
TRAIN_P1685,0.0302,0.0201,108,7,0,0,0,0,0,31,0.0113,0,3,1,404.03,NORMAL,0
TRAIN_P1668,0.0534,0.0147,134,8,0,0,0,0,0,20,0.0218,0,3,2,381.33,NORMAL,0
TRAIN_P2969,0.036,0.1025,1940,9,4,0,0,0,2,46,0.0421,21,10,2,524.45,SUSPICIOUS_DATA_ACCESS,1
TRAIN_P1745,0.0607,0.0239,98,8,0,0,0,0,0,21,0.011,0,2,1,351.98,NORMAL,0
TRAIN_P3450,0.083,0.0791,1417,16,2,2,0,6,4,53,0.0555,25,7,1,643.64,PRIVILEGE_ABUSE,1
TRAIN_P0498,0.0038,0.0259,70,8,0,0,0,0,0,28,0.0157,0,3,1,467.88,NORMAL,0
TRAIN_P2016,0.0497,0.019,125,9,0,0,0,0,1,16,0.0082,0,2,1,371.44,NORMAL,0
TRAIN_P0343,0.0459,0.0161,156,9,0,0,0,0,0,20,0.013,0,4,1,368.05,NORMAL,0
TRAIN_P2334,0.5961,0.0707,188,9,0,0,0,0,0,12,0.3551,4,4,1,402.42,BRUTE_FORCE,1
TRAIN_P3249,0.019,0.0903,2576,15,1,15,6,0,3,73,0.0365,17,11,1,517.38,DATA_EXFILTRATION,1
TRAIN_P0783,0.0234,0.0206,168,9,0,0,0,0,0,19,0.0095,0,3,1,321.48,NORMAL,0
TRAIN_P1324,0.0402,0.0198,190,11,0,0,0,0,0,40,0.0185,0,3,1,394.57,NORMAL,0
TRAIN_P2285,0.5515,0.0745,228,10,0,0,0,0,0,47,0.3708,15,6,1,450.56,BRUTE_FORCE,1
TRAIN_P2471,0.0305,0.0508,348,17,8,0,0,0,1,48,0.1039,9,2,2,519.75,RECONNAISSANCE,1
TRAIN_P0304,0.0371,0.0239,161,8,0,0,0,0,0,37,0.017,0,3,1,227.36,NORMAL,0
TRAIN_P2937,0.0559,0.117,2519,16,2,0,0,0,1,47,0.0586,11,10,2,416.55,SUSPICIOUS_DATA_ACCESS,1
TRAIN_P2553,0.0735,0.0753,313,17,9,0,0,0,1,39,0.1726,10,7,2,369.18,RECONNAISSANCE,1
TRAIN_P0665,0.0353,0.0061,165,7,0,0,0,0,0,12,0.0157,0,2,1,320.61,NORMAL,0
TRAIN_P1178,0.0479,0.0086,153,8,0,0,0,0,0,30,0.0178,0,4,1,299.32,NORMAL,0
TRAIN_P1245,0.0261,0.0244,115,7,0,0,0,0,0,15,0.0182,0,3,1,255.72,NORMAL,0
TRAIN_P3130,0.0318,0.1041,3505,10,1,5,6,1,3,58,0.0599,45,5,3,668.68,DATA_EXFILTRATION,1
TRAIN_P2647,0.1083,0.068,356,16,7,0,0,0,0,65,0.0917,6,5,1,422.43,RECONNAISSANCE,1
TRAIN_P2723,0.0902,0.0588,212,17,7,0,0,0,1,53,0.1563,9,8,2,503.38,RECONNAISSANCE,1
TRAIN_P3210,0.0794,0.0848,2458,15,0,10,9,1,3,60,0.0619,32,9,4,640.96,DATA_EXFILTRATION,1
TRAIN_P2345,0.5082,0.0846,210,11,1,0,0,0,0,34,0.2845,10,5,1,378.83,BRUTE_FORCE,1
TRAIN_P0085,0.0476,0.0222,191,9,0,0,0,0,0,30,0.0153,0,3,2,297.2,NORMAL,0
TRAIN_P2657,0.0841,0.0793,298,13,6,0,0,0,1,42,0.1576,8,4,2,573.2,RECONNAISSANCE,1
TRAIN_P0942,0.0367,0.0235,178,8,0,0,0,0,0,24,0.0149,0,4,1,286.6,NORMAL,0
TRAIN_P0962,0.0557,0.0239,137,8,1,0,0,0,0,23,0.0127,0,4,1,441.82,NORMAL,0
TRAIN_P0842,0.0,0.0196,155,7,0,0,0,0,0,28,0.0125,0,3,1,332.38,NORMAL,0
TRAIN_P1939,0.0741,0.0143,135,9,0,0,0,0,0,29,0.0138,0,3,1,274.92,NORMAL,0
TRAIN_P2846,0.0844,0.087,3046,11,3,1,0,0,0,66,0.0434,19,9,2,617.79,SUSPICIOUS_DATA_ACCESS,1
TRAIN_P1922,0.0238,0.018,101,7,0,0,0,0,0,33,0.0205,0,2,1,294.49,NORMAL,0
TRAIN_P2097,0.0329,0.0254,143,9,0,0,0,0,0,21,0.0143,0,2,1,444.36,NORMAL,0
TRAIN_P1840,0.0733,0.0237,136,10,0,0,0,0,0,34,0.0128,0,4,1,321.89,NORMAL,0
TRAIN_P0291,0.0499,0.0253,102,5,0,0,0,0,0,31,0.0144,0,2,1,347.31,NORMAL,0
TRAIN_P2300,0.4647,0.0664,158,11,0,0,0,0,1,41,0.3829,11,6,1,323.01,BRUTE_FORCE,1
TRAIN_P1619,0.046,0.0174,120,9,0,0,0,0,0,14,0.011,0,3,1,250.39,NORMAL,0
TRAIN_P3015,0.0531,0.1075,1890,13,3,1,1,0,2,61,0.0372,15,6,1,745.14,SUSPICIOUS_DATA_ACCESS,1
TRAIN_P0605,0.0331,0.0186,175,11,0,0,0,0,1,16,0.0154,0,4,2,322.01,NORMAL,0
TRAIN_P2947,0.079,0.1002,2719,9,2,0,1,0,2,49,0.0688,13,8,4,690.17,SUSPICIOUS_DATA_ACCESS,1
TRAIN_P0917,0.0525,0.0113,166,8,0,0,0,0,0,27,0.0206,0,5,1,381.5,NORMAL,0
TRAIN_P1802,0.0649,0.0249,139,13,0,0,0,0,0,18,0.0097,0,1,1,268.74,NORMAL,0
TRAIN_P2414,0.5723,0.0878,110,10,0,0,0,0,0,54,0.2726,15,4,3,373.3,BRUTE_FORCE,1
TRAIN_P1100,0.056,0.0188,149,8,1,0,0,0,0,14,0.0143,0,4,1,395.09,NORMAL,0
TRAIN_P1089,0.0438,0.0205,141,8,0,0,0,0,0,24,0.0083,0,6,1,324.99,NORMAL,0
TRAIN_P2890,0.0467,0.0784,2667,13,3,1,1,0,1,47,0.0558,19,8,3,511.29,SUSPICIOUS_DATA_ACCESS,1
TRAIN_P1874,0.0345,0.0142,113,8,0,0,0,0,0,37,0.0178,0,5,1,455.59,NORMAL,0
TRAIN_P0822,0.014,0.0127,190,6,0,0,0,0,0,21,0.0181,0,3,1,556.91,NORMAL,0
TRAIN_P1860,0.0211,0.013,103,7,0,0,0,0,0,22,0.0241,0,5,1,371.08,NORMAL,0
TRAIN_P3397,0.1261,0.0647,1961,17,2,0,1,9,3,47,0.0896,25,10,3,496.39,PRIVILEGE_ABUSE,1
TRAIN_P2914,0.0649,0.0759,2281,15,2,2,1,0,1,78,0.0442,27,6,3,631.85,SUSPICIOUS_DATA_ACCESS,1
TRAIN_P2952,0.0476,0.0828,1878,12,1,1,0,0,1,48,0.0293,23,4,2,603.04,SUSPICIOUS_DATA_ACCESS,1
TRAIN_P1303,0.0186,0.0193,162,7,0,0,0,0,0,18,0.0183,0,5,1,352.41,NORMAL,0
TRAIN_P1001,0.0665,0.0237,158,9,2,0,0,0,0,32,0.0192,0,4,1,209.35,NORMAL,0
TRAIN_P3587,0.0754,0.0893,1509,15,3,1,1,6,3,44,0.0895,22,7,3,479.12,PRIVILEGE_ABUSE,1
TRAIN_P1957,0.0338,0.0186,116,8,1,0,0,0,0,20,0.0162,0,3,1,403.78,NORMAL,0
TRAIN_P1478,0.0426,0.0227,189,6,0,0,0,0,0,22,0.0148,0,3,1,406.72,NORMAL,0
TRAIN_P0019,0.0311,0.0117,119,11,0,0,0,0,0,32,0.0213,0,6,1,462.6,NORMAL,0
TRAIN_P0494,0.0572,0.0146,232,7,0,0,0,0,0,18,0.026,0,5,1,379.38,NORMAL,0
TRAIN_P1126,0.0105,0.0192,115,9,0,0,0,0,0,18,0.0096,0,5,1,435.35,NORMAL,0
TRAIN_P1405,0.0154,0.0229,187,8,0,0,0,0,0,23,0.0057,0,3,1,369.07,NORMAL,0
TRAIN_P3195,0.0536,0.1188,3388,12,1,13,7,1,2,56,0.0382,31,8,4,762.56,DATA_EXFILTRATION,1
TRAIN_P1761,0.0225,0.0269,200,7,0,0,0,0,0,14,0.0103,0,3,1,417.88,NORMAL,0
TRAIN_P2209,0.5078,0.0929,190,9,0,0,0,0,0,47,0.3048,10,6,1,426.65,BRUTE_FORCE,1
TRAIN_P2186,0.5112,0.0462,150,9,0,0,0,0,0,36,0.3428,8,2,2,436.22,BRUTE_FORCE,1
TRAIN_P2868,0.0451,0.0997,2240,13,3,3,1,0,2,48,0.0424,17,9,2,739.43,SUSPICIOUS_DATA_ACCESS,1
TRAIN_P0585,0.0673,0.0197,151,10,0,0,0,0,0,22,0.0181,0,3,1,329.81,NORMAL,0
TRAIN_P2103,0.084,0.0207,40,8,0,0,0,0,0,21,0.0205,0,3,1,398.6,NORMAL,0
TRAIN_P0688,0.0154,0.0247,199,11,0,0,0,0,0,30,0.0124,0,4,1,378.47,NORMAL,0
TRAIN_P2211,0.34,0.1043,144,10,0,0,0,0,0,26,0.2715,12,4,1,494.53,BRUTE_FORCE,1
TRAIN_P2108,0.0175,0.0212,194,7,0,0,0,0,0,19,0.0109,0,4,1,345.56,NORMAL,0
TRAIN_P2422,0.517,0.0642,130,9,0,0,0,0,2,36,0.3264,8,4,1,349.35,BRUTE_FORCE,1
TRAIN_P1979,0.0179,0.0177,164,8,0,0,0,0,0,22,0.024,2,4,1,518.91,NORMAL,0
TRAIN_P1010,0.0234,0.0127,131,9,0,0,0,0,0,34,0.0123,0,1,1,288.49,NORMAL,0
TRAIN_P2893,0.0413,0.0974,3014,11,2,1,0,0,2,55,0.0241,18,9,3,774.84,SUSPICIOUS_DATA_ACCESS,1
TRAIN_P0361,0.0398,0.0208,138,10,0,0,0,0,0,38,0.0216,0,3,1,326.42,NORMAL,0
TRAIN_P3404,0.0472,0.0666,1596,15,5,1,0,9,4,50,0.0822,14,8,4,664.21,PRIVILEGE_ABUSE,1
TRAIN_P3283,0.0396,0.145,3538,13,1,14,4,0,2,72,0.0624,25,7,3,988.48,DATA_EXFILTRATION,1
TRAIN_P2308,0.6752,0.0595,73,9,0,0,0,0,0,52,0.3296,9,3,1,485.5,BRUTE_FORCE,1
TRAIN_P1311,0.0279,0.0276,73,9,0,0,0,0,0,37,0.0163,0,4,1,231.41,NORMAL,0
TRAIN_P1750,0.0447,0.0144,185,5,0,0,0,0,0,18,0.0181,0,4,1,382.77,NORMAL,0
TRAIN_P2931,0.0395,0.0885,2584,16,3,0,0,0,0,54,0.0345,15,5,4,257.47,SUSPICIOUS_DATA_ACCESS,1
TRAIN_P1815,0.0428,0.0283,242,9,0,0,0,0,0,8,0.0186,0,5,1,354.26,NORMAL,0
TRAIN_P2164,0.6224,0.0628,131,10,0,0,0,0,0,35,0.3086,9,3,2,342.5,BRUTE_FORCE,1
TRAIN_P0345,0.0497,0.0254,114,9,0,1,0,0,0,24,0.0131,0,3,1,527.87,NORMAL,0
TRAIN_P0987,0.0,0.0193,196,8,0,0,0,0,0,19,0.0205,0,3,1,290.79,NORMAL,0
TRAIN_P1831,0.036,0.0175,157,8,0,0,0,0,0,13,0.0184,0,3,1,412.14,NORMAL,0
TRAIN_P0744,0.0095,0.017,182,8,0,0,0,0,0,27,0.0121,0,3,1,315.27,NORMAL,0
TRAIN_P1926,0.0561,0.0187,40,9,0,0,0,0,0,27,0.0248,0,2,1,379.35,NORMAL,0
TRAIN_P1656,0.0292,0.0134,137,9,0,0,0,0,0,25,0.0059,0,4,1,321.89,NORMAL,0
TRAIN_P0114,0.0762,0.0231,163,10,0,0,0,0,0,31,0.0104,2,3,1,311.96,NORMAL,0
TRAIN_P1438,0.0746,0.0279,142,9,0,0,0,0,0,35,0.0185,0,3,2,441.99,NORMAL,0
TRAIN_P1578,0.0431,0.0194,173,7,1,0,0,0,0,15,0.0224,0,3,1,410.98,NORMAL,0
TRAIN_P1242,0.0452,0.0201,115,10,0,0,0,0,0,20,0.0192,0,4,1,487.51,NORMAL,0
TRAIN_P1143,0.0307,0.017,198,8,0,0,0,0,0,16,0.0198,0,2,1,388.82,NORMAL,0
TRAIN_P2173,0.4772,0.0668,197,9,0,0,0,0,0,46,0.2613,8,6,2,403.26,BRUTE_FORCE,1
TRAIN_P1217,0.0403,0.0236,230,8,0,0,0,0,0,20,0.0189,0,4,1,280.57,NORMAL,0
TRAIN_P1199,0.0,0.0299,116,10,0,0,0,0,0,28,0.0088,0,4,1,417.32,NORMAL,0
TRAIN_P0086,0.0416,0.01,186,9,0,0,0,0,0,33,0.0098,0,4,1,327.94,NORMAL,0
TRAIN_P1848,0.0374,0.0217,215,8,0,0,0,0,0,22,0.0116,0,3,1,415.61,NORMAL,0
TRAIN_P2478,0.1091,0.0648,240,15,10,0,1,0,1,35,0.1353,9,4,2,327.51,RECONNAISSANCE,1
TRAIN_P1382,0.0488,0.0288,89,8,2,0,0,0,0,15,0.0088,0,6,1,180.0,NORMAL,0
TRAIN_P1736,0.0438,0.0331,106,10,0,0,0,0,0,26,0.0183,0,4,1,359.67,NORMAL,0
TRAIN_P0669,0.0364,0.0231,142,7,0,0,0,0,0,31,0.0121,0,3,1,463.85,NORMAL,0
TRAIN_P1015,0.022,0.0199,135,7,0,0,0,0,0,29,0.0259,0,4,1,446.65,NORMAL,0
TRAIN_P0129,0.0813,0.0147,150,11,1,0,0,0,0,16,0.0171,0,2,1,359.58,NORMAL,0
TRAIN_P1365,0.084,0.0243,80,9,2,0,0,0,0,32,0.014,0,4,1,407.68,NORMAL,0
TRAIN_P2842,0.06,0.0679,2613,11,2,0,0,0,2,41,0.0461,10,11,2,705.91,SUSPICIOUS_DATA_ACCESS,1
TRAIN_P1671,0.0569,0.0203,167,7,0,0,0,0,0,24,0.0081,0,5,1,442.2,NORMAL,0
TRAIN_P0892,0.0309,0.0233,148,5,0,0,0,0,0,24,0.0114,0,2,2,367.07,NORMAL,0
TRAIN_P2320,0.5996,0.0717,216,10,0,0,0,0,0,51,0.3449,17,3,1,377.54,BRUTE_FORCE,1
TRAIN_P1360,0.0227,0.0162,118,9,0,0,0,0,0,28,0.0199,0,2,1,320.64,NORMAL,0
TRAIN_P0308,0.0286,0.021,190,8,0,0,0,0,0,31,0.0132,0,4,1,414.25,NORMAL,0
TRAIN_P0384,0.0236,0.0139,127,8,0,0,0,0,0,30,0.018,0,2,1,263.96,NORMAL,0
TRAIN_P0151,0.0366,0.0145,141,12,0,1,0,0,0,40,0.0206,0,3,1,371.52,NORMAL,0
TRAIN_P1318,0.0,0.0204,134,6,0,0,0,0,0,26,0.0181,0,3,1,404.81,NORMAL,0
TRAIN_P1452,0.077,0.0224,121,7,0,0,0,0,0,22,0.0187,0,3,1,366.4,NORMAL,0
TRAIN_P1645,0.0296,0.0166,75,7,0,0,0,0,0,26,0.0204,0,5,1,403.09,NORMAL,0
TRAIN_P2352,0.5846,0.0942,214,10,0,0,0,0,0,67,0.3087,18,3,1,577.91,BRUTE_FORCE,1
TRAIN_P0427,0.0464,0.013,132,9,0,0,0,0,0,19,0.0136,0,1,1,358.49,NORMAL,0
TRAIN_P0495,0.0115,0.0176,197,8,0,0,0,0,0,14,0.0186,0,3,1,386.73,NORMAL,0
TRAIN_P1208,0.0326,0.0201,177,6,1,0,0,0,0,34,0.0134,0,3,1,338.48,NORMAL,0
TRAIN_P2024,0.0381,0.0242,204,11,0,0,0,0,0,33,0.0141,0,2,1,426.09,NORMAL,0
TRAIN_P2231,0.6107,0.07,156,8,0,0,1,0,0,38,0.3362,10,4,2,283.77,BRUTE_FORCE,1
TRAIN_P1209,0.0672,0.0253,174,6,0,0,0,0,0,24,0.0168,0,3,1,374.59,NORMAL,0
TRAIN_P2837,0.0694,0.0657,2169,14,2,1,1,0,2,60,0.0306,21,7,3,623.65,SUSPICIOUS_DATA_ACCESS,1
TRAIN_P2908,0.0773,0.0645,2585,13,2,1,0,0,2,42,0.031,22,5,2,602.04,SUSPICIOUS_DATA_ACCESS,1
TRAIN_P2640,0.1056,0.0715,297,14,11,0,1,0,0,55,0.0521,12,7,1,524.93,RECONNAISSANCE,1
TRAIN_P1613,0.0116,0.014,155,4,0,0,0,0,0,21,0.0178,0,3,1,225.65,NORMAL,0
TRAIN_P1240,0.0636,0.0175,111,9,0,0,0,0,0,15,0.0148,0,5,1,323.43,NORMAL,0
TRAIN_P2767,0.0534,0.1049,2042,13,1,1,0,0,1,51,0.0067,9,8,2,755.0,SUSPICIOUS_DATA_ACCESS,1
TRAIN_P3254,0.0891,0.1181,3147,10,1,12,7,0,4,53,0.0188,36,9,2,606.42,DATA_EXFILTRATION,1
TRAIN_P0276,0.0674,0.0142,44,8,0,0,0,0,0,45,0.0082,0,4,1,315.01,NORMAL,0
TRAIN_P0490,0.0199,0.0183,206,10,1,0,0,0,0,20,0.0157,0,6,1,408.66,NORMAL,0
TRAIN_P2310,0.5414,0.1012,171,6,0,0,0,0,0,49,0.3843,10,4,1,504.12,BRUTE_FORCE,1
TRAIN_P1230,0.0467,0.0171,122,8,0,0,0,0,0,31,0.02,0,2,1,331.47,NORMAL,0
TRAIN_P0691,0.0456,0.0158,151,6,0,0,0,0,0,28,0.0133,0,2,1,355.48,NORMAL,0
TRAIN_P1910,0.0405,0.0195,89,9,0,0,0,0,0,23,0.0154,0,6,1,384.69,NORMAL,0
TRAIN_P2401,0.6172,0.0657,202,11,1,0,0,0,0,41,0.3479,11,4,2,453.62,BRUTE_FORCE,1
TRAIN_P2581,0.0926,0.0335,412,11,6,0,0,0,0,33,0.04,10,9,1,575.93,RECONNAISSANCE,1
TRAIN_P1733,0.0294,0.0248,87,10,0,0,0,0,0,19,0.008,0,5,1,290.86,NORMAL,0
TRAIN_P2648,0.0582,0.0884,316,15,8,2,0,0,1,60,0.0679,7,6,1,456.79,RECONNAISSANCE,1
TRAIN_P3439,0.1202,0.0792,2278,14,2,0,1,5,2,43,0.0516,15,9,3,590.46,PRIVILEGE_ABUSE,1
TRAIN_P1059,0.0414,0.0159,107,7,0,0,0,0,0,27,0.0089,0,4,1,228.78,NORMAL,0
TRAIN_P0119,0.033,0.0213,195,8,0,0,0,0,0,13,0.0091,0,4,1,238.52,NORMAL,0
TRAIN_P1025,0.0384,0.0097,144,9,0,0,0,0,0,36,0.0076,0,4,1,427.11,NORMAL,0
TRAIN_P1946,0.056,0.0198,162,8,0,0,0,0,1,16,0.0096,0,4,1,301.68,NORMAL,0
TRAIN_P0282,0.0305,0.0182,150,10,0,0,0,0,0,18,0.0065,0,4,2,388.91,NORMAL,0
TRAIN_P2111,0.0,0.0335,137,9,0,0,0,0,0,35,0.0255,0,4,1,408.32,NORMAL,0
TRAIN_P1317,0.0571,0.0248,197,10,0,0,0,0,0,36,0.011,0,4,1,387.58,NORMAL,0
TRAIN_P2795,0.036,0.1015,2748,12,2,1,0,0,1,50,0.0436,21,7,3,551.15,SUSPICIOUS_DATA_ACCESS,1
TRAIN_P0969,0.0397,0.0147,170,6,0,0,0,0,0,21,0.0136,0,5,1,441.4,NORMAL,0
TRAIN_P1673,0.0443,0.0288,156,9,0,0,0,0,0,21,0.0146,0,3,1,324.54,NORMAL,0
TRAIN_P3458,0.0,0.0865,1926,14,5,1,1,6,2,38,0.0413,15,8,3,391.41,PRIVILEGE_ABUSE,1
TRAIN_P2546,0.0482,0.0752,274,15,7,2,0,0,1,55,0.0927,7,2,2,464.3,RECONNAISSANCE,1
TRAIN_P0620,0.0663,0.0256,150,11,1,0,0,0,0,18,0.0117,0,5,1,547.95,NORMAL,0
TRAIN_P3151,0.08,0.086,3769,17,4,20,5,0,1,50,0.0487,36,9,3,431.01,DATA_EXFILTRATION,1
TRAIN_P0156,0.0484,0.017,177,10,0,0,0,0,0,18,0.0149,0,3,1,368.44,NORMAL,0
TRAIN_P3599,0.1246,0.0642,1691,15,5,1,2,6,4,50,0.0747,21,9,1,499.22,PRIVILEGE_ABUSE,1
TRAIN_P2698,0.0575,0.0668,343,20,8,0,0,0,1,27,0.0906,13,8,1,546.61,RECONNAISSANCE,1
TRAIN_P0305,0.0639,0.0172,156,9,0,0,0,0,0,24,0.0122,0,5,1,354.24,NORMAL,0
TRAIN_P2338,0.6467,0.0435,138,10,2,0,0,0,0,38,0.403,16,7,1,357.92,BRUTE_FORCE,1
TRAIN_P3055,0.0725,0.0915,2829,14,5,0,0,0,1,38,0.0417,18,10,3,519.1,SUSPICIOUS_DATA_ACCESS,1
TRAIN_P1978,0.0294,0.0222,165,8,0,0,0,0,0,28,0.0154,0,4,1,540.64,NORMAL,0
TRAIN_P3596,0.0813,0.0986,1871,12,5,3,0,6,4,48,0.0426,16,4,4,681.09,PRIVILEGE_ABUSE,1
TRAIN_P2685,0.0,0.0445,298,13,5,0,0,0,2,57,0.1364,11,6,2,556.95,RECONNAISSANCE,1
TRAIN_P1308,0.0411,0.0196,191,9,2,0,0,0,0,20,0.0125,0,2,1,349.86,NORMAL,0
TRAIN_P3427,0.1426,0.0763,950,12,2,0,2,5,4,54,0.1012,32,10,5,607.25,PRIVILEGE_ABUSE,1
TRAIN_P0576,0.0299,0.0259,202,10,0,0,0,0,0,18,0.0183,0,4,1,455.44,NORMAL,0
TRAIN_P2453,0.0619,0.1044,278,19,6,0,0,0,2,72,0.1116,10,4,1,509.79,RECONNAISSANCE,1
TRAIN_P3080,0.103,0.0425,1488,15,3,2,1,0,2,55,0.0419,23,5,2,441.45,SUSPICIOUS_DATA_ACCESS,1
TRAIN_P3143,0.0865,0.1054,2711,13,2,8,8,1,3,58,0.0509,36,11,3,608.17,DATA_EXFILTRATION,1
TRAIN_P1300,0.0369,0.0184,115,8,0,0,0,0,0,16,0.008,0,5,1,401.33,NORMAL,0
TRAIN_P0133,0.0425,0.0297,109,7,0,0,0,0,0,27,0.0174,0,2,2,446.74,NORMAL,0
TRAIN_P2611,0.0854,0.0604,502,17,8,0,0,0,0,36,0.1204,8,7,2,474.46,RECONNAISSANCE,1
TRAIN_P2886,0.0409,0.0539,2433,13,1,1,0,0,1,47,0.0473,26,8,3,411.66,SUSPICIOUS_DATA_ACCESS,1
TRAIN_P1722,0.0438,0.0223,117,11,0,0,0,0,0,24,0.0149,0,4,1,295.13,NORMAL,0
TRAIN_P0844,0.0537,0.0244,135,9,1,0,0,0,0,19,0.0163,0,2,1,435.42,NORMAL,0
TRAIN_P3174,0.0428,0.0568,2226,18,1,18,6,1,2,53,0.0598,27,6,4,701.97,DATA_EXFILTRATION,1
TRAIN_P1826,0.0438,0.028,171,7,1,0,0,0,0,33,0.0074,0,3,2,517.91,NORMAL,0
TRAIN_P0270,0.0,0.0303,193,8,0,0,0,0,0,38,0.0245,0,4,1,385.51,NORMAL,0
TRAIN_P0630,0.0762,0.022,126,9,0,0,0,0,0,36,0.0144,0,3,1,471.05,NORMAL,0
TRAIN_P1034,0.0312,0.0113,105,7,0,0,0,0,0,17,0.0116,0,4,1,403.18,NORMAL,0
TRAIN_P2085,0.0538,0.0228,193,8,0,0,0,0,0,26,0.0107,0,5,1,381.64,NORMAL,0
TRAIN_P0287,0.0606,0.0244,104,10,1,0,0,0,0,34,0.0146,0,4,1,353.27,NORMAL,0
TRAIN_P1327,0.0339,0.0174,92,9,0,0,0,0,0,21,0.0161,0,2,1,429.97,NORMAL,0
TRAIN_P2655,0.0432,0.0527,353,17,8,0,0,0,1,69,0.1385,11,5,2,522.91,RECONNAISSANCE,1
TRAIN_P0301,0.0303,0.0227,206,8,0,0,0,0,0,16,0.0207,0,2,1,427.31,NORMAL,0
TRAIN_P3167,0.067,0.1162,2152,17,2,12,8,0,1,70,0.0364,41,10,4,561.37,DATA_EXFILTRATION,1
TRAIN_P1448,0.0391,0.0181,131,9,0,0,0,0,0,43,0.0096,0,3,1,429.81,NORMAL,0
TRAIN_P1473,0.0401,0.0205,93,6,0,0,0,0,0,21,0.0106,0,4,1,431.86,NORMAL,0
TRAIN_P2556,0.1157,0.0777,475,16,6,0,0,0,0,26,0.1589,10,10,1,437.12,RECONNAISSANCE,1
TRAIN_P2229,0.6291,0.0434,171,10,0,0,0,0,0,53,0.3388,8,4,1,481.49,BRUTE_FORCE,1
TRAIN_P2116,0.0755,0.0234,192,8,1,0,0,0,0,28,0.0186,0,3,1,443.99,NORMAL,0
TRAIN_P0066,0.0511,0.0169,130,8,1,0,0,0,1,22,0.0091,0,3,1,417.71,NORMAL,0
TRAIN_P2664,0.0213,0.0533,443,17,7,0,0,0,0,26,0.1882,7,5,2,461.39,RECONNAISSANCE,1
TRAIN_P0891,0.0161,0.014,100,9,0,0,0,0,0,35,0.0249,0,3,1,349.46,NORMAL,0
TRAIN_P2782,0.0459,0.0939,2498,16,3,1,1,0,3,47,0.0544,16,6,2,534.31,SUSPICIOUS_DATA_ACCESS,1
TRAIN_P3124,0.1077,0.0915,3180,11,2,13,9,0,2,62,0.0311,29,10,1,866.47,DATA_EXFILTRATION,1
TRAIN_P3354,0.0416,0.0671,1770,17,5,1,0,4,6,48,0.1003,23,7,3,377.86,PRIVILEGE_ABUSE,1
TRAIN_P3001,0.0699,0.0808,2388,14,4,1,1,0,1,54,0.025,27,6,2,652.8,SUSPICIOUS_DATA_ACCESS,1
TRAIN_P0231,0.0346,0.023,105,10,0,0,0,0,0,26,0.0236,0,1,1,374.51,NORMAL,0
TRAIN_P0504,0.0205,0.0161,132,8,1,0,0,0,0,11,0.0098,0,2,1,299.66,NORMAL,0
TRAIN_P2622,0.1061,0.0413,296,16,7,0,0,0,1,45,0.0646,8,3,2,460.68,RECONNAISSANCE,1
TRAIN_P2903,0.0846,0.1128,2462,12,2,0,0,0,2,62,0.0366,18,6,1,423.52,SUSPICIOUS_DATA_ACCESS,1
TRAIN_P2499,0.0904,0.0719,331,17,9,0,1,0,0,58,0.124,8,2,2,512.67,RECONNAISSANCE,1
TRAIN_P1526,0.0224,0.0214,147,11,0,0,0,0,0,24,0.0167,0,1,1,419.0,NORMAL,0
TRAIN_P2068,0.0345,0.0205,186,9,0,0,0,0,0,28,0.0103,1,5,1,316.75,NORMAL,0
TRAIN_P3291,0.0759,0.1102,2970,10,1,15,5,0,2,64,0.0173,27,7,4,665.91,DATA_EXFILTRATION,1
TRAIN_P1005,0.0234,0.0146,104,9,0,0,0,0,1,35,0.0169,0,5,1,369.98,NORMAL,0
TRAIN_P0837,0.0021,0.0192,163,10,0,0,0,0,0,23,0.0144,0,5,1,480.12,NORMAL,0
TRAIN_P3059,0.0391,0.1007,2292,12,3,0,0,0,0,50,0.0264,24,5,1,539.87,SUSPICIOUS_DATA_ACCESS,1
TRAIN_P0375,0.0616,0.0184,40,7,0,0,0,0,0,24,0.0045,0,4,1,327.95,NORMAL,0
TRAIN_P3179,0.06,0.097,2856,12,3,10,5,1,3,55,0.0425,24,9,3,553.87,DATA_EXFILTRATION,1
TRAIN_P2537,0.0738,0.0623,356,14,5,0,0,0,0,54,0.0854,6,7,2,456.31,RECONNAISSANCE,1
TRAIN_P3456,0.0882,0.0633,1633,12,1,1,0,8,4,37,0.058,26,7,2,539.06,PRIVILEGE_ABUSE,1
TRAIN_P0940,0.0459,0.0125,108,9,2,0,0,0,0,38,0.0186,0,3,1,241.61,NORMAL,0
TRAIN_P1322,0.0082,0.0223,81,8,0,0,0,0,0,19,0.0177,0,5,1,506.27,NORMAL,0
TRAIN_P2695,0.0881,0.0569,207,18,11,0,0,0,1,54,0.0939,6,9,1,707.46,RECONNAISSANCE,1
TRAIN_P2489,0.1217,0.0602,479,16,10,0,0,0,1,43,0.0674,10,5,1,422.68,RECONNAISSANCE,1
TRAIN_P0752,0.006,0.0219,160,9,0,0,0,0,1,27,0.0161,0,3,2,362.4,NORMAL,0
TRAIN_P0100,0.0501,0.0229,107,7,0,0,0,0,0,18,0.007,0,4,2,579.44,NORMAL,0
TRAIN_P1544,0.0535,0.0199,144,9,0,0,0,0,0,30,0.0187,0,3,1,445.15,NORMAL,0
TRAIN_P2380,0.549,0.0484,209,6,0,0,0,0,0,50,0.3705,10,5,1,419.71,BRUTE_FORCE,1
TRAIN_P0867,0.0464,0.016,89,6,0,0,0,0,0,26,0.013,0,5,1,302.21,NORMAL,0
TRAIN_P0911,0.0628,0.0215,173,6,0,0,0,0,0,18,0.0237,0,2,1,352.54,NORMAL,0
TRAIN_P1927,0.047,0.0192,122,8,0,0,0,0,0,23,0.0056,0,4,1,295.44,NORMAL,0
TRAIN_P1576,0.061,0.0134,164,7,1,0,0,0,0,34,0.007,0,4,2,455.15,NORMAL,0
TRAIN_P0530,0.0742,0.0324,161,5,0,0,0,0,0,23,0.0091,0,2,1,445.77,NORMAL,0
TRAIN_P1261,0.0329,0.0132,128,9,0,0,0,0,0,25,0.0133,0,3,1,600.26,NORMAL,0
TRAIN_P1732,0.0252,0.0213,160,12,0,0,0,0,0,24,0.0039,0,4,1,404.76,NORMAL,0
TRAIN_P2356,0.5535,0.089,172,9,0,0,0,0,0,26,0.2671,6,5,1,422.54,BRUTE_FORCE,1
TRAIN_P0637,0.0408,0.0239,257,8,0,0,0,0,0,18,0.0138,0,3,1,469.7,NORMAL,0
TRAIN_P1270,0.0292,0.0077,80,9,0,0,0,0,0,9,0.0177,1,2,1,499.92,NORMAL,0
TRAIN_P0186,0.0432,0.0225,194,11,0,0,0,0,0,17,0.0102,0,2,2,386.2,NORMAL,0
TRAIN_P2511,0.1439,0.0637,265,13,9,0,0,0,2,39,0.106,10,8,2,340.39,RECONNAISSANCE,1
TRAIN_P1730,0.0497,0.0142,101,9,0,1,0,0,0,19,0.0107,0,3,1,219.92,NORMAL,0
TRAIN_P2145,0.0324,0.014,116,8,0,0,0,0,0,19,0.0204,0,3,1,253.59,NORMAL,0
TRAIN_P0932,0.0453,0.0127,111,7,0,0,0,0,0,26,0.0079,0,1,1,450.66,NORMAL,0
TRAIN_P1442,0.0212,0.0127,131,8,0,0,0,0,0,22,0.0202,0,5,2,283.61,NORMAL,0
TRAIN_P2005,0.0229,0.0156,73,11,0,0,0,0,0,5,0.0298,0,2,1,535.18,NORMAL,0
TRAIN_P2751,0.0557,0.0653,2357,14,4,0,0,0,0,65,0.0463,13,10,3,607.02,SUSPICIOUS_DATA_ACCESS,1
TRAIN_P1536,0.0478,0.0278,173,9,0,0,0,0,0,22,0.019,0,2,1,362.8,NORMAL,0
TRAIN_P2023,0.0474,0.016,151,6,0,0,0,0,0,24,0.016,0,3,1,353.6,NORMAL,0
TRAIN_P2874,0.0485,0.0489,2750,11,1,1,0,0,1,56,0.0368,23,5,2,672.59,SUSPICIOUS_DATA_ACCESS,1
TRAIN_P1274,0.0208,0.0171,120,5,1,0,0,0,0,14,0.0151,0,1,1,481.14,NORMAL,0
TRAIN_P3221,0.087,0.0931,3023,12,0,6,7,0,0,69,0.0511,24,7,3,558.63,DATA_EXFILTRATION,1
TRAIN_P2096,0.039,0.0239,188,10,1,0,0,0,0,24,0.0185,0,3,1,349.23,NORMAL,0
TRAIN_P0608,0.0439,0.0203,154,8,1,0,0,0,0,17,0.0127,0,4,1,383.0,NORMAL,0
TRAIN_P1961,0.0488,0.0233,191,9,0,1,0,0,0,36,0.0097,0,2,1,476.49,NORMAL,0
TRAIN_P2065,0.0624,0.0199,151,10,0,0,0,0,0,28,0.0123,0,4,1,344.91,NORMAL,0
TRAIN_P0152,0.0095,0.0212,160,11,1,0,0,0,0,19,0.0194,0,4,1,377.66,NORMAL,0
TRAIN_P1867,0.0738,0.0259,126,10,2,0,0,0,0,30,0.0152,0,2,1,401.65,NORMAL,0
TRAIN_P2574,0.0754,0.0602,300,17,6,0,0,0,2,33,0.1377,6,6,2,200.0,RECONNAISSANCE,1
TRAIN_P3023,0.0576,0.0612,2047,13,3,0,0,0,3,24,0.0364,18,8,2,533.52,SUSPICIOUS_DATA_ACCESS,1
TRAIN_P2305,0.5834,0.0523,178,10,0,0,0,0,0,46,0.2847,9,3,2,453.82,BRUTE_FORCE,1
TRAIN_P0732,0.0255,0.0218,118,11,0,0,0,0,0,23,0.0148,0,2,2,415.83,NORMAL,0
TRAIN_P1953,0.0541,0.0214,157,9,0,0,0,0,0,25,0.0187,0,1,1,335.27,NORMAL,0
TRAIN_P2291,0.599,0.0645,202,10,0,0,0,0,0,36,0.3349,9,5,1,562.83,BRUTE_FORCE,1
TRAIN_P3271,0.0548,0.1369,2611,12,2,15,8,0,3,51,0.015,30,5,3,548.12,DATA_EXFILTRATION,1
TRAIN_P0024,0.0356,0.0255,183,10,0,0,0,0,0,30,0.0134,0,3,2,330.95,NORMAL,0
TRAIN_P3019,0.058,0.1002,2043,14,0,1,0,0,4,32,0.0398,8,5,1,856.09,SUSPICIOUS_DATA_ACCESS,1
TRAIN_P0159,0.0,0.0209,222,10,0,0,0,0,0,28,0.0175,0,2,1,385.22,NORMAL,0
TRAIN_P0862,0.0282,0.0189,212,7,0,0,0,0,0,22,0.0211,1,1,1,508.38,NORMAL,0
TRAIN_P2091,0.0668,0.0222,99,9,0,0,0,0,0,26,0.0112,0,3,1,400.4,NORMAL,0
TRAIN_P0903,0.045,0.0256,180,9,1,0,0,0,0,28,0.0248,0,3,1,452.24,NORMAL,0
TRAIN_P0353,0.0571,0.0284,117,10,0,0,0,0,0,17,0.0082,0,4,1,365.01,NORMAL,0
TRAIN_P1231,0.0481,0.0274,212,8,1,0,0,0,0,19,0.0245,0,4,2,439.44,NORMAL,0
TRAIN_P2707,0.0421,0.0516,316,15,9,0,0,0,0,49,0.1005,5,2,1,426.89,RECONNAISSANCE,1
TRAIN_P0445,0.0636,0.03,161,9,1,0,0,0,0,30,0.0134,1,3,1,429.02,NORMAL,0
TRAIN_P3523,0.1402,0.0744,1986,9,2,0,0,6,3,46,0.0762,22,11,4,566.14,PRIVILEGE_ABUSE,1
TRAIN_P0755,0.0195,0.0279,161,8,0,0,0,0,0,18,0.02,0,3,1,362.5,NORMAL,0
TRAIN_P0924,0.0735,0.019,166,7,0,0,0,0,0,23,0.0135,0,2,2,406.34,NORMAL,0
TRAIN_P1667,0.038,0.0192,79,10,0,0,0,0,0,16,0.0128,0,3,1,463.71,NORMAL,0
TRAIN_P3563,0.1531,0.0743,2494,9,3,3,0,8,2,44,0.0916,25,9,3,427.77,PRIVILEGE_ABUSE,1
TRAIN_P2529,0.0852,0.0684,304,19,9,0,0,0,2,56,0.1244,12,6,1,477.08,RECONNAISSANCE,1
TRAIN_P0312,0.0375,0.0159,119,11,0,0,0,0,0,25,0.0191,0,1,2,354.38,NORMAL,0
TRAIN_P1376,0.0646,0.0133,211,9,1,0,0,0,0,21,0.0076,0,4,1,300.9,NORMAL,0
TRAIN_P0549,0.0368,0.0226,152,9,0,0,0,0,0,31,0.0254,1,5,1,438.57,NORMAL,0
TRAIN_P2882,0.0778,0.0451,2614,11,3,1,0,0,3,64,0.0475,14,8,1,312.68,SUSPICIOUS_DATA_ACCESS,1
TRAIN_P2421,0.5147,0.0807,200,9,0,0,0,0,0,24,0.2778,9,5,2,452.36,BRUTE_FORCE,1
TRAIN_P2820,0.0537,0.1017,2109,12,4,1,0,0,0,62,0.0357,15,9,3,473.6,SUSPICIOUS_DATA_ACCESS,1
TRAIN_P0307,0.0193,0.0193,180,7,0,0,0,0,0,37,0.0183,0,4,1,411.06,NORMAL,0
TRAIN_P0288,0.0418,0.029,115,12,0,0,0,0,0,28,0.0197,0,5,1,354.79,NORMAL,0
TRAIN_P0695,0.0057,0.0241,217,9,0,0,0,0,0,16,0.0182,0,4,1,269.37,NORMAL,0
TRAIN_P0309,0.0158,0.0187,162,11,0,0,0,0,0,30,0.0056,0,3,2,531.24,NORMAL,0
TRAIN_P2649,0.06,0.0433,302,16,5,0,0,0,0,36,0.0941,5,5,1,387.1,RECONNAISSANCE,1
TRAIN_P2777,0.0509,0.1272,2772,13,3,0,1,0,2,54,0.0485,21,6,3,705.85,SUSPICIOUS_DATA_ACCESS,1
TRAIN_P2683,0.0289,0.0772,351,17,6,0,0,0,1,33,0.0876,10,4,2,365.58,RECONNAISSANCE,1
TRAIN_P0750,0.031,0.022,190,7,0,0,0,0,0,26,0.0195,0,4,1,272.42,NORMAL,0
TRAIN_P1591,0.0316,0.025,197,8,0,0,0,0,0,31,0.019,0,3,1,264.55,NORMAL,0
TRAIN_P1171,0.0444,0.0235,125,8,0,0,0,0,0,9,0.0117,0,6,2,305.01,NORMAL,0
TRAIN_P2803,0.0144,0.0719,2581,13,2,0,0,0,2,50,0.0437,20,9,2,424.72,SUSPICIOUS_DATA_ACCESS,1
TRAIN_P1267,0.0197,0.0214,164,8,0,0,0,0,0,21,0.0143,0,4,1,347.49,NORMAL,0
TRAIN_P1843,0.0666,0.0217,121,9,0,0,0,0,0,21,0.0116,0,3,1,301.54,NORMAL,0
TRAIN_P3224,0.0781,0.1184,2797,10,1,12,5,0,4,62,0.0361,15,6,3,556.3,DATA_EXFILTRATION,1
TRAIN_P0909,0.0356,0.0269,205,9,0,0,0,0,0,19,0.0177,0,3,1,281.39,NORMAL,0
TRAIN_P2651,0.0236,0.0687,341,16,3,0,0,0,0,46,0.1334,15,4,1,561.58,RECONNAISSANCE,1
TRAIN_P0087,0.0362,0.0211,184,9,1,0,0,0,0,26,0.0203,0,4,1,415.94,NORMAL,0
TRAIN_P3040,0.0547,0.0497,2976,14,3,2,1,0,2,54,0.0406,10,9,2,707.91,SUSPICIOUS_DATA_ACCESS,1
TRAIN_P2443,0.4005,0.0593,225,10,0,0,0,0,0,48,0.338,11,4,1,524.13,BRUTE_FORCE,1
TRAIN_P2982,0.0757,0.0741,2324,13,2,1,1,0,2,53,0.0381,19,5,2,662.15,SUSPICIOUS_DATA_ACCESS,1
TRAIN_P0971,0.0451,0.0184,185,9,0,0,0,0,0,23,0.0174,0,4,1,336.58,NORMAL,0
TRAIN_P0014,0.0351,0.0162,114,7,2,0,0,0,0,25,0.0223,0,2,1,377.24,NORMAL,0
TRAIN_P0874,0.0433,0.0206,141,10,0,0,0,0,0,35,0.0146,0,3,2,420.18,NORMAL,0
TRAIN_P1724,0.0321,0.0204,79,8,0,0,0,0,0,17,0.0189,0,5,1,379.79,NORMAL,0
TRAIN_P0809,0.0592,0.024,143,8,1,0,0,0,0,17,0.0155,0,3,1,335.41,NORMAL,0
TRAIN_P3086,0.0767,0.05,2805,8,1,2,0,0,0,38,0.021,13,8,3,708.09,SUSPICIOUS_DATA_ACCESS,1
TRAIN_P0515,0.0475,0.018,135,8,0,0,0,0,0,29,0.0213,0,3,1,285.78,NORMAL,0
TRAIN_P2887,0.0678,0.0556,2076,15,2,0,0,0,2,52,0.0373,7,6,3,571.77,SUSPICIOUS_DATA_ACCESS,1
TRAIN_P0410,0.0506,0.0292,120,11,0,0,0,0,0,30,0.0137,0,3,1,312.61,NORMAL,0
TRAIN_P2760,0.0197,0.0444,1629,12,3,2,0,0,0,56,0.0438,17,4,2,563.56,SUSPICIOUS_DATA_ACCESS,1
TRAIN_P1338,0.0061,0.0128,44,8,0,0,0,0,0,23,0.0205,0,4,1,324.03,NORMAL,0
TRAIN_P1414,0.0372,0.0226,117,9,0,0,0,0,0,32,0.0146,0,3,1,342.81,NORMAL,0
TRAIN_P2713,0.1013,0.0844,362,14,9,2,0,0,1,52,0.0971,10,4,3,495.7,RECONNAISSANCE,1
TRAIN_P1903,0.026,0.0227,151,7,0,0,0,0,0,18,0.0126,2,5,1,286.5,NORMAL,0
TRAIN_P2296,0.4872,0.0704,161,10,0,0,0,0,0,39,0.3866,15,6,1,535.44,BRUTE_FORCE,1
TRAIN_P3304,0.0788,0.1477,3100,14,1,8,8,1,2,72,0.0422,22,6,3,566.4,DATA_EXFILTRATION,1
TRAIN_P0007,0.0696,0.0174,117,8,1,0,0,0,0,20,0.0176,0,5,1,394.04,NORMAL,0
TRAIN_P0383,0.0599,0.0269,115,9,0,0,0,0,0,18,0.023,0,3,2,400.35,NORMAL,0
TRAIN_P3592,0.0961,0.0784,1813,17,4,1,2,8,5,45,0.1014,29,7,3,702.12,PRIVILEGE_ABUSE,1
TRAIN_P2629,0.0774,0.0853,275,17,6,2,0,0,0,52,0.1364,8,5,2,478.94,RECONNAISSANCE,1
TRAIN_P3329,0.0674,0.0677,2465,13,2,15,4,0,2,71,0.0109,46,9,4,732.29,DATA_EXFILTRATION,1
TRAIN_P1938,0.0391,0.0182,92,8,0,0,0,0,1,41,0.0183,0,2,1,347.1,NORMAL,0
TRAIN_P2219,0.5577,0.0692,203,8,2,0,0,0,0,36,0.283,17,6,1,318.67,BRUTE_FORCE,1
TRAIN_P1714,0.0124,0.0218,190,8,0,0,0,0,0,27,0.0126,0,5,1,461.08,NORMAL,0
TRAIN_P2515,0.0234,0.0608,451,14,3,0,1,0,0,35,0.1362,11,3,2,693.26,RECONNAISSANCE,1
TRAIN_P2621,0.0994,0.0744,382,17,8,0,0,0,0,43,0.0777,11,6,1,505.0,RECONNAISSANCE,1
TRAIN_P1394,0.0,0.0277,61,7,1,0,0,0,0,5,0.0149,0,2,1,477.04,NORMAL,0
TRAIN_P0553,0.0429,0.0114,139,8,0,0,0,0,0,19,0.0156,0,2,1,433.28,NORMAL,0
TRAIN_P3341,0.0555,0.1205,2464,11,2,12,4,0,3,62,0.042,31,11,3,717.17,DATA_EXFILTRATION,1
TRAIN_P0223,0.018,0.0234,166,8,0,0,0,0,0,29,0.0211,0,3,1,285.29,NORMAL,0
TRAIN_P1383,0.0424,0.0191,225,10,0,0,0,0,1,26,0.015,0,4,1,258.34,NORMAL,0
TRAIN_P1097,0.0224,0.0196,150,9,0,0,0,0,0,20,0.0108,0,3,1,340.8,NORMAL,0
TRAIN_P3112,0.0631,0.1115,3005,10,3,15,6,0,2,51,0.0498,36,10,3,756.49,DATA_EXFILTRATION,1
TRAIN_P0009,0.0452,0.0196,73,8,0,0,0,0,0,23,0.0165,0,4,1,379.41,NORMAL,0
TRAIN_P0635,0.042,0.0189,77,12,0,0,0,0,0,21,0.0076,0,5,1,377.98,NORMAL,0
TRAIN_P0317,0.0379,0.022,120,9,0,0,0,0,0,36,0.0172,0,4,1,447.23,NORMAL,0
TRAIN_P1329,0.0,0.0237,210,8,0,0,0,0,0,15,0.0115,1,2,2,458.92,NORMAL,0
TRAIN_P0428,0.0007,0.0199,161,9,0,0,0,0,0,22,0.0125,0,1,1,276.76,NORMAL,0
TRAIN_P2831,0.0595,0.1007,1798,13,0,1,1,0,0,27,0.0528,20,4,2,515.03,SUSPICIOUS_DATA_ACCESS,1
TRAIN_P0106,0.0291,0.022,90,9,0,0,0,0,0,24,0.0179,0,1,1,544.84,NORMAL,0
TRAIN_P2009,0.0467,0.0226,153,10,0,0,0,0,0,36,0.0082,0,4,1,566.84,NORMAL,0
TRAIN_P0143,0.0346,0.0155,63,7,0,0,0,0,0,23,0.0117,1,5,1,472.57,NORMAL,0
TRAIN_P0122,0.0339,0.0278,128,8,0,0,0,0,0,10,0.0099,0,4,2,421.28,NORMAL,0
TRAIN_P2561,0.1327,0.0877,358,14,5,2,0,0,0,67,0.0709,11,6,1,419.56,RECONNAISSANCE,1
TRAIN_P3069,0.0685,0.0838,2555,14,3,0,1,0,2,50,0.0516,11,8,3,322.65,SUSPICIOUS_DATA_ACCESS,1
TRAIN_P3437,0.1717,0.1044,1839,14,3,2,1,5,3,44,0.1121,29,16,4,443.27,PRIVILEGE_ABUSE,1
TRAIN_P1190,0.0482,0.0053,97,5,1,0,0,0,0,30,0.0186,0,5,1,315.41,NORMAL,0
TRAIN_P3147,0.0601,0.1424,2690,10,3,12,8,0,4,45,0.0286,25,5,4,699.21,DATA_EXFILTRATION,1
TRAIN_P3114,0.0617,0.1456,3403,18,3,13,7,0,1,83,0.0253,30,6,2,597.65,DATA_EXFILTRATION,1
TRAIN_P3128,0.0758,0.0973,2709,13,1,5,3,1,0,69,0.0351,28,6,2,770.35,DATA_EXFILTRATION,1
TRAIN_P1690,0.0583,0.0135,125,9,0,0,0,0,0,19,0.0128,0,3,1,414.74,NORMAL,0
TRAIN_P0116,0.0237,0.0095,173,9,0,0,0,0,0,34,0.0121,0,3,1,584.66,NORMAL,0
TRAIN_P2827,0.0529,0.0862,2537,15,3,2,0,0,1,67,0.0487,17,6,3,342.45,SUSPICIOUS_DATA_ACCESS,1
TRAIN_P3198,0.0455,0.1141,3270,13,1,14,4,0,4,36,0.0152,32,10,2,559.91,DATA_EXFILTRATION,1
TRAIN_P1841,0.0383,0.023,222,7,0,0,0,0,0,17,0.0124,0,4,1,376.71,NORMAL,0
TRAIN_P2575,0.0747,0.044,283,17,7,0,0,0,1,40,0.0813,7,4,1,416.01,RECONNAISSANCE,1
TRAIN_P3356,0.0,0.0707,2203,13,3,0,1,8,3,46,0.0669,33,9,3,485.48,PRIVILEGE_ABUSE,1
TRAIN_P3537,0.1374,0.0837,1938,18,3,1,1,6,5,74,0.0516,22,6,3,513.65,PRIVILEGE_ABUSE,1
TRAIN_P2429,0.6142,0.0816,161,7,0,0,0,0,0,34,0.2933,8,3,1,243.82,BRUTE_FORCE,1
TRAIN_P2646,0.0174,0.0671,288,15,7,0,0,0,0,56,0.0934,3,5,2,425.49,RECONNAISSANCE,1
TRAIN_P0673,0.032,0.0208,121,10,0,0,0,0,0,29,0.024,0,4,1,222.38,NORMAL,0
TRAIN_P2460,0.0757,0.0824,220,21,8,0,0,0,0,47,0.1004,11,4,2,446.5,RECONNAISSANCE,1
TRAIN_P0092,0.0362,0.0228,148,7,0,0,0,0,0,9,0.017,0,2,1,455.26,NORMAL,0
TRAIN_P1110,0.0364,0.0247,94,5,0,0,0,0,1,37,0.0176,0,5,2,486.69,NORMAL,0
TRAIN_P2122,0.0157,0.0255,125,11,1,0,0,0,0,22,0.0048,0,3,1,457.49,NORMAL,0
TRAIN_P0592,0.041,0.0273,165,8,0,0,0,0,0,15,0.0113,0,5,1,433.38,NORMAL,0
TRAIN_P2088,0.0538,0.0205,114,8,0,0,0,0,0,17,0.016,0,4,1,441.56,NORMAL,0
TRAIN_P3501,0.1097,0.0921,1958,18,1,0,1,8,3,43,0.032,24,8,3,629.57,PRIVILEGE_ABUSE,1
TRAIN_P2030,0.0679,0.0324,99,9,0,1,0,0,0,26,0.0103,0,4,2,387.19,NORMAL,0
TRAIN_P0889,0.034,0.0242,157,9,1,0,0,0,0,15,0.0131,0,4,1,377.0,NORMAL,0
TRAIN_P2282,0.6165,0.0465,194,7,0,0,0,0,0,48,0.4383,7,3,1,427.12,BRUTE_FORCE,1
TRAIN_P1989,0.0629,0.0183,144,9,0,0,0,0,0,34,0.018,0,2,1,320.11,NORMAL,0
TRAIN_P1577,0.0469,0.0238,103,8,0,0,0,0,0,21,0.0201,0,3,1,441.56,NORMAL,0
TRAIN_P2342,0.59,0.0761,215,11,1,0,0,0,0,29,0.353,14,6,1,522.43,BRUTE_FORCE,1
TRAIN_P1715,0.0,0.0168,144,9,0,0,0,0,0,21,0.006,0,3,1,429.77,NORMAL,0
TRAIN_P0214,0.0448,0.0142,165,8,0,0,0,0,0,24,0.0127,0,5,1,400.9,NORMAL,0
TRAIN_P0779,0.0687,0.021,176,6,0,0,0,0,0,28,0.0182,0,4,1,311.94,NORMAL,0
TRAIN_P2584,0.1429,0.0722,259,14,5,0,0,0,0,49,0.1457,5,4,1,494.47,RECONNAISSANCE,1
TRAIN_P1449,0.0428,0.0273,134,8,0,0,0,0,0,12,0.0155,0,3,1,553.67,NORMAL,0
TRAIN_P2400,0.5391,0.08,149,10,0,0,0,0,1,39,0.3689,14,4,2,608.32,BRUTE_FORCE,1
TRAIN_P0801,0.0424,0.022,155,10,0,0,0,0,0,25,0.0166,0,3,1,338.37,NORMAL,0
TRAIN_P2966,0.0289,0.0774,1620,10,1,0,0,0,2,56,0.0396,19,4,2,752.14,SUSPICIOUS_DATA_ACCESS,1
TRAIN_P3545,0.09,0.0946,1312,13,5,1,2,7,5,32,0.1118,16,10,3,554.51,PRIVILEGE_ABUSE,1
TRAIN_P2128,0.0781,0.0184,177,5,0,0,0,0,0,29,0.0198,0,6,1,371.58,NORMAL,0
TRAIN_P1568,0.0228,0.0145,134,8,0,0,0,0,0,38,0.0136,0,2,1,590.67,NORMAL,0
TRAIN_P3022,0.0859,0.0992,2592,16,4,2,1,0,2,62,0.0365,28,7,1,633.69,SUSPICIOUS_DATA_ACCESS,1
TRAIN_P3268,0.0849,0.1269,2884,15,1,11,7,0,4,70,0.0184,35,8,4,952.07,DATA_EXFILTRATION,1
TRAIN_P1519,0.0272,0.0158,77,5,0,0,0,0,0,30,0.0107,0,3,1,512.74,NORMAL,0
TRAIN_P2120,0.0107,0.0225,161,6,1,0,0,0,0,13,0.0109,0,3,1,357.88,NORMAL,0
TRAIN_P3250,0.0451,0.1425,2786,11,2,9,7,0,3,82,0.0397,43,9,2,675.65,DATA_EXFILTRATION,1
TRAIN_P1344,0.0522,0.0217,121,9,0,0,0,0,0,19,0.021,0,6,1,451.62,NORMAL,0
TRAIN_P0274,0.0221,0.0134,170,8,0,0,0,0,0,20,0.0204,0,6,1,240.19,NORMAL,0
TRAIN_P1813,0.0793,0.0256,232,8,1,0,0,0,0,17,0.0161,0,3,1,437.11,NORMAL,0
TRAIN_P0072,0.0304,0.0206,164,8,0,0,0,0,0,30,0.0204,0,2,1,204.1,NORMAL,0
TRAIN_P0721,0.0612,0.0215,164,7,0,0,0,0,0,16,0.0192,0,7,1,359.88,NORMAL,0
TRAIN_P1741,0.0181,0.0247,76,8,0,0,0,0,0,13,0.0087,0,5,1,438.79,NORMAL,0
TRAIN_P1088,0.0485,0.0167,154,10,0,0,0,0,0,29,0.008,0,2,1,333.54,NORMAL,0
TRAIN_P0395,0.0153,0.0263,179,9,1,0,0,0,0,42,0.0116,0,2,1,457.01,NORMAL,0
TRAIN_P0584,0.0207,0.0259,128,6,0,0,0,0,0,19,0.008,0,2,1,481.96,NORMAL,0
TRAIN_P3481,0.1757,0.0762,1965,10,1,0,0,2,2,42,0.037,30,10,2,593.83,PRIVILEGE_ABUSE,1
TRAIN_P2417,0.5228,0.0379,215,7,0,0,0,0,0,50,0.4173,10,3,1,570.67,BRUTE_FORCE,1
TRAIN_P2424,0.31,0.0728,263,8,0,0,0,0,0,46,0.3121,15,6,1,367.84,BRUTE_FORCE,1
TRAIN_P0501,0.0472,0.0204,209,7,0,0,0,0,0,19,0.0132,0,2,2,498.07,NORMAL,0
TRAIN_P2496,0.1122,0.0905,231,17,6,0,0,0,1,39,0.1196,6,5,2,514.73,RECONNAISSANCE,1
TRAIN_P2667,0.1124,0.0528,266,17,4,0,0,0,1,33,0.1356,6,7,1,660.83,RECONNAISSANCE,1
TRAIN_P2348,0.6565,0.0871,213,10,1,0,0,0,0,35,0.2852,4,5,1,357.69,BRUTE_FORCE,1
TRAIN_P3573,0.0774,0.0524,1994,14,6,1,1,7,4,51,0.128,16,10,3,516.29,PRIVILEGE_ABUSE,1
TRAIN_P3287,0.0684,0.1414,2106,15,3,10,8,0,2,52,0.0062,26,9,4,525.67,DATA_EXFILTRATION,1
TRAIN_P2365,0.5856,0.0605,147,9,1,0,0,0,0,62,0.3048,13,6,1,477.12,BRUTE_FORCE,1
TRAIN_P3464,0.0718,0.0647,1157,12,3,1,2,3,3,42,0.1097,25,6,4,351.5,PRIVILEGE_ABUSE,1
TRAIN_P1764,0.0285,0.0184,177,8,0,0,0,0,0,30,0.0173,0,1,1,382.14,NORMAL,0
TRAIN_P1260,0.0109,0.0286,173,8,1,0,0,0,0,27,0.0125,0,2,1,377.94,NORMAL,0
TRAIN_P2187,0.4712,0.0519,154,10,0,0,0,0,0,44,0.2086,15,5,1,406.29,BRUTE_FORCE,1
TRAIN_P2272,0.6744,0.0732,188,8,0,0,0,0,0,64,0.2739,11,6,1,310.39,BRUTE_FORCE,1
TRAIN_P0206,0.0274,0.015,119,7,0,0,0,0,0,26,0.0126,0,4,1,462.45,NORMAL,0
TRAIN_P0734,0.016,0.0179,134,11,0,0,0,0,0,29,0.013,0,3,1,459.65,NORMAL,0
TRAIN_P1177,0.0832,0.011,159,8,0,0,0,0,0,30,0.0191,0,3,1,255.05,NORMAL,0
TRAIN_P0527,0.0451,0.0165,81,6,0,0,0,0,0,21,0.0169,0,4,1,406.55,NORMAL,0
TRAIN_P2822,0.0589,0.0814,2702,16,3,1,0,0,0,53,0.0512,13,6,2,712.29,SUSPICIOUS_DATA_ACCESS,1
TRAIN_P2139,0.0529,0.0187,213,10,0,0,0,0,0,27,0.0147,0,4,2,398.74,NORMAL,0
TRAIN_P0899,0.0424,0.0144,156,7,0,0,0,0,0,26,0.0138,0,3,1,494.17,NORMAL,0
TRAIN_P0378,0.0329,0.0221,136,10,0,0,0,0,0,24,0.0084,0,3,2,399.3,NORMAL,0
TRAIN_P2526,0.1261,0.0555,287,18,9,0,0,0,1,32,0.1347,17,3,3,433.17,RECONNAISSANCE,1
TRAIN_P1560,0.035,0.0192,160,8,0,0,0,0,0,39,0.0119,0,3,1,369.86,NORMAL,0
TRAIN_P2974,0.0546,0.086,2620,12,4,0,0,0,1,45,0.047,17,8,2,568.77,SUSPICIOUS_DATA_ACCESS,1
TRAIN_P3214,0.0909,0.0954,3091,15,4,15,7,0,4,45,0.0245,32,10,2,706.35,DATA_EXFILTRATION,1
TRAIN_P0349,0.0224,0.0205,169,11,0,0,0,0,0,34,0.0165,0,4,1,332.53,NORMAL,0
TRAIN_P0387,0.0385,0.0157,129,7,0,0,0,0,0,32,0.0174,0,4,2,478.4,NORMAL,0
TRAIN_P0199,0.0668,0.0083,193,10,0,0,0,0,0,29,0.0261,0,2,1,400.43,NORMAL,0
TRAIN_P3519,0.0899,0.071,1080,13,4,0,2,8,3,48,0.1467,27,9,3,546.38,PRIVILEGE_ABUSE,1
TRAIN_P1710,0.0419,0.0132,132,10,0,0,0,0,0,19,0.0123,0,3,1,505.17,NORMAL,0
TRAIN_P1051,0.0053,0.0217,155,6,0,0,0,0,0,21,0.0106,0,4,1,433.65,NORMAL,0
TRAIN_P0591,0.0372,0.0174,200,7,0,0,0,0,0,15,0.0158,0,3,1,282.0,NORMAL,0
TRAIN_P0520,0.0084,0.017,173,7,0,0,0,0,0,30,0.0204,0,3,2,525.34,NORMAL,0
TRAIN_P2427,0.5248,0.0729,133,10,0,0,0,0,0,29,0.2663,16,4,1,525.15,BRUTE_FORCE,1
TRAIN_P1629,0.0472,0.0151,168,9,1,0,0,0,0,23,0.034,0,3,1,338.21,NORMAL,0
TRAIN_P2910,0.0653,0.0869,2927,13,2,0,1,0,1,56,0.0543,28,9,2,490.44,SUSPICIOUS_DATA_ACCESS,1
TRAIN_P2448,0.381,0.0666,237,5,0,0,0,0,2,38,0.3444,11,3,1,511.67,BRUTE_FORCE,1
TRAIN_P0430,0.0486,0.0136,144,8,0,0,0,0,0,26,0.0081,1,4,1,403.12,NORMAL,0
TRAIN_P1084,0.0,0.0216,113,15,2,0,0,0,0,21,0.0173,0,1,2,338.15,NORMAL,0
TRAIN_P2418,0.5989,0.0903,222,10,0,0,0,0,0,40,0.2839,10,5,3,417.98,BRUTE_FORCE,1
TRAIN_P3021,0.0617,0.1004,1743,12,2,0,0,0,2,61,0.0452,18,8,4,596.31,SUSPICIOUS_DATA_ACCESS,1
TRAIN_P0208,0.0543,0.0238,112,11,0,0,0,0,0,22,0.0175,0,4,1,358.92,NORMAL,0
TRAIN_P0492,0.0562,0.0245,113,9,0,0,0,0,0,30,0.0183,0,4,1,414.9,NORMAL,0
TRAIN_P1948,0.043,0.0219,138,12,0,0,0,0,0,29,0.0153,0,4,1,318.58,NORMAL,0
TRAIN_P1810,0.0408,0.0218,101,10,0,0,0,0,0,18,0.0204,0,1,1,374.97,NORMAL,0
TRAIN_P2035,0.072,0.0296,131,6,0,0,0,0,0,29,0.0156,0,4,2,311.82,NORMAL,0
TRAIN_P3492,0.1511,0.0858,1555,17,2,2,1,6,1,55,0.1007,23,11,4,453.57,PRIVILEGE_ABUSE,1
TRAIN_P0793,0.0511,0.0299,176,7,0,0,0,0,0,23,0.0118,0,4,1,549.34,NORMAL,0
TRAIN_P2981,0.0534,0.0759,3048,13,3,0,1,0,4,71,0.0334,29,7,3,547.91,SUSPICIOUS_DATA_ACCESS,1
TRAIN_P2531,0.0877,0.0622,352,14,11,0,0,0,0,61,0.0931,8,6,1,477.77,RECONNAISSANCE,1
TRAIN_P1187,0.0851,0.0208,127,13,0,0,0,0,0,29,0.0095,0,6,2,445.81,NORMAL,0
TRAIN_P1186,0.0175,0.0123,149,11,1,0,0,0,0,18,0.0154,0,5,1,395.52,NORMAL,0
TRAIN_P1551,0.0377,0.0167,40,7,0,0,0,0,0,35,0.0134,0,3,1,436.25,NORMAL,0
TRAIN_P3118,0.0377,0.1488,2971,15,2,13,11,0,6,54,0.0581,21,12,4,664.77,DATA_EXFILTRATION,1
TRAIN_P1916,0.0308,0.0169,169,7,0,0,0,0,0,21,0.0097,0,4,1,310.96,NORMAL,0
TRAIN_P2885,0.0469,0.089,1996,12,2,0,0,0,2,63,0.0438,20,7,2,372.78,SUSPICIOUS_DATA_ACCESS,1
TRAIN_P3385,0.0386,0.053,1136,18,3,4,1,3,3,59,0.0893,19,11,2,548.86,PRIVILEGE_ABUSE,1
TRAIN_P1531,0.0491,0.0207,166,9,0,0,0,0,0,22,0.0144,0,6,1,395.0,NORMAL,0
TRAIN_P1411,0.0557,0.0234,116,9,1,0,0,0,0,26,0.0211,0,6,1,180.0,NORMAL,0
TRAIN_P1477,0.0674,0.0165,159,11,0,0,0,0,0,29,0.0148,0,3,1,327.82,NORMAL,0
TRAIN_P2859,0.0725,0.0569,2366,14,4,0,0,0,1,44,0.029,20,5,2,638.41,SUSPICIOUS_DATA_ACCESS,1
TRAIN_P1798,0.0003,0.0248,140,9,0,0,0,0,0,34,0.0186,0,2,1,322.71,NORMAL,0
TRAIN_P0084,0.0391,0.0224,153,7,0,0,0,0,0,37,0.0193,0,5,1,477.8,NORMAL,0
TRAIN_P2834,0.0574,0.0876,2364,8,1,1,0,0,2,54,0.0276,15,7,3,842.61,SUSPICIOUS_DATA_ACCESS,1
TRAIN_P2670,0.1244,0.0754,435,16,6,0,0,0,1,39,0.0873,6,4,2,559.4,RECONNAISSANCE,1
TRAIN_P0021,0.0412,0.0317,166,10,0,0,0,0,0,30,0.0156,0,5,1,280.97,NORMAL,0
TRAIN_P2376,0.5043,0.06,160,11,0,0,0,0,0,30,0.2309,9,5,1,432.3,BRUTE_FORCE,1
TRAIN_P1628,0.0686,0.0239,151,8,0,0,0,0,0,34,0.0164,0,2,1,346.91,NORMAL,0
TRAIN_P2130,0.0605,0.0328,66,8,1,0,0,0,0,42,0.0159,0,3,1,456.91,NORMAL,0
TRAIN_P2633,0.0917,0.0632,287,19,7,0,0,0,0,57,0.0831,10,3,1,420.91,RECONNAISSANCE,1
TRAIN_P1406,0.0436,0.0197,204,9,0,0,0,0,0,21,0.0087,0,5,2,436.18,NORMAL,0
TRAIN_P3579,0.1202,0.0546,1729,13,6,2,1,4,2,57,0.134,24,9,3,541.33,PRIVILEGE_ABUSE,1
TRAIN_P1731,0.0298,0.019,144,9,0,0,0,0,0,31,0.0174,0,4,1,291.14,NORMAL,0
TRAIN_P1563,0.0152,0.0228,86,11,0,0,0,0,0,25,0.0264,0,5,1,461.01,NORMAL,0
TRAIN_P3588,0.1622,0.1053,1985,14,3,1,0,2,3,55,0.0983,22,7,3,631.59,PRIVILEGE_ABUSE,1
TRAIN_P3227,0.0345,0.1183,2279,10,3,10,8,0,0,77,0.0327,47,4,2,850.58,DATA_EXFILTRATION,1
TRAIN_P2391,0.6505,0.08,157,9,1,0,0,0,0,42,0.3154,4,8,2,597.69,BRUTE_FORCE,1
TRAIN_P0974,0.0002,0.0202,172,7,0,0,0,0,0,34,0.015,0,3,1,257.33,NORMAL,0
TRAIN_P1711,0.0449,0.0222,149,6,0,0,0,0,0,30,0.0116,0,2,1,425.22,NORMAL,0
TRAIN_P3347,0.093,0.1145,3028,13,1,17,5,0,3,72,0.0267,29,11,2,662.2,DATA_EXFILTRATION,1
TRAIN_P3127,0.074,0.0846,2726,15,2,10,5,1,3,70,0.0303,25,11,3,547.98,DATA_EXFILTRATION,1
TRAIN_P0884,0.0509,0.0133,205,10,0,0,0,0,1,40,0.0172,0,5,1,332.85,NORMAL,0
TRAIN_P1099,0.0008,0.0218,210,9,0,0,0,0,0,16,0.0168,0,1,1,407.76,NORMAL,0
TRAIN_P0157,0.0421,0.0193,151,9,0,0,0,0,0,23,0.0154,0,2,1,318.98,NORMAL,0
TRAIN_P2731,0.0383,0.081,407,15,8,1,0,0,0,49,0.0794,7,5,1,467.17,RECONNAISSANCE,1
TRAIN_P0887,0.0505,0.0081,116,7,0,0,0,0,0,23,0.0114,0,3,1,421.92,NORMAL,0
TRAIN_P3597,0.1109,0.091,1618,12,2,2,0,7,2,49,0.0922,22,7,4,558.87,PRIVILEGE_ABUSE,1
TRAIN_P2180,0.4831,0.0717,255,11,2,0,0,0,0,52,0.3008,5,4,1,491.37,BRUTE_FORCE,1
TRAIN_P1513,0.0283,0.0184,116,9,0,0,0,0,0,28,0.0181,0,5,1,336.38,NORMAL,0
TRAIN_P2964,0.0413,0.0892,2134,15,1,1,1,0,0,62,0.0346,22,7,2,568.75,SUSPICIOUS_DATA_ACCESS,1
TRAIN_P3232,0.0927,0.117,2467,14,3,11,5,0,3,71,0.0097,36,7,3,778.48,DATA_EXFILTRATION,1
TRAIN_P3033,0.0637,0.0981,2478,8,3,0,0,0,2,53,0.0531,14,5,2,697.24,SUSPICIOUS_DATA_ACCESS,1
TRAIN_P2615,0.0,0.0834,350,17,5,0,0,0,0,46,0.1066,14,7,1,339.65,RECONNAISSANCE,1
TRAIN_P0738,0.0556,0.0163,181,9,0,0,0,0,1,24,0.0163,0,3,1,418.96,NORMAL,0
TRAIN_P1454,0.0297,0.018,196,9,0,0,0,0,0,21,0.011,0,3,1,367.02,NORMAL,0
TRAIN_P1506,0.0368,0.0196,199,9,0,0,0,0,0,29,0.0109,0,3,1,514.71,NORMAL,0
TRAIN_P3026,0.0436,0.0695,2653,10,2,1,0,0,1,41,0.0284,23,9,3,643.87,SUSPICIOUS_DATA_ACCESS,1
TRAIN_P3176,0.0569,0.1474,3184,13,2,13,7,0,4,55,0.0098,22,11,3,780.01,DATA_EXFILTRATION,1
TRAIN_P0459,0.0269,0.0181,124,9,0,0,0,0,0,12,0.0169,0,4,1,298.75,NORMAL,0
TRAIN_P3539,0.0925,0.0632,1345,17,3,1,0,9,3,29,0.0883,17,11,4,631.52,PRIVILEGE_ABUSE,1
TRAIN_P1952,0.0382,0.0272,163,9,0,0,0,0,0,25,0.0084,0,5,1,289.29,NORMAL,0
TRAIN_P0079,0.0762,0.0218,165,10,0,0,0,0,0,25,0.0198,0,6,1,324.86,NORMAL,0
TRAIN_P3494,0.0278,0.0899,1436,11,3,1,0,5,3,46,0.052,32,10,3,522.68,PRIVILEGE_ABUSE,1
TRAIN_P2497,0.0575,0.0793,300,12,11,0,0,0,0,52,0.1112,7,9,2,527.51,RECONNAISSANCE,1
TRAIN_P1057,0.0279,0.0221,121,9,0,0,0,0,0,12,0.0212,0,4,1,385.67,NORMAL,0
TRAIN_P0907,0.0672,0.0128,107,9,0,0,0,0,0,10,0.0174,0,3,1,245.33,NORMAL,0
TRAIN_P2163,0.5588,0.0585,224,10,2,0,0,0,0,35,0.3061,15,6,1,424.39,BRUTE_FORCE,1
TRAIN_P2658,0.1581,0.0767,212,13,4,0,0,0,2,53,0.056,8,5,1,658.5,RECONNAISSANCE,1
TRAIN_P3230,0.0809,0.1011,3022,11,2,14,3,0,2,65,0.0189,32,6,3,828.6,DATA_EXFILTRATION,1
TRAIN_P0381,0.0636,0.0317,184,10,0,0,0,0,0,19,0.0082,0,1,2,355.43,NORMAL,0
TRAIN_P0948,0.0622,0.0197,99,9,0,0,0,0,0,31,0.0164,0,4,1,420.52,NORMAL,0
TRAIN_P3324,0.0583,0.1262,2749,13,1,11,9,1,2,56,0.0286,35,7,2,907.22,DATA_EXFILTRATION,1
TRAIN_P2410,0.4636,0.0675,205,10,0,0,0,0,0,35,0.2517,20,4,3,518.29,BRUTE_FORCE,1
TRAIN_P2861,0.0527,0.0869,2536,14,4,2,0,0,3,56,0.0236,14,7,3,458.05,SUSPICIOUS_DATA_ACCESS,1
TRAIN_P0716,0.0,0.019,178,8,1,0,0,0,0,36,0.0074,0,1,2,343.34,NORMAL,0
TRAIN_P2399,0.559,0.0651,152,9,0,0,1,0,0,44,0.3487,14,5,1,519.12,BRUTE_FORCE,1
TRAIN_P0687,0.0497,0.0238,155,9,1,0,0,0,1,22,0.0154,0,6,2,449.05,NORMAL,0
TRAIN_P3072,0.0623,0.0714,2176,13,2,2,0,0,2,53,0.0392,19,8,3,700.16,SUSPICIOUS_DATA_ACCESS,1
TRAIN_P1294,0.0567,0.0194,123,10,1,0,0,0,1,24,0.0204,0,2,1,426.67,NORMAL,0
TRAIN_P0306,0.0173,0.0224,161,11,0,0,0,0,0,17,0.0021,0,6,1,397.94,NORMAL,0
TRAIN_P0210,0.0643,0.017,77,9,0,0,0,0,0,35,0.0181,0,4,1,467.28,NORMAL,0
TRAIN_P1144,0.0619,0.0128,135,9,1,0,0,0,0,12,0.0233,0,3,2,578.98,NORMAL,0
TRAIN_P2665,0.0975,0.0797,366,16,8,0,0,0,0,38,0.1154,8,4,2,517.99,RECONNAISSANCE,1
TRAIN_P3568,0.0977,0.0842,1923,16,2,0,0,6,4,46,0.0592,23,8,3,352.29,PRIVILEGE_ABUSE,1
TRAIN_P3530,0.1256,0.0846,1434,19,2,1,0,4,1,55,0.0775,25,11,4,505.25,PRIVILEGE_ABUSE,1
TRAIN_P0886,0.1021,0.0188,145,7,2,0,0,0,0,27,0.0124,0,4,1,357.58,NORMAL,0
TRAIN_P1930,0.0325,0.0121,154,9,1,0,0,0,0,25,0.0092,0,4,1,274.9,NORMAL,0
TRAIN_P2203,0.4845,0.053,144,9,1,0,0,0,0,41,0.2331,12,5,1,434.15,BRUTE_FORCE,1
TRAIN_P0918,0.0351,0.0158,135,11,0,0,0,0,1,13,0.0148,0,4,1,335.03,NORMAL,0
TRAIN_P3403,0.1087,0.0553,1961,13,2,0,1,4,3,48,0.0493,19,7,4,655.05,PRIVILEGE_ABUSE,1
TRAIN_P2223,0.6948,0.0466,176,9,2,0,0,0,1,22,0.3744,13,3,1,529.96,BRUTE_FORCE,1
TRAIN_P0192,0.0741,0.0185,214,10,0,0,0,0,0,13,0.016,0,5,1,450.98,NORMAL,0
TRAIN_P2277,0.5786,0.0951,98,11,0,0,0,0,0,46,0.2446,12,6,2,237.25,BRUTE_FORCE,1
TRAIN_P3411,0.137,0.0677,1416,16,2,3,0,7,3,55,0.0954,11,9,4,581.3,PRIVILEGE_ABUSE,1
TRAIN_P1266,0.0327,0.0166,148,9,0,0,0,0,0,17,0.0228,0,4,1,457.35,NORMAL,0
TRAIN_P0484,0.0388,0.0163,166,10,0,0,0,0,0,33,0.0096,0,3,1,228.66,NORMAL,0
TRAIN_P2709,0.0253,0.0555,348,16,2,0,0,0,1,55,0.0807,10,5,2,588.7,RECONNAISSANCE,1
TRAIN_P0916,0.0289,0.019,133,10,0,0,0,0,0,17,0.0131,2,3,1,331.07,NORMAL,0
TRAIN_P3577,0.0895,0.1058,1598,14,4,1,1,10,5,35,0.1362,20,11,5,619.1,PRIVILEGE_ABUSE,1
TRAIN_P0278,0.0031,0.0206,149,8,0,0,0,0,0,17,0.0147,0,1,1,475.57,NORMAL,0
TRAIN_P0989,0.0432,0.0205,145,6,0,0,0,0,0,14,0.0139,0,3,1,423.01,NORMAL,0
TRAIN_P3420,0.1137,0.0852,2017,14,5,1,2,5,2,48,0.0726,16,8,3,530.3,PRIVILEGE_ABUSE,1
TRAIN_P1246,0.0531,0.0228,185,9,0,0,0,0,0,21,0.019,0,4,1,343.15,NORMAL,0
TRAIN_P2329,0.6153,0.0807,179,11,0,0,0,0,0,41,0.3013,10,6,3,428.61,BRUTE_FORCE,1
TRAIN_P0572,0.0268,0.0174,131,9,0,0,0,0,0,16,0.0101,0,2,1,290.65,NORMAL,0
TRAIN_P1436,0.0437,0.0173,159,10,0,0,0,0,0,17,0.021,0,3,1,436.55,NORMAL,0
TRAIN_P2432,0.4434,0.0844,123,9,0,0,0,0,0,33,0.2364,7,6,2,473.82,BRUTE_FORCE,1
TRAIN_P0994,0.0221,0.0218,164,9,0,0,0,0,0,22,0.0166,0,2,1,458.03,NORMAL,0
TRAIN_P2032,0.0744,0.0147,185,10,0,0,0,0,0,26,0.0145,0,2,1,359.21,NORMAL,0
TRAIN_P3122,0.0699,0.0959,3513,16,2,15,6,0,4,44,0.0324,23,5,3,380.34,DATA_EXFILTRATION,1
TRAIN_P0586,0.0405,0.0086,145,8,0,0,0,0,0,29,0.0146,0,6,1,389.75,NORMAL,0
TRAIN_P3527,0.0859,0.0718,2102,14,4,4,0,6,4,69,0.0765,26,9,3,483.75,PRIVILEGE_ABUSE,1
TRAIN_P0414,0.0535,0.0146,161,11,0,0,0,0,0,29,0.0064,0,2,1,306.54,NORMAL,0
TRAIN_P3591,0.1611,0.0832,1833,13,4,0,0,5,6,45,0.0686,23,11,4,406.76,PRIVILEGE_ABUSE,1
TRAIN_P1350,0.0409,0.0154,207,9,1,0,0,0,0,26,0.0242,0,5,1,236.05,NORMAL,0
TRAIN_P1008,0.0606,0.0136,193,10,0,0,0,0,0,28,0.0107,0,5,1,356.48,NORMAL,0
TRAIN_P0675,0.0756,0.0232,188,9,0,0,0,0,0,34,0.0214,0,3,1,475.49,NORMAL,0
TRAIN_P2245,0.5289,0.0827,220,8,0,0,0,0,0,32,0.3243,21,5,1,505.21,BRUTE_FORCE,1
TRAIN_P0856,0.0465,0.0259,181,8,0,1,0,0,0,33,0.0188,0,3,1,358.73,NORMAL,0
TRAIN_P0448,0.031,0.0139,61,8,0,0,0,0,0,33,0.014,0,4,1,353.28,NORMAL,0
TRAIN_P2523,0.0606,0.0711,361,18,7,0,1,0,0,48,0.0615,9,3,2,437.01,RECONNAISSANCE,1
TRAIN_P0866,0.0046,0.0217,104,6,0,1,0,0,0,36,0.0086,0,5,1,451.86,NORMAL,0
TRAIN_P2600,0.0428,0.0954,398,15,9,0,0,0,0,39,0.0903,8,7,2,322.19,RECONNAISSANCE,1
TRAIN_P2712,0.1255,0.0649,250,13,6,0,0,0,1,29,0.1067,11,7,1,442.8,RECONNAISSANCE,1
TRAIN_P3205,0.0723,0.1389,2368,11,1,16,5,0,2,62,0.0484,32,10,4,848.23,DATA_EXFILTRATION,1
TRAIN_P2856,0.0933,0.095,2562,17,2,1,0,0,2,52,0.0307,15,5,2,406.98,SUSPICIOUS_DATA_ACCESS,1
TRAIN_P2258,0.6044,0.0746,271,11,0,0,0,0,0,34,0.3297,6,5,1,504.41,BRUTE_FORCE,1
TRAIN_P1691,0.0531,0.0175,136,10,0,0,0,0,0,19,0.0078,0,6,1,367.9,NORMAL,0
TRAIN_P3201,0.0613,0.1142,3390,15,0,14,8,0,2,63,0.0339,41,9,5,508.16,DATA_EXFILTRATION,1
TRAIN_P3259,0.057,0.1414,3178,15,3,15,5,0,3,73,0.0202,47,10,3,806.17,DATA_EXFILTRATION,1
TRAIN_P1248,0.0565,0.0188,117,7,0,0,0,0,0,30,0.0091,0,5,1,336.52,NORMAL,0
TRAIN_P1986,0.0501,0.0228,129,9,0,0,0,0,0,22,0.0138,0,4,1,396.77,NORMAL,0
TRAIN_P0295,0.0584,0.0185,149,10,0,0,0,0,0,16,0.0097,0,4,1,335.96,NORMAL,0
TRAIN_P1548,0.099,0.0225,136,5,0,0,0,0,0,18,0.0197,0,4,1,487.38,NORMAL,0
TRAIN_P2013,0.0664,0.0151,183,11,1,0,0,0,0,23,0.0147,0,3,2,286.06,NORMAL,0
TRAIN_P0589,0.0805,0.0155,99,9,0,0,0,0,0,24,0.0124,1,4,1,487.93,NORMAL,0
TRAIN_P1742,0.0045,0.0269,118,9,0,0,0,0,0,6,0.0092,0,4,1,410.13,NORMAL,0
TRAIN_P1282,0.0203,0.0226,143,9,0,0,0,0,0,35,0.0151,0,6,1,412.22,NORMAL,0
TRAIN_P3216,0.063,0.0708,2691,13,1,16,3,0,2,77,0.0251,27,4,3,651.29,DATA_EXFILTRATION,1
TRAIN_P2324,0.4805,0.0697,215,9,1,0,0,0,0,25,0.4071,18,3,1,482.52,BRUTE_FORCE,1
TRAIN_P1951,0.0303,0.0253,186,10,0,0,0,0,0,17,0.0176,0,5,1,482.14,NORMAL,0
TRAIN_P3496,0.0869,0.0722,2018,13,3,2,1,5,2,41,0.0854,21,10,3,444.8,PRIVILEGE_ABUSE,1
TRAIN_P3099,0.0749,0.1514,2790,17,2,17,6,0,2,62,0.0425,38,8,3,643.62,DATA_EXFILTRATION,1
TRAIN_P2616,0.1028,0.0712,344,17,11,0,0,0,0,57,0.0952,9,7,2,589.41,RECONNAISSANCE,1
TRAIN_P2058,0.0661,0.0127,161,10,0,0,0,0,0,33,0.0164,0,3,1,509.55,NORMAL,0
TRAIN_P2933,0.0355,0.1057,1859,14,1,0,1,0,3,56,0.0327,23,3,3,822.46,SUSPICIOUS_DATA_ACCESS,1
TRAIN_P1418,0.0414,0.0215,139,11,0,0,0,0,0,5,0.0214,0,5,1,330.64,NORMAL,0
TRAIN_P0426,0.0538,0.0169,147,10,0,0,0,0,0,18,0.0123,0,4,1,441.32,NORMAL,0
TRAIN_P1055,0.0284,0.0307,109,7,0,0,1,0,0,20,0.0124,0,3,1,213.03,NORMAL,0
TRAIN_P2996,0.0732,0.0869,2124,17,4,2,0,0,0,57,0.0381,23,5,3,505.46,SUSPICIOUS_DATA_ACCESS,1
TRAIN_P0557,0.0013,0.0193,55,9,0,0,1,0,0,35,0.0103,0,3,1,479.79,NORMAL,0
TRAIN_P3190,0.081,0.1017,3303,13,1,11,5,0,4,66,0.0476,31,6,3,551.51,DATA_EXFILTRATION,1
TRAIN_P3187,0.0574,0.1274,2808,13,2,15,6,0,2,76,0.0755,29,6,2,507.5,DATA_EXFILTRATION,1
TRAIN_P3011,0.0953,0.0684,2521,15,1,1,1,0,1,67,0.0379,26,3,2,402.54,SUSPICIOUS_DATA_ACCESS,1
TRAIN_P1194,0.0201,0.0302,198,5,0,0,0,0,0,22,0.0117,0,4,1,500.91,NORMAL,0
TRAIN_P1717,0.0313,0.0322,122,11,0,0,0,0,0,21,0.0129,0,3,1,251.85,NORMAL,0
TRAIN_P2452,0.1062,0.0463,361,12,9,0,1,0,1,39,0.1366,5,7,3,514.58,RECONNAISSANCE,1
TRAIN_P3246,0.0697,0.123,3792,13,0,12,7,0,1,66,0.0368,16,4,2,598.11,DATA_EXFILTRATION,1
TRAIN_P2924,0.0942,0.0731,2950,15,2,0,1,0,1,46,0.0522,11,6,1,479.11,SUSPICIOUS_DATA_ACCESS,1
TRAIN_P1286,0.0462,0.0207,104,11,1,0,0,0,0,23,0.0178,0,6,1,355.0,NORMAL,0
TRAIN_P2249,0.3902,0.0729,207,10,2,0,0,0,0,64,0.3211,3,4,1,344.97,BRUTE_FORCE,1
TRAIN_P2274,0.5538,0.0833,196,9,0,0,0,0,1,32,0.3866,16,5,1,355.02,BRUTE_FORCE,1
TRAIN_P2883,0.0817,0.0637,2772,11,3,1,1,0,1,46,0.0099,15,13,2,405.99,SUSPICIOUS_DATA_ACCESS,1
TRAIN_P1890,0.038,0.0306,88,7,1,0,0,0,0,27,0.0156,0,3,1,454.36,NORMAL,0
TRAIN_P1592,0.0677,0.0178,195,8,0,0,0,0,0,32,0.0151,0,4,1,296.17,NORMAL,0
TRAIN_P3600,0.1675,0.09,1369,15,2,1,1,5,0,35,0.0153,22,8,3,461.09,PRIVILEGE_ABUSE,1
TRAIN_P2631,0.0794,0.0909,335,15,7,0,0,0,1,65,0.1399,7,8,2,543.33,RECONNAISSANCE,1
TRAIN_P2907,0.0327,0.0546,1959,9,2,0,1,0,3,73,0.0236,12,8,2,571.11,SUSPICIOUS_DATA_ACCESS,1
TRAIN_P1138,0.0688,0.0159,94,8,0,0,0,0,0,24,0.0162,0,3,1,333.32,NORMAL,0
TRAIN_P2303,0.4448,0.0587,230,7,0,0,0,0,1,35,0.2612,3,5,1,333.25,BRUTE_FORCE,1
TRAIN_P3384,0.1221,0.0879,1109,16,6,0,0,5,3,52,0.1114,17,10,4,541.27,PRIVILEGE_ABUSE,1
TRAIN_P3402,0.0681,0.0939,1895,13,3,0,1,5,5,59,0.1381,24,10,3,487.7,PRIVILEGE_ABUSE,1
TRAIN_P1712,0.051,0.0139,138,8,0,0,0,0,0,38,0.0098,1,5,1,391.79,NORMAL,0
TRAIN_P3369,0.1062,0.089,1344,16,3,2,2,6,3,49,0.0482,24,9,2,313.69,PRIVILEGE_ABUSE,1
TRAIN_P0454,0.0635,0.0207,57,8,0,0,0,0,0,33,0.0222,0,2,1,400.8,NORMAL,0
TRAIN_P0914,0.0575,0.023,166,4,0,0,0,0,0,30,0.0224,0,4,1,350.11,NORMAL,0
TRAIN_P2430,0.5578,0.0916,190,7,0,0,0,0,0,21,0.2585,13,2,1,429.93,BRUTE_FORCE,1
TRAIN_P1200,0.0548,0.0195,227,8,0,0,0,0,0,20,0.0099,0,5,1,314.52,NORMAL,0
TRAIN_P1275,0.0256,0.0265,168,10,0,0,0,0,0,39,0.013,1,4,1,326.16,NORMAL,0
TRAIN_P0038,0.0238,0.0155,142,8,0,0,0,0,0,26,0.0196,0,3,1,498.4,NORMAL,0
TRAIN_P0975,0.0358,0.0174,119,7,0,0,0,0,0,22,0.0129,0,3,1,393.42,NORMAL,0
TRAIN_P0984,0.0328,0.0247,176,9,0,0,0,0,0,43,0.0174,0,4,1,429.31,NORMAL,0
TRAIN_P2412,0.4253,0.0742,165,11,0,0,0,0,1,47,0.2535,10,3,1,368.39,BRUTE_FORCE,1
TRAIN_P1419,0.0563,0.0213,166,7,0,0,0,0,0,20,0.0196,0,5,1,309.67,NORMAL,0
TRAIN_P1561,0.0136,0.0243,173,10,0,0,0,0,0,11,0.0185,0,3,1,485.4,NORMAL,0
TRAIN_P0040,0.0308,0.0169,134,8,0,0,0,0,0,5,0.0184,1,3,2,307.39,NORMAL,0
TRAIN_P1487,0.0406,0.0208,134,8,0,0,0,0,0,37,0.0129,0,3,1,325.53,NORMAL,0
TRAIN_P2299,0.4711,0.0791,121,9,0,0,0,0,0,32,0.3323,13,4,1,409.1,BRUTE_FORCE,1
TRAIN_P0170,0.0528,0.0188,139,6,1,0,0,0,0,16,0.0142,1,2,1,394.78,NORMAL,0
TRAIN_P1356,0.0374,0.0204,49,9,0,0,0,0,0,14,0.0098,0,4,2,294.29,NORMAL,0
TRAIN_P3559,0.1868,0.0907,2052,10,5,2,0,7,1,60,0.0854,18,10,2,543.22,PRIVILEGE_ABUSE,1
TRAIN_P3248,0.0663,0.1026,2931,13,1,11,4,0,3,74,0.0355,37,8,2,658.89,DATA_EXFILTRATION,1
TRAIN_P2368,0.6074,0.0687,183,10,0,0,0,0,2,33,0.3221,15,6,1,385.93,BRUTE_FORCE,1
TRAIN_P2379,0.5425,0.0911,148,10,0,0,0,0,0,50,0.4331,18,7,1,492.97,BRUTE_FORCE,1
TRAIN_P1641,0.0652,0.023,105,8,0,0,0,0,0,22,0.0178,0,1,1,365.49,NORMAL,0
TRAIN_P1291,0.0314,0.0226,151,6,0,0,0,0,0,26,0.0152,2,4,1,421.65,NORMAL,0
TRAIN_P1381,0.0799,0.0166,85,7,0,0,0,0,0,17,0.025,0,4,1,485.0,NORMAL,0
TRAIN_P1934,0.0,0.0232,168,7,2,0,0,0,0,15,0.0229,0,3,1,392.29,NORMAL,0
TRAIN_P0580,0.0025,0.0259,192,9,1,0,0,0,0,31,0.0104,0,2,1,180.0,NORMAL,0
TRAIN_P2031,0.0428,0.0152,156,7,0,0,0,0,0,31,0.008,0,2,2,335.34,NORMAL,0
TRAIN_P0893,0.0452,0.0219,100,8,1,0,0,0,0,15,0.0153,0,3,1,378.13,NORMAL,0
TRAIN_P0781,0.0257,0.029,211,9,0,0,0,0,0,26,0.0137,1,3,1,289.6,NORMAL,0
TRAIN_P0160,0.0395,0.0112,122,8,0,0,0,0,0,25,0.015,0,5,1,297.37,NORMAL,0
TRAIN_P0003,0.017,0.0219,125,8,0,0,0,0,0,31,0.0089,0,7,1,475.49,NORMAL,0
TRAIN_P0850,0.0725,0.0132,217,8,0,0,0,0,0,16,0.014,0,6,1,185.29,NORMAL,0
TRAIN_P2165,0.5043,0.0509,185,10,0,0,0,0,1,49,0.3402,14,3,1,295.93,BRUTE_FORCE,1
TRAIN_P1597,0.0427,0.0276,149,9,0,0,0,0,0,19,0.0094,0,1,1,377.49,NORMAL,0
TRAIN_P1777,0.053,0.0265,217,11,1,0,0,0,0,22,0.0147,0,4,1,387.4,NORMAL,0
TRAIN_P1914,0.0172,0.0158,110,8,0,0,0,0,0,21,0.0103,0,3,1,434.96,NORMAL,0
TRAIN_P1044,0.0493,0.0263,136,8,1,0,0,0,0,17,0.02,0,3,1,377.86,NORMAL,0
TRAIN_P1545,0.0528,0.0195,241,9,0,0,0,0,0,18,0.0141,0,4,1,203.53,NORMAL,0
TRAIN_P3160,0.0971,0.1062,3156,14,2,8,5,0,3,65,0.0379,41,8,3,577.57,DATA_EXFILTRATION,1
TRAIN_P0054,0.0328,0.0258,106,9,0,0,0,0,0,27,0.0087,0,2,1,314.7,NORMAL,0
TRAIN_P3467,0.1512,0.0707,2157,14,3,2,2,7,3,48,0.0717,22,6,3,680.49,PRIVILEGE_ABUSE,1
TRAIN_P1912,0.0414,0.0215,136,7,0,0,0,0,0,30,0.018,0,4,1,349.16,NORMAL,0
TRAIN_P2423,0.4928,0.0648,221,11,0,0,0,0,0,45,0.2907,12,5,1,402.06,BRUTE_FORCE,1
TRAIN_P0825,0.0467,0.0225,169,10,1,0,0,0,0,18,0.0091,0,3,1,407.09,NORMAL,0
TRAIN_P3218,0.081,0.1305,2637,17,3,9,6,1,3,72,0.0386,37,6,3,694.54,DATA_EXFILTRATION,1
TRAIN_P1390,0.0546,0.0191,158,8,0,1,0,0,0,8,0.0194,0,3,1,322.39,NORMAL,0
TRAIN_P2949,0.0589,0.0592,2089,10,3,0,1,0,2,54,0.0541,33,7,1,758.68,SUSPICIOUS_DATA_ACCESS,1
TRAIN_P2255,0.4803,0.074,183,9,0,0,0,0,0,59,0.3913,14,3,2,449.88,BRUTE_FORCE,1
TRAIN_P1608,0.0161,0.0207,139,7,0,0,0,0,0,20,0.0031,0,4,1,355.29,NORMAL,0
TRAIN_P1595,0.0235,0.0164,141,8,2,0,0,0,0,28,0.0157,0,4,1,272.93,NORMAL,0
TRAIN_P0772,0.0177,0.0198,188,7,0,0,0,0,0,26,0.0198,0,4,2,289.17,NORMAL,0
TRAIN_P1869,0.0388,0.0202,160,9,0,0,0,0,0,28,0.0117,0,5,1,400.27,NORMAL,0
TRAIN_P1086,0.0114,0.0241,212,9,0,0,0,0,1,26,0.0141,0,3,1,454.72,NORMAL,0
TRAIN_P2459,0.1083,0.0576,257,16,7,0,0,0,0,29,0.1051,10,4,1,656.3,RECONNAISSANCE,1
TRAIN_P1326,0.0217,0.0197,166,8,0,0,0,0,0,25,0.0205,0,4,1,437.27,NORMAL,0
TRAIN_P1464,0.0366,0.018,153,7,0,0,0,0,1,15,0.011,0,6,1,524.5,NORMAL,0
TRAIN_P0807,0.0,0.0213,172,9,0,0,0,0,0,17,0.0156,0,4,1,280.6,NORMAL,0
TRAIN_P2213,0.6452,0.0681,153,8,1,0,0,0,0,36,0.34,11,2,1,279.95,BRUTE_FORCE,1
TRAIN_P2235,0.5473,0.0795,106,9,0,0,0,0,0,30,0.3229,12,6,3,300.95,BRUTE_FORCE,1
TRAIN_P2109,0.0094,0.0187,112,7,0,0,0,0,0,28,0.0097,0,4,1,367.44,NORMAL,0
TRAIN_P2565,0.1193,0.0477,256,16,7,0,0,0,2,38,0.1009,4,8,1,728.77,RECONNAISSANCE,1
TRAIN_P3536,0.0705,0.0692,1874,12,3,2,2,6,5,37,0.1308,17,8,4,444.21,PRIVILEGE_ABUSE,1
TRAIN_P0964,0.0261,0.0192,221,8,0,0,0,0,0,23,0.0184,0,2,1,319.98,NORMAL,0
TRAIN_P0399,0.0591,0.0316,149,9,0,0,0,0,1,10,0.0115,0,4,1,283.26,NORMAL,0
TRAIN_P3372,0.1236,0.066,1248,13,4,1,2,7,4,44,0.1075,14,9,3,543.3,PRIVILEGE_ABUSE,1
TRAIN_P0705,0.0346,0.0203,156,8,0,0,0,0,0,22,0.0176,0,2,1,472.13,NORMAL,0
TRAIN_P0432,0.0523,0.0087,123,7,0,0,0,0,0,21,0.0177,0,5,1,320.07,NORMAL,0
TRAIN_P0293,0.0262,0.0102,154,12,1,0,0,0,0,27,0.0149,0,4,2,249.95,NORMAL,0
TRAIN_P3398,0.1133,0.0726,1292,16,3,1,1,8,4,58,0.0904,32,6,2,399.27,PRIVILEGE_ABUSE,1
TRAIN_P0146,0.0678,0.0187,161,9,1,0,0,0,0,35,0.0067,0,2,1,498.56,NORMAL,0
TRAIN_P2034,0.0469,0.0261,137,9,0,0,0,0,0,18,0.0105,0,1,2,367.25,NORMAL,0
TRAIN_P2535,0.1086,0.034,416,20,10,0,0,0,0,66,0.0578,13,9,2,334.73,RECONNAISSANCE,1
TRAIN_P1166,0.057,0.0184,204,10,0,0,0,0,0,22,0.0105,0,5,1,410.83,NORMAL,0
TRAIN_P2051,0.0532,0.0175,132,8,0,0,0,0,0,28,0.0073,0,5,1,199.97,NORMAL,0
TRAIN_P2789,0.0862,0.0449,2206,13,4,0,1,0,2,46,0.0227,21,5,2,599.45,SUSPICIOUS_DATA_ACCESS,1
TRAIN_P0340,0.0,0.0184,187,9,0,0,0,0,0,24,0.0071,0,4,1,272.47,NORMAL,0
TRAIN_P2178,0.4972,0.0603,210,9,1,0,0,0,0,45,0.2347,12,5,1,415.35,BRUTE_FORCE,1
TRAIN_P0266,0.0854,0.018,169,9,0,0,0,0,0,28,0.0023,0,4,1,417.81,NORMAL,0
TRAIN_P2805,0.0644,0.0663,1585,12,2,1,0,0,2,64,0.039,17,7,1,666.45,SUSPICIOUS_DATA_ACCESS,1
TRAIN_P1772,0.0183,0.0291,171,11,0,0,0,0,0,25,0.0146,0,4,1,226.29,NORMAL,0
TRAIN_P0272,0.0464,0.0207,136,7,0,0,0,0,0,16,0.0239,0,3,1,374.87,NORMAL,0
TRAIN_P0697,0.0371,0.0217,110,8,0,0,0,0,0,27,0.0178,0,1,1,430.96,NORMAL,0
TRAIN_P3566,0.0955,0.0626,2505,9,5,2,1,6,5,46,0.0918,22,8,3,425.64,PRIVILEGE_ABUSE,1
TRAIN_P0245,0.0469,0.0196,80,9,0,0,0,0,0,19,0.0153,0,4,1,417.6,NORMAL,0
TRAIN_P3377,0.1666,0.0616,1828,16,4,0,1,7,3,57,0.0863,13,10,3,321.99,PRIVILEGE_ABUSE,1
TRAIN_P0477,0.0171,0.0204,159,7,1,0,0,0,0,15,0.0167,0,3,1,230.24,NORMAL,0
TRAIN_P2033,0.0452,0.0129,140,9,0,0,0,0,0,23,0.0032,0,4,1,495.46,NORMAL,0
TRAIN_P3057,0.0467,0.0719,2311,11,4,1,1,0,0,46,0.0529,22,4,3,619.52,SUSPICIOUS_DATA_ACCESS,1
TRAIN_P2684,0.1074,0.0662,318,12,7,0,0,0,1,53,0.1248,16,5,2,563.16,RECONNAISSANCE,1
TRAIN_P0814,0.0497,0.021,180,7,2,0,0,0,0,28,0.011,0,2,1,480.06,NORMAL,0
TRAIN_P1915,0.0192,0.0215,142,9,0,0,0,0,0,12,0.021,0,4,1,299.54,NORMAL,0
TRAIN_P3037,0.0568,0.0788,2887,13,3,1,0,0,0,73,0.056,24,4,3,816.02,SUSPICIOUS_DATA_ACCESS,1
TRAIN_P3542,0.1715,0.0782,1748,15,3,0,1,7,3,81,0.0657,18,10,3,356.86,PRIVILEGE_ABUSE,1
TRAIN_P1805,0.0189,0.0097,222,7,0,0,0,0,0,39,0.0073,0,5,1,287.97,NORMAL,0
TRAIN_P2607,0.0843,0.0531,293,16,11,1,0,0,2,32,0.0642,4,5,2,441.68,RECONNAISSANCE,1
TRAIN_P0251,0.058,0.0284,214,10,0,0,0,0,0,30,0.0098,0,5,1,435.62,NORMAL,0
TRAIN_P0546,0.0304,0.0198,142,11,0,0,0,0,0,25,0.0269,0,4,1,460.18,NORMAL,0
TRAIN_P0739,0.0687,0.0107,122,8,0,0,0,0,0,7,0.0152,0,5,1,389.73,NORMAL,0
TRAIN_P0311,0.0415,0.0206,99,9,0,0,0,0,0,8,0.0168,0,4,1,336.14,NORMAL,0
TRAIN_P1132,0.0236,0.0207,215,10,0,0,0,0,0,17,0.0134,1,4,1,448.69,NORMAL,0
TRAIN_P1450,0.0,0.0219,142,6,1,0,0,0,1,11,0.0199,0,3,1,376.89,NORMAL,0
TRAIN_P3487,0.1253,0.1003,1658,15,2,1,2,8,3,57,0.1076,19,5,4,628.6,PRIVILEGE_ABUSE,1
TRAIN_P0016,0.0223,0.0208,152,7,1,0,0,0,0,13,0.0103,0,4,2,400.58,NORMAL,0
TRAIN_P3156,0.108,0.1118,2889,18,2,21,3,0,2,59,0.034,25,8,3,643.99,DATA_EXFILTRATION,1
TRAIN_P2530,0.073,0.0743,270,18,8,0,0,0,1,48,0.0975,9,6,3,418.82,RECONNAISSANCE,1
TRAIN_P3528,0.0756,0.0533,1785,15,4,0,0,5,5,39,0.0845,18,5,2,630.14,PRIVILEGE_ABUSE,1
TRAIN_P0364,0.0505,0.0139,69,4,0,0,0,0,0,30,0.0231,0,3,1,270.05,NORMAL,0
TRAIN_P0183,0.0096,0.0182,185,9,0,0,0,0,0,30,0.0171,0,4,1,490.94,NORMAL,0
TRAIN_P1195,0.0522,0.0183,86,6,0,0,0,0,0,14,0.0094,0,4,1,347.39,NORMAL,0
TRAIN_P2230,0.5748,0.0476,193,7,0,1,0,0,0,30,0.258,12,3,1,372.24,BRUTE_FORCE,1
TRAIN_P1122,0.0427,0.0155,139,8,0,0,0,0,0,21,0.011,0,3,1,246.96,NORMAL,0
TRAIN_P1183,0.0344,0.0187,197,10,0,1,0,0,0,16,0.0041,0,3,1,386.13,NORMAL,0
TRAIN_P2643,0.058,0.0534,281,16,10,0,0,0,0,43,0.1515,10,6,2,556.36,RECONNAISSANCE,1
TRAIN_P0615,0.0382,0.0166,147,6,0,0,0,0,0,12,0.0194,0,4,1,464.8,NORMAL,0
TRAIN_P1467,0.0513,0.0214,159,9,0,0,0,0,0,15,0.0171,0,6,1,316.54,NORMAL,0
TRAIN_P0402,0.0253,0.0117,136,7,0,0,0,0,0,24,0.0109,0,4,1,387.83,NORMAL,0
TRAIN_P0935,0.0503,0.0174,182,8,0,0,0,0,0,30,0.0214,0,3,1,422.29,NORMAL,0
TRAIN_P2381,0.4317,0.0784,227,9,0,0,0,0,1,39,0.3282,18,5,1,450.17,BRUTE_FORCE,1
TRAIN_P2580,0.0182,0.071,378,19,9,0,0,0,0,24,0.0927,11,7,1,627.72,RECONNAISSANCE,1
TRAIN_P0727,0.0241,0.0254,159,9,0,0,0,0,0,29,0.0141,0,3,1,334.12,NORMAL,0
TRAIN_P0827,0.0511,0.017,185,9,0,0,0,0,0,21,0.0095,0,5,1,524.84,NORMAL,0
TRAIN_P1522,0.0478,0.0155,166,11,1,0,0,0,0,32,0.0131,0,7,1,458.55,NORMAL,0
TRAIN_P0137,0.0414,0.0258,112,9,0,0,0,0,0,26,0.02,0,1,1,324.97,NORMAL,0
TRAIN_P0629,0.0445,0.0203,118,8,0,0,0,0,0,28,0.0054,0,5,2,454.05,NORMAL,0
TRAIN_P0335,0.028,0.0152,147,9,0,0,0,0,0,34,0.0199,0,4,1,331.21,NORMAL,0
TRAIN_P0391,0.0809,0.0215,112,7,1,0,0,0,0,25,0.0133,0,1,1,434.66,NORMAL,0
TRAIN_P2766,0.0338,0.0633,2400,15,1,0,0,0,2,69,0.0387,10,4,2,699.43,SUSPICIOUS_DATA_ACCESS,1
TRAIN_P1818,0.0284,0.0195,119,9,1,0,0,0,0,27,0.0118,0,3,1,447.14,NORMAL,0
TRAIN_P3234,0.0655,0.0651,2951,16,2,13,6,0,2,56,0.0138,43,4,3,974.69,DATA_EXFILTRATION,1
TRAIN_P0711,0.0521,0.0203,172,7,0,0,0,0,0,26,0.0164,0,3,1,469.41,NORMAL,0
TRAIN_P1040,0.0446,0.0166,100,8,0,0,0,0,0,31,0.0193,0,4,1,454.27,NORMAL,0
TRAIN_P2359,0.459,0.0733,215,9,2,0,0,0,0,51,0.2178,18,4,1,491.75,BRUTE_FORCE,1
TRAIN_P3108,0.0572,0.128,3329,16,1,9,6,0,3,80,0.046,45,8,4,834.7,DATA_EXFILTRATION,1
TRAIN_P1562,0.0712,0.0242,128,8,1,0,0,0,0,12,0.0158,0,5,1,356.29,NORMAL,0
TRAIN_P3306,0.0796,0.1194,2557,14,0,17,8,0,2,52,0.0308,42,7,5,862.16,DATA_EXFILTRATION,1
TRAIN_P3016,0.0708,0.0834,2129,13,3,0,1,0,0,44,0.0567,25,7,2,738.67,SUSPICIOUS_DATA_ACCESS,1
TRAIN_P1113,0.0333,0.0165,103,8,0,0,0,0,0,22,0.0138,0,4,1,413.91,NORMAL,0
TRAIN_P1224,0.0431,0.0158,204,5,0,0,0,0,0,30,0.0152,0,2,2,402.18,NORMAL,0
TRAIN_P2403,0.5548,0.0704,127,11,0,1,0,0,0,43,0.2943,15,6,1,240.15,BRUTE_FORCE,1
TRAIN_P1509,0.0345,0.0171,95,8,0,0,0,0,0,20,0.0112,0,5,1,347.27,NORMAL,0
TRAIN_P1751,0.0756,0.0134,139,7,0,0,0,0,0,19,0.0192,0,2,1,489.79,NORMAL,0
TRAIN_P3310,0.0468,0.1279,2669,13,2,12,5,0,4,43,0.0284,30,8,4,496.72,DATA_EXFILTRATION,1
TRAIN_P0339,0.0281,0.0245,217,8,0,1,0,0,0,31,0.016,0,4,1,504.55,NORMAL,0
TRAIN_P0216,0.0469,0.0215,123,8,0,0,0,0,0,11,0.0127,0,2,1,296.64,NORMAL,0
TRAIN_P1342,0.0366,0.0256,191,10,0,0,0,0,0,12,0.0177,0,4,1,357.01,NORMAL,0
TRAIN_P3169,0.0775,0.1472,3110,14,1,16,8,0,2,72,0.0553,27,9,3,849.71,DATA_EXFILTRATION,1
TRAIN_P3366,0.1785,0.0588,1347,15,1,3,0,6,3,55,0.0559,23,6,2,505.14,PRIVILEGE_ABUSE,1
TRAIN_P2331,0.4405,0.0895,114,10,1,0,0,0,0,51,0.3079,16,4,1,404.16,BRUTE_FORCE,1
TRAIN_P2239,0.6114,0.055,194,12,0,0,0,0,2,42,0.2651,8,6,1,389.31,BRUTE_FORCE,1
TRAIN_P2884,0.0475,0.0577,3405,13,4,0,1,0,2,61,0.0216,14,7,2,624.7,SUSPICIOUS_DATA_ACCESS,1
TRAIN_P0102,0.0406,0.02,193,9,0,0,0,0,0,36,0.0178,0,1,1,385.12,NORMAL,0
TRAIN_P2583,0.1204,0.0711,194,20,5,0,0,0,1,26,0.1035,10,8,2,624.81,RECONNAISSANCE,1
TRAIN_P0172,0.008,0.0223,230,6,0,0,0,0,0,28,0.0151,0,3,1,280.53,NORMAL,0
TRAIN_P0108,0.0536,0.0176,236,8,0,0,0,0,0,25,0.0112,0,4,1,517.77,NORMAL,0
TRAIN_P2528,0.1,0.0467,297,17,4,0,0,0,1,37,0.0456,9,7,2,366.45,RECONNAISSANCE,1
TRAIN_P3583,0.0566,0.0956,1079,15,2,0,1,7,4,51,0.0737,27,11,3,434.79,PRIVILEGE_ABUSE,1
TRAIN_P2645,0.0917,0.0957,297,11,8,0,0,0,0,80,0.1189,12,7,1,466.8,RECONNAISSANCE,1
TRAIN_P2406,0.4985,0.08,192,10,1,0,0,0,0,51,0.2755,8,2,2,585.95,BRUTE_FORCE,1
TRAIN_P2288,0.559,0.0522,139,9,0,0,0,0,0,44,0.2421,6,4,1,475.0,BRUTE_FORCE,1
TRAIN_P2447,0.7165,0.0875,219,9,0,0,0,0,2,44,0.369,13,5,2,511.55,BRUTE_FORCE,1
TRAIN_P2413,0.6324,0.0463,191,11,0,1,0,0,0,29,0.3545,9,3,3,401.68,BRUTE_FORCE,1
TRAIN_P2852,0.0618,0.049,2521,15,2,1,1,0,2,46,0.0576,23,4,2,666.5,SUSPICIOUS_DATA_ACCESS,1
TRAIN_P2824,0.0584,0.0814,2770,13,2,1,0,0,3,55,0.0515,13,6,2,537.82,SUSPICIOUS_DATA_ACCESS,1
TRAIN_P3083,0.0475,0.0903,2436,13,1,1,1,0,2,64,0.0324,15,8,2,565.52,SUSPICIOUS_DATA_ACCESS,1
TRAIN_P1041,0.0557,0.0158,75,8,0,0,0,0,0,14,0.0186,0,4,1,322.05,NORMAL,0
TRAIN_P2121,0.0459,0.0293,145,9,1,0,0,0,0,18,0.017,0,6,2,380.33,NORMAL,0
TRAIN_P1525,0.0346,0.015,217,11,0,0,0,0,0,27,0.0168,2,3,1,245.54,NORMAL,0
TRAIN_P3465,0.1309,0.0692,1282,14,2,3,0,4,3,40,0.1123,23,5,2,481.02,PRIVILEGE_ABUSE,1
TRAIN_P0482,0.0104,0.0181,82,9,1,0,0,0,0,14,0.0061,0,5,2,367.68,NORMAL,0
TRAIN_P2562,0.061,0.0442,334,18,7,0,0,0,0,62,0.1219,10,5,1,373.83,RECONNAISSANCE,1
TRAIN_P2662,0.0054,0.0584,272,17,5,0,0,0,0,27,0.1341,9,6,2,406.72,RECONNAISSANCE,1
TRAIN_P1763,0.0392,0.0118,40,7,0,0,0,0,0,16,0.0123,0,4,1,225.55,NORMAL,0
TRAIN_P3280,0.0584,0.1106,3220,12,1,16,4,0,2,55,0.0529,43,6,2,300.0,DATA_EXFILTRATION,1
TRAIN_P3043,0.0239,0.1076,2348,12,1,1,0,0,3,59,0.0355,20,9,3,654.57,SUSPICIOUS_DATA_ACCESS,1
TRAIN_P2491,0.0596,0.0781,275,16,8,0,0,0,0,33,0.1464,7,4,1,539.5,RECONNAISSANCE,1
TRAIN_P2461,0.0709,0.0469,219,21,4,0,0,0,2,37,0.1237,11,7,2,318.84,RECONNAISSANCE,1
TRAIN_P0406,0.0247,0.0144,162,7,0,0,0,0,0,14,0.0057,0,4,1,398.12,NORMAL,0
TRAIN_P0758,0.0452,0.0147,173,8,0,0,0,0,0,25,0.0151,0,3,1,408.19,NORMAL,0
TRAIN_P2354,0.3661,0.0627,155,6,0,0,0,0,0,43,0.2488,10,4,1,482.7,BRUTE_FORCE,1
TRAIN_P0098,0.0539,0.0297,139,11,0,0,0,0,0,17,0.0181,0,3,1,307.69,NORMAL,0
TRAIN_P1334,0.0,0.022,162,9,2,0,0,0,0,21,0.0239,0,4,1,381.21,NORMAL,0
TRAIN_P2860,0.0662,0.1155,2748,15,2,0,1,0,1,63,0.0268,21,6,2,535.99,SUSPICIOUS_DATA_ACCESS,1
TRAIN_P3322,0.063,0.1477,3367,13,1,8,5,1,3,72,0.0155,33,8,5,608.68,DATA_EXFILTRATION,1
TRAIN_P2367,0.663,0.0667,134,10,0,0,0,0,1,41,0.2803,5,4,1,496.64,BRUTE_FORCE,1
TRAIN_P2059,0.0186,0.022,78,9,0,0,0,0,0,12,0.0193,1,2,1,386.87,NORMAL,0
TRAIN_P2532,0.0014,0.0638,356,18,12,0,1,0,1,59,0.0615,14,8,1,548.17,RECONNAISSANCE,1
TRAIN_P0149,0.0381,0.0211,159,10,0,1,0,0,1,12,0.0076,0,2,1,391.44,NORMAL,0
TRAIN_P0029,0.0314,0.0293,198,11,1,0,0,0,1,24,0.0199,0,2,1,332.05,NORMAL,0
TRAIN_P2463,0.0262,0.0525,442,16,6,0,0,0,1,41,0.0972,12,5,2,503.65,RECONNAISSANCE,1
TRAIN_P2370,0.5662,0.0898,181,10,0,0,0,0,0,39,0.3444,8,4,2,570.23,BRUTE_FORCE,1
TRAIN_P0693,0.0213,0.0146,105,12,0,0,0,0,0,24,0.0161,0,4,1,311.7,NORMAL,0
TRAIN_P1387,0.0391,0.0165,196,9,0,0,0,0,0,24,0.0099,1,6,1,388.21,NORMAL,0
TRAIN_P1846,0.0316,0.0077,173,7,0,0,0,0,0,18,0.0139,0,2,1,285.84,NORMAL,0
TRAIN_P2466,0.0733,0.0756,232,24,9,0,1,0,2,51,0.1229,10,7,1,600.04,RECONNAISSANCE,1
TRAIN_P1600,0.0502,0.0218,129,8,0,0,0,0,0,24,0.0167,0,3,1,350.08,NORMAL,0
TRAIN_P0702,0.0461,0.0257,163,7,0,0,0,0,0,11,0.0113,0,5,1,328.12,NORMAL,0
TRAIN_P1709,0.0637,0.0241,138,8,0,0,0,0,1,21,0.0081,0,3,1,408.29,NORMAL,0
TRAIN_P0455,0.0,0.0234,117,9,0,0,0,0,0,16,0.021,0,6,1,304.3,NORMAL,0
TRAIN_P2041,0.0478,0.0237,163,8,0,0,0,0,0,13,0.0141,0,4,1,353.46,NORMAL,0
TRAIN_P3141,0.0819,0.1428,2744,15,1,12,4,0,3,49,0.0527,38,7,3,755.35,DATA_EXFILTRATION,1
TRAIN_P0610,0.0544,0.0216,129,9,0,0,0,0,0,32,0.0197,0,5,1,473.25,NORMAL,0
TRAIN_P0168,0.0,0.0153,134,8,0,0,0,0,0,19,0.0148,1,4,2,398.46,NORMAL,0
TRAIN_P0731,0.0282,0.0217,117,7,0,0,0,0,0,24,0.0097,0,3,1,365.76,NORMAL,0
TRAIN_P2593,0.0638,0.0544,337,18,7,0,0,0,1,58,0.1758,15,8,2,595.12,RECONNAISSANCE,1
TRAIN_P3219,0.0497,0.0777,2624,12,3,17,7,0,1,68,0.0233,39,4,3,487.99,DATA_EXFILTRATION,1
TRAIN_P2388,0.6418,0.0541,220,10,0,0,0,0,0,34,0.3058,3,6,1,344.73,BRUTE_FORCE,1
TRAIN_P1623,0.0619,0.0283,182,9,1,0,0,0,0,38,0.014,0,2,1,379.82,NORMAL,0
TRAIN_P0588,0.0448,0.0289,85,7,0,0,0,0,0,32,0.0145,0,5,1,347.73,NORMAL,0
TRAIN_P1402,0.0555,0.0145,116,9,0,0,0,0,0,20,0.0206,0,1,1,301.41,NORMAL,0
TRAIN_P1701,0.0574,0.021,186,9,1,0,0,0,0,26,0.0137,0,3,1,268.16,NORMAL,0
TRAIN_P2627,0.1384,0.0701,227,13,7,0,0,0,1,24,0.04,10,8,1,458.66,RECONNAISSANCE,1
TRAIN_P2833,0.0752,0.1242,2540,12,1,0,0,0,2,47,0.0638,10,6,3,595.74,SUSPICIOUS_DATA_ACCESS,1
TRAIN_P1380,0.0644,0.0236,163,7,1,0,0,0,0,34,0.0098,0,3,1,261.42,NORMAL,0
TRAIN_P2090,0.0629,0.0239,111,8,0,0,0,0,1,34,0.015,0,3,1,477.91,NORMAL,0
TRAIN_P2176,0.4745,0.0782,239,7,1,0,0,0,0,36,0.2584,7,3,1,523.45,BRUTE_FORCE,1
TRAIN_P2602,0.0964,0.0525,338,20,4,0,0,0,1,52,0.1273,9,4,2,370.53,RECONNAISSANCE,1
TRAIN_P2313,0.5511,0.0805,226,9,1,0,0,0,0,33,0.4288,3,3,1,322.24,BRUTE_FORCE,1
TRAIN_P2918,0.0501,0.0672,2518,9,4,0,1,0,0,56,0.0483,21,5,1,525.17,SUSPICIOUS_DATA_ACCESS,1
TRAIN_P0442,0.0064,0.0185,145,6,1,0,0,0,0,26,0.0149,0,4,1,261.72,NORMAL,0
TRAIN_P2052,0.0274,0.018,216,6,0,0,0,0,0,20,0.0094,0,4,1,430.61,NORMAL,0
TRAIN_P1302,0.0717,0.0112,186,9,0,0,0,0,1,33,0.0109,0,2,2,445.07,NORMAL,0
TRAIN_P3119,0.0837,0.1128,2615,16,1,13,8,0,4,60,0.0578,30,7,4,821.65,DATA_EXFILTRATION,1
TRAIN_P1305,0.0338,0.0154,213,7,0,0,0,0,0,14,0.015,0,6,1,463.44,NORMAL,0
TRAIN_P0237,0.0,0.0167,168,7,2,0,0,0,0,17,0.014,0,4,1,418.99,NORMAL,0
TRAIN_P0521,0.0475,0.0153,168,8,0,0,0,0,0,21,0.0071,0,3,1,306.07,NORMAL,0
TRAIN_P0736,0.0004,0.0301,184,7,0,0,0,0,0,25,0.0145,0,3,1,447.4,NORMAL,0
TRAIN_P3181,0.0668,0.1083,3057,12,0,13,8,0,1,77,0.0464,21,7,3,694.4,DATA_EXFILTRATION,1
TRAIN_P2107,0.037,0.0248,120,8,0,0,0,0,0,12,0.0123,0,4,1,266.44,NORMAL,0
TRAIN_P0593,0.0109,0.0198,185,10,0,0,0,0,1,28,0.019,1,2,1,428.64,NORMAL,0
TRAIN_P1304,0.0531,0.02,133,8,0,0,0,0,0,22,0.0139,0,4,2,237.62,NORMAL,0
TRAIN_P1388,0.0319,0.0225,169,9,0,0,0,0,0,29,0.0065,0,1,1,367.7,NORMAL,0
TRAIN_P2339,0.4617,0.0813,162,9,0,1,0,0,1,35,0.2703,4,6,1,536.16,BRUTE_FORCE,1
TRAIN_P2673,0.1028,0.0879,252,16,10,0,0,0,1,71,0.1029,11,6,1,485.08,RECONNAISSANCE,1
TRAIN_P3346,0.0149,0.1042,3617,14,1,11,4,0,3,78,0.0404,22,4,2,755.5,DATA_EXFILTRATION,1
TRAIN_P0905,0.0885,0.0218,189,9,0,0,0,0,0,27,0.0148,0,3,1,467.73,NORMAL,0
TRAIN_P3046,0.0581,0.0811,2066,12,3,0,0,0,3,33,0.0428,14,9,2,454.34,SUSPICIOUS_DATA_ACCESS,1
TRAIN_P1280,0.0461,0.0082,191,8,0,0,0,0,0,42,0.0157,0,4,1,324.7,NORMAL,0
TRAIN_P2875,0.0817,0.0811,2276,13,3,0,0,0,0,56,0.06,9,7,3,677.96,SUSPICIOUS_DATA_ACCESS,1
TRAIN_P3452,0.078,0.0692,1428,10,3,1,1,5,2,72,0.0848,21,11,2,402.14,PRIVILEGE_ABUSE,1
TRAIN_P2309,0.5036,0.0724,186,9,0,0,0,0,1,23,0.4196,9,4,1,371.76,BRUTE_FORCE,1
TRAIN_P2858,0.0692,0.0495,2413,12,2,0,0,0,3,64,0.0178,13,8,3,413.79,SUSPICIOUS_DATA_ACCESS,1
TRAIN_P2948,0.0719,0.0766,2644,11,4,0,0,0,1,50,0.0331,7,7,2,422.86,SUSPICIOUS_DATA_ACCESS,1
TRAIN_P2851,0.057,0.0978,2766,13,1,1,1,0,1,59,0.0178,9,5,3,683.23,SUSPICIOUS_DATA_ACCESS,1
TRAIN_P0707,0.0061,0.0147,207,8,0,0,0,0,0,26,0.0223,0,3,1,333.8,NORMAL,0
TRAIN_P3166,0.0622,0.0845,3193,10,0,5,6,0,4,66,0.0104,32,11,4,718.18,DATA_EXFILTRATION,1
TRAIN_P0746,0.0337,0.016,172,11,0,0,0,0,1,17,0.0176,0,3,1,385.03,NORMAL,0
TRAIN_P1940,0.067,0.0259,220,9,0,0,0,0,0,22,0.0109,0,2,1,356.86,NORMAL,0
TRAIN_P3129,0.0928,0.093,3038,12,2,10,5,0,1,78,0.0301,29,9,3,697.32,DATA_EXFILTRATION,1
TRAIN_P0514,0.0546,0.023,148,8,0,0,0,0,0,13,0.0161,0,4,1,236.55,NORMAL,0
TRAIN_P0082,0.0073,0.0171,182,9,0,0,0,0,0,28,0.0116,0,3,2,326.27,NORMAL,0
TRAIN_P1309,0.0499,0.0202,151,10,1,0,0,0,0,25,0.0256,0,4,1,326.67,NORMAL,0
TRAIN_P2983,0.0543,0.093,1959,11,1,1,1,0,3,73,0.0296,19,6,4,736.41,SUSPICIOUS_DATA_ACCESS,1
TRAIN_P0915,0.0419,0.0286,166,9,1,0,0,0,0,24,0.0186,0,2,1,365.04,NORMAL,0
TRAIN_P3311,0.1,0.0955,2760,16,1,9,7,0,3,45,0.0289,38,7,2,758.04,DATA_EXFILTRATION,1
TRAIN_P3295,0.0378,0.0859,2861,11,0,16,9,0,4,68,0.0395,32,7,4,750.48,DATA_EXFILTRATION,1
TRAIN_P0775,0.0287,0.029,230,11,0,0,0,0,0,23,0.0215,0,3,1,423.25,NORMAL,0
TRAIN_P0330,0.0332,0.0118,193,10,2,0,0,0,0,15,0.0133,1,3,1,474.28,NORMAL,0
TRAIN_P2055,0.0797,0.0139,162,7,1,0,0,0,0,19,0.0166,0,4,1,525.0,NORMAL,0
TRAIN_P2002,0.0584,0.0218,173,7,0,0,0,0,0,34,0.0131,0,4,1,371.26,NORMAL,0
TRAIN_P0944,0.0291,0.0243,73,7,0,0,0,0,0,26,0.014,0,3,1,385.94,NORMAL,0
TRAIN_P0823,0.0658,0.0233,130,11,0,0,0,0,0,16,0.0172,0,2,1,322.54,NORMAL,0
TRAIN_P0910,0.0669,0.0218,126,10,2,0,0,0,0,32,0.0192,0,5,1,372.11,NORMAL,0
TRAIN_P0182,0.0288,0.0145,167,10,0,0,0,0,0,16,0.0131,0,3,1,495.55,NORMAL,0
TRAIN_P0165,0.0438,0.0193,114,6,0,0,0,0,0,12,0.0093,0,3,1,300.45,NORMAL,0
TRAIN_P1524,0.0374,0.0201,114,9,0,0,0,0,0,25,0.0171,0,2,1,411.8,NORMAL,0
TRAIN_P0452,0.0406,0.0235,100,7,0,0,0,0,0,23,0.018,0,7,1,188.74,NORMAL,0
TRAIN_P1312,0.0807,0.0241,177,7,0,0,0,0,0,26,0.0109,0,5,1,352.0,NORMAL,0
TRAIN_P1112,0.0413,0.0222,136,7,0,0,0,0,1,26,0.0112,0,3,1,344.11,NORMAL,0
TRAIN_P2980,0.0579,0.0856,2196,13,1,0,0,0,1,40,0.0447,25,7,2,517.59,SUSPICIOUS_DATA_ACCESS,1
TRAIN_P1288,0.0794,0.0228,226,8,0,0,0,0,0,27,0.0134,0,1,1,264.55,NORMAL,0
TRAIN_P0328,0.0,0.0175,193,6,1,0,0,0,0,26,0.0095,0,3,2,254.27,NORMAL,0
TRAIN_P1791,0.0602,0.0231,129,7,0,0,0,0,0,29,0.0146,0,3,1,362.8,NORMAL,0
TRAIN_P3183,0.0691,0.1364,3480,13,3,6,6,0,4,42,0.0494,19,10,2,699.96,DATA_EXFILTRATION,1
TRAIN_P2008,0.044,0.0234,165,10,0,0,0,0,0,16,0.0136,1,4,1,460.6,NORMAL,0
TRAIN_P1859,0.032,0.0205,82,9,0,0,0,0,0,26,0.0175,0,4,1,359.62,NORMAL,0
TRAIN_P0313,0.0406,0.0186,145,11,0,0,0,0,0,24,0.007,0,3,1,430.67,NORMAL,0
TRAIN_P0833,0.0288,0.0231,133,10,0,0,0,0,0,23,0.0122,0,1,1,479.67,NORMAL,0
TRAIN_P1202,0.0547,0.0226,156,10,0,0,0,0,0,23,0.0125,0,5,1,467.59,NORMAL,0
TRAIN_P2771,0.0628,0.0601,2367,13,2,0,0,0,2,48,0.0484,18,6,3,499.01,SUSPICIOUS_DATA_ACCESS,1
TRAIN_P2425,0.53,0.0699,160,9,0,0,0,0,0,39,0.378,9,5,1,517.59,BRUTE_FORCE,1
TRAIN_P2135,0.0437,0.0223,191,9,0,0,0,0,0,26,0.0176,0,3,1,465.95,NORMAL,0
TRAIN_P2210,0.432,0.0688,162,9,0,0,0,0,0,52,0.2802,6,5,1,200.0,BRUTE_FORCE,1
TRAIN_P3535,0.1527,0.0946,1245,15,1,3,0,7,3,30,0.1066,27,9,1,612.54,PRIVILEGE_ABUSE,1
TRAIN_P1482,0.042,0.0189,167,10,0,0,0,0,0,24,0.0176,0,3,2,383.78,NORMAL,0
TRAIN_P0778,0.0735,0.0155,109,6,0,0,0,0,0,15,0.013,0,1,1,349.07,NORMAL,0
TRAIN_P0800,0.0315,0.0194,144,9,0,0,0,0,1,22,0.013,0,5,1,441.36,NORMAL,0
TRAIN_P0055,0.0089,0.023,98,11,0,0,0,0,0,20,0.017,0,5,1,377.52,NORMAL,0
TRAIN_P1921,0.0466,0.0174,158,11,0,0,0,0,0,31,0.0147,0,4,1,339.06,NORMAL,0
TRAIN_P3095,0.0431,0.1053,2378,10,1,1,1,0,2,60,0.0278,18,6,2,566.58,SUSPICIOUS_DATA_ACCESS,1
TRAIN_P2588,0.0433,0.0668,429,18,7,0,0,0,0,61,0.0562,12,5,1,303.35,RECONNAISSANCE,1
TRAIN_P1702,0.0294,0.0158,149,8,0,0,0,0,0,17,0.02,0,5,1,487.53,NORMAL,0
TRAIN_P2162,0.5185,0.0714,188,7,0,0,1,0,0,48,0.3772,19,2,1,422.72,BRUTE_FORCE,1
TRAIN_P3368,0.1213,0.0682,900,12,3,0,1,5,3,78,0.1168,25,13,3,523.14,PRIVILEGE_ABUSE,1
TRAIN_P0988,0.0363,0.0225,109,7,0,0,0,0,0,51,0.0189,0,4,1,361.98,NORMAL,0
TRAIN_P2586,0.053,0.0954,263,15,8,0,0,0,1,35,0.0834,12,7,2,479.51,RECONNAISSANCE,1
TRAIN_P1395,0.032,0.0164,180,6,1,0,0,0,0,20,0.0229,0,3,1,378.19,NORMAL,0
TRAIN_P0769,0.0506,0.0146,154,8,0,0,0,0,0,25,0.0089,0,2,2,180.52,NORMAL,0
TRAIN_P3180,0.0639,0.0769,2679,10,0,12,6,0,2,50,0.0258,30,4,3,728.4,DATA_EXFILTRATION,1
TRAIN_P0286,0.0401,0.0096,156,12,0,0,0,0,0,34,0.0087,0,4,1,345.9,NORMAL,0
TRAIN_P3162,0.0806,0.1095,2599,12,2,13,6,0,2,32,0.0435,39,9,4,845.91,DATA_EXFILTRATION,1
TRAIN_P0429,0.0304,0.0255,228,9,0,0,0,0,0,26,0.0171,0,5,1,283.31,NORMAL,0
TRAIN_P2333,0.5913,0.0838,120,9,1,0,0,0,1,29,0.3623,11,2,1,428.33,BRUTE_FORCE,1
TRAIN_P2080,0.0661,0.0257,229,8,1,0,0,0,0,11,0.016,1,3,1,340.02,NORMAL,0
TRAIN_P0723,0.0198,0.0141,77,8,2,0,0,0,0,25,0.01,0,2,1,436.16,NORMAL,0
TRAIN_P0952,0.0272,0.0089,154,10,0,0,0,0,0,17,0.0152,0,4,1,358.7,NORMAL,0
TRAIN_P2263,0.6495,0.09,211,9,1,0,0,0,1,45,0.285,13,4,1,375.35,BRUTE_FORCE,1
TRAIN_P0990,0.0538,0.025,182,8,2,0,0,0,0,13,0.0252,0,3,1,372.33,NORMAL,0
TRAIN_P3351,0.1447,0.0715,1621,10,2,0,0,4,4,61,0.0294,31,11,5,651.72,PRIVILEGE_ABUSE,1
TRAIN_P3541,0.0955,0.0561,2245,15,1,3,0,5,2,37,0.0917,17,5,4,585.35,PRIVILEGE_ABUSE,1
TRAIN_P0327,0.0456,0.0175,116,8,0,0,0,0,0,43,0.0114,0,3,1,454.92,NORMAL,0
TRAIN_P1384,0.0545,0.0275,186,7,0,0,0,0,1,14,0.017,0,5,1,439.16,NORMAL,0
TRAIN_P1725,0.0555,0.0174,163,7,1,0,0,0,0,32,0.0173,0,5,2,364.57,NORMAL,0
TRAIN_P1087,0.0349,0.0237,155,8,0,0,0,0,0,22,0.0162,0,3,2,494.25,NORMAL,0
TRAIN_P0342,0.0295,0.0202,123,9,0,0,0,0,0,32,0.0182,0,4,1,464.31,NORMAL,0
TRAIN_P0148,0.0778,0.0177,148,7,0,0,0,0,0,16,0.0132,0,3,1,507.89,NORMAL,0
TRAIN_P2799,0.0448,0.0977,2603,18,2,1,0,0,1,59,0.0431,20,8,2,550.9,SUSPICIOUS_DATA_ACCESS,1
TRAIN_P1108,0.0704,0.0187,169,10,0,0,0,0,0,39,0.0134,0,4,1,540.05,NORMAL,0
TRAIN_P0849,0.0291,0.0165,147,9,0,0,0,0,0,24,0.0124,0,4,2,316.18,NORMAL,0
TRAIN_P0967,0.0588,0.0307,122,6,0,0,0,0,1,30,0.0162,0,4,1,328.25,NORMAL,0
TRAIN_P3532,0.1264,0.0802,1894,13,4,4,1,7,5,73,0.0983,12,9,4,606.74,PRIVILEGE_ABUSE,1
TRAIN_P2204,0.7073,0.0445,183,7,0,0,0,0,1,42,0.3963,14,4,1,214.68,BRUTE_FORCE,1
TRAIN_P0662,0.0347,0.009,122,12,0,0,0,0,0,31,0.0183,0,4,2,426.77,NORMAL,0
TRAIN_P1003,0.033,0.025,148,8,0,0,0,0,0,36,0.0175,0,3,1,367.24,NORMAL,0
TRAIN_P2801,0.0205,0.0954,2356,11,3,1,1,0,2,51,0.0348,21,4,2,316.7,SUSPICIOUS_DATA_ACCESS,1
TRAIN_P3012,0.0547,0.0562,2371,13,1,0,2,0,2,33,0.019,19,7,2,843.2,SUSPICIOUS_DATA_ACCESS,1
TRAIN_P2804,0.0771,0.0606,2996,11,1,1,1,0,1,66,0.0199,16,6,1,389.05,SUSPICIOUS_DATA_ACCESS,1
TRAIN_P3182,0.0411,0.1429,2828,15,1,18,6,0,1,68,0.0708,28,9,3,793.82,DATA_EXFILTRATION,1
TRAIN_P1880,0.0529,0.0152,170,10,1,0,0,0,0,18,0.0096,0,3,1,354.12,NORMAL,0
TRAIN_P3581,0.1316,0.0864,1494,11,2,2,0,7,1,58,0.0543,17,13,5,411.87,PRIVILEGE_ABUSE,1
TRAIN_P1204,0.0524,0.0234,77,9,0,0,0,0,0,34,0.0206,0,2,2,365.16,NORMAL,0
TRAIN_P1991,0.0377,0.0263,115,6,0,0,0,0,0,29,0.0311,0,4,1,322.87,NORMAL,0
TRAIN_P0025,0.0419,0.023,117,12,0,0,0,0,0,29,0.0181,0,3,1,379.29,NORMAL,0
TRAIN_P3373,0.1463,0.0555,1838,17,6,1,2,7,3,47,0.0575,24,5,3,490.68,PRIVILEGE_ABUSE,1
TRAIN_P3349,0.0926,0.0616,1882,17,1,2,1,6,3,55,0.0607,40,5,1,562.07,PRIVILEGE_ABUSE,1
TRAIN_P2495,0.0632,0.0671,299,17,10,0,0,0,1,35,0.0907,12,3,3,444.66,RECONNAISSANCE,1
TRAIN_P2756,0.0439,0.1133,1861,12,2,0,0,0,1,71,0.0278,20,6,2,590.98,SUSPICIOUS_DATA_ACCESS,1
TRAIN_P0876,0.0289,0.0171,148,6,0,0,0,0,0,33,0.0212,0,3,1,396.0,NORMAL,0
TRAIN_P3229,0.0565,0.0799,3049,13,2,13,6,0,4,51,0.0313,33,10,2,633.87,DATA_EXFILTRATION,1
TRAIN_P0939,0.0279,0.0211,176,9,1,0,1,0,0,27,0.0133,0,4,1,317.0,NORMAL,0
TRAIN_P2395,0.4799,0.0646,231,7,0,0,0,0,0,36,0.1959,11,4,1,422.22,BRUTE_FORCE,1
TRAIN_P2999,0.0474,0.0821,3189,14,4,1,1,0,2,72,0.0,20,7,2,621.37,SUSPICIOUS_DATA_ACCESS,1
TRAIN_P3564,0.1945,0.0898,1534,15,2,2,1,9,2,58,0.1564,17,9,3,628.82,PRIVILEGE_ABUSE,1
TRAIN_P0386,0.0613,0.0181,204,10,1,0,0,0,0,38,0.0165,0,2,1,409.16,NORMAL,0
TRAIN_P2750,0.0439,0.105,2403,12,0,2,0,0,1,44,0.064,12,6,3,754.09,SUSPICIOUS_DATA_ACCESS,1
TRAIN_P3360,0.1372,0.0464,1878,20,5,3,0,7,4,61,0.0489,15,8,3,512.68,PRIVILEGE_ABUSE,1
TRAIN_P2639,0.0723,0.0512,289,11,7,0,0,0,1,44,0.0409,10,4,1,547.82,RECONNAISSANCE,1
TRAIN_P2292,0.5436,0.0753,96,7,2,0,0,0,0,51,0.3088,5,4,2,442.82,BRUTE_FORCE,1
TRAIN_P2508,0.1047,0.0461,352,15,4,0,0,0,0,35,0.1291,10,8,2,464.16,RECONNAISSANCE,1
TRAIN_P0937,0.0,0.0181,98,19,1,0,0,0,0,38,0.0033,0,4,1,406.31,NORMAL,0
TRAIN_P3089,0.055,0.0725,2542,13,1,1,0,0,2,81,0.0593,19,4,1,719.45,SUSPICIOUS_DATA_ACCESS,1
TRAIN_P2361,0.6225,0.076,213,7,0,0,0,0,0,56,0.3849,20,5,1,319.65,BRUTE_FORCE,1
TRAIN_P3506,0.1186,0.0794,2103,17,5,2,1,6,4,58,0.0652,22,5,4,668.93,PRIVILEGE_ABUSE,1
TRAIN_P1333,0.0616,0.0092,130,6,0,0,0,0,0,18,0.0181,0,4,1,369.67,NORMAL,0
TRAIN_P1935,0.0552,0.0138,147,9,1,0,0,0,0,24,0.0171,1,6,1,184.67,NORMAL,0
TRAIN_P0936,0.0677,0.0258,160,10,0,0,0,0,0,14,0.018,0,5,1,322.94,NORMAL,0
TRAIN_P2419,0.6296,0.0655,133,10,0,0,0,0,0,35,0.2993,10,5,1,408.42,BRUTE_FORCE,1
TRAIN_P0567,0.0213,0.015,177,8,0,0,0,0,0,30,0.0119,0,3,1,373.89,NORMAL,0
TRAIN_P1855,0.0362,0.0312,161,8,0,0,0,0,0,13,0.0031,1,3,1,291.42,NORMAL,0
TRAIN_P3191,0.0803,0.1336,3156,14,2,16,5,0,1,64,0.0712,37,6,3,619.66,DATA_EXFILTRATION,1
TRAIN_P1646,0.0419,0.0194,177,9,0,0,0,0,0,22,0.0101,0,5,1,297.67,NORMAL,0
TRAIN_P3008,0.0496,0.0703,2240,13,1,0,0,0,2,54,0.0364,13,3,4,545.35,SUSPICIOUS_DATA_ACCESS,1
TRAIN_P1793,0.0166,0.0213,51,9,0,0,0,0,0,29,0.0225,0,4,1,449.7,NORMAL,0
TRAIN_P1431,0.025,0.0146,75,10,0,0,0,0,0,12,0.0169,0,4,1,360.28,NORMAL,0
TRAIN_P3344,0.0703,0.0892,2492,16,0,13,4,0,5,77,0.0369,17,5,3,511.97,DATA_EXFILTRATION,1
TRAIN_P1014,0.0748,0.0151,96,11,0,0,0,0,0,27,0.0229,0,4,1,380.68,NORMAL,0
TRAIN_P1929,0.0411,0.0247,159,10,1,0,0,0,0,38,0.0198,0,3,1,416.33,NORMAL,0
TRAIN_P2700,0.0638,0.0576,266,14,2,0,0,0,1,41,0.0964,8,5,3,344.85,RECONNAISSANCE,1
TRAIN_P0127,0.0364,0.036,161,7,0,0,0,0,1,25,0.0078,0,4,1,489.47,NORMAL,0
TRAIN_P2514,0.085,0.048,388,16,13,0,0,0,1,61,0.0565,14,7,3,591.06,RECONNAISSANCE,1
TRAIN_P1348,0.0566,0.0236,202,8,0,0,0,0,0,42,0.013,0,5,2,404.15,NORMAL,0
TRAIN_P0356,0.05,0.0156,179,8,0,0,0,0,0,16,0.0247,0,5,2,318.13,NORMAL,0
TRAIN_P0828,0.0308,0.023,102,8,0,0,0,0,0,19,0.024,0,3,1,398.1,NORMAL,0
TRAIN_P1640,0.0648,0.0292,173,8,0,0,0,0,0,23,0.0137,0,4,2,235.17,NORMAL,0
TRAIN_P0985,0.0389,0.019,144,8,0,0,0,0,0,24,0.0141,0,3,1,390.52,NORMAL,0
TRAIN_P2189,0.5096,0.0854,238,10,0,0,0,0,0,20,0.2489,9,5,3,355.56,BRUTE_FORCE,1
TRAIN_P3053,0.045,0.0659,1679,11,2,1,1,0,0,58,0.0124,19,11,1,458.24,SUSPICIOUS_DATA_ACCESS,1
TRAIN_P2444,0.3877,0.0798,203,10,0,0,0,0,0,22,0.2492,12,6,1,525.57,BRUTE_FORCE,1
TRAIN_P0363,0.0223,0.0239,164,10,0,0,0,0,0,12,0.0123,0,3,1,535.86,NORMAL,0
TRAIN_P2350,0.4504,0.0898,146,9,0,0,0,0,0,36,0.3501,13,5,1,289.43,BRUTE_FORCE,1
TRAIN_P0346,0.0188,0.0075,158,9,0,0,0,0,1,22,0.0039,0,5,1,481.24,NORMAL,0
TRAIN_P2625,0.0865,0.0691,304,18,8,0,0,0,0,53,0.0814,10,4,2,474.55,RECONNAISSANCE,1
TRAIN_P3044,0.0788,0.0915,2746,12,3,2,0,0,3,50,0.0471,12,8,3,576.96,SUSPICIOUS_DATA_ACCESS,1
TRAIN_P0712,0.0361,0.0253,125,10,0,0,0,0,0,21,0.0065,0,5,1,323.02,NORMAL,0
TRAIN_P2476,0.0482,0.0556,298,19,12,0,0,0,0,40,0.0727,11,4,3,529.09,RECONNAISSANCE,1
TRAIN_P0011,0.009,0.0203,107,9,0,0,0,0,0,18,0.0134,0,3,1,424.49,NORMAL,0
TRAIN_P2891,0.0568,0.0559,2728,9,1,1,0,0,2,81,0.0413,15,5,2,434.36,SUSPICIOUS_DATA_ACCESS,1
TRAIN_P2117,0.0283,0.0157,146,7,0,0,0,0,0,33,0.0121,0,4,1,377.03,NORMAL,0
TRAIN_P1835,0.0,0.0216,160,9,0,0,0,0,0,30,0.0145,0,4,1,364.6,NORMAL,0
TRAIN_P0794,0.0389,0.021,149,11,1,0,0,0,0,36,0.0244,0,4,1,397.13,NORMAL,0
TRAIN_P3316,0.0875,0.1299,2993,13,2,12,2,0,3,68,0.0508,40,9,3,738.34,DATA_EXFILTRATION,1
TRAIN_P0095,0.0764,0.0159,159,7,0,0,0,0,0,22,0.0173,0,4,1,368.24,NORMAL,0
TRAIN_P0130,0.0759,0.0211,117,9,1,0,0,0,0,22,0.0052,0,1,1,331.37,NORMAL,0
TRAIN_P2372,0.5259,0.08,186,11,0,0,0,0,1,49,0.3063,10,2,3,505.84,BRUTE_FORCE,1
TRAIN_P2686,0.0767,0.0778,349,14,5,0,0,0,0,50,0.0755,9,7,3,527.82,RECONNAISSANCE,1
TRAIN_P3484,0.1275,0.0672,1521,15,1,3,1,6,6,38,0.1261,26,11,3,536.15,PRIVILEGE_ABUSE,1
TRAIN_P2264,0.5209,0.0657,153,12,1,0,0,0,0,48,0.3285,14,5,1,250.56,BRUTE_FORCE,1
TRAIN_P1901,0.0254,0.0142,112,9,0,0,0,0,0,35,0.0078,0,4,1,392.85,NORMAL,0
TRAIN_P2630,0.0644,0.0527,275,22,7,1,1,0,0,72,0.1266,12,4,3,561.63,RECONNAISSANCE,1
TRAIN_P2867,0.0562,0.0944,2123,14,3,0,0,0,2,58,0.0289,21,6,3,616.36,SUSPICIOUS_DATA_ACCESS,1
TRAIN_P1933,0.0277,0.022,191,9,1,0,0,0,0,29,0.0047,0,4,1,341.32,NORMAL,0
TRAIN_P2578,0.1188,0.083,456,13,6,0,0,0,0,46,0.0972,19,6,2,494.21,RECONNAISSANCE,1
TRAIN_P1866,0.0274,0.023,140,9,0,0,0,0,0,16,0.0117,2,2,1,515.84,NORMAL,0
TRAIN_P1659,0.0631,0.0164,144,6,0,0,0,0,0,28,0.0219,0,2,2,325.6,NORMAL,0
TRAIN_P0517,0.0594,0.0115,158,7,0,0,0,0,0,30,0.0232,0,4,1,379.86,NORMAL,0
TRAIN_P1858,0.0391,0.0211,136,10,0,0,0,0,0,33,0.0117,0,2,1,328.66,NORMAL,0
TRAIN_P2244,0.525,0.0494,138,9,0,0,0,0,0,45,0.2934,9,3,1,384.36,BRUTE_FORCE,1
TRAIN_P1278,0.0339,0.0106,245,9,0,0,0,0,0,27,0.0151,0,3,1,273.42,NORMAL,0
TRAIN_P3469,0.0806,0.089,1906,13,5,1,0,6,5,53,0.0448,19,11,3,527.92,PRIVILEGE_ABUSE,1
TRAIN_P0951,0.0195,0.0271,157,9,0,0,0,0,0,20,0.0106,0,4,1,423.47,NORMAL,0
TRAIN_P1121,0.0229,0.0257,162,8,0,0,0,0,0,11,0.0207,0,3,1,336.04,NORMAL,0
TRAIN_P2205,0.6559,0.0357,188,10,0,0,0,0,0,38,0.3233,15,2,1,313.41,BRUTE_FORCE,1
TRAIN_P0420,0.0362,0.0125,204,8,0,0,0,0,0,16,0.0147,0,3,1,528.27,NORMAL,0
TRAIN_P0923,0.0353,0.0251,134,9,0,0,0,0,0,23,0.0094,0,5,1,378.97,NORMAL,0
TRAIN_P2642,0.029,0.062,325,16,12,0,0,0,1,47,0.156,8,6,2,373.02,RECONNAISSANCE,1
TRAIN_P0478,0.0226,0.0253,111,9,0,0,0,0,0,18,0.0194,0,3,1,391.82,NORMAL,0
TRAIN_P2036,0.0419,0.0156,195,10,0,0,0,0,0,36,0.0093,0,3,1,430.28,NORMAL,0
TRAIN_P2944,0.0647,0.0855,2715,11,1,0,1,0,1,60,0.031,23,6,2,739.3,SUSPICIOUS_DATA_ACCESS,1
TRAIN_P1693,0.0306,0.0208,115,7,0,0,0,0,0,30,0.0162,0,3,1,285.01,NORMAL,0
TRAIN_P2656,0.114,0.0518,355,12,5,0,0,0,0,21,0.0994,14,6,2,444.06,RECONNAISSANCE,1
TRAIN_P1472,0.0522,0.0202,141,8,1,0,0,0,0,20,0.0145,0,4,1,378.47,NORMAL,0
TRAIN_P1203,0.0414,0.0166,181,8,0,0,0,0,0,35,0.0114,0,2,1,442.09,NORMAL,0
TRAIN_P2439,0.4826,0.0571,209,7,0,0,0,0,2,50,0.314,14,4,1,468.96,BRUTE_FORCE,1
TRAIN_P1670,0.0512,0.0246,99,10,0,0,0,0,0,35,0.0098,0,5,1,380.02,NORMAL,0
TRAIN_P3330,0.0612,0.079,3692,14,3,16,6,0,2,78,0.0177,32,5,3,723.16,DATA_EXFILTRATION,1
TRAIN_P1971,0.0415,0.0124,126,12,0,0,0,0,1,11,0.015,0,5,1,337.3,NORMAL,0
TRAIN_P2152,0.0057,0.0209,143,8,1,0,0,0,0,24,0.0206,2,4,1,416.5,NORMAL,0
TRAIN_P0821,0.0619,0.0141,77,11,0,0,0,0,0,22,0.0172,0,2,1,310.54,NORMAL,0
TRAIN_P1998,0.0772,0.0212,172,9,2,0,0,0,0,27,0.0131,0,2,1,416.85,NORMAL,0
TRAIN_P3440,0.1059,0.082,1405,16,2,3,1,8,5,75,0.0952,13,9,3,379.87,PRIVILEGE_ABUSE,1
TRAIN_P1249,0.0495,0.0203,121,8,1,0,0,0,0,25,0.0183,0,2,1,312.12,NORMAL,0
TRAIN_P2638,0.1191,0.0962,423,11,6,1,0,0,1,43,0.0987,3,7,1,322.75,RECONNAISSANCE,1
TRAIN_P3189,0.0792,0.1275,3200,11,0,13,10,0,1,65,0.019,38,6,2,666.31,DATA_EXFILTRATION,1
TRAIN_P2191,0.4195,0.0565,222,10,1,0,0,0,0,49,0.3234,6,5,1,389.44,BRUTE_FORCE,1
TRAIN_P3132,0.0944,0.0994,3520,12,3,9,10,0,0,45,0.0,32,9,3,555.93,DATA_EXFILTRATION,1
TRAIN_P1047,0.055,0.0197,134,9,0,0,0,0,0,27,0.0216,0,3,1,457.61,NORMAL,0
TRAIN_P1889,0.0553,0.0278,170,9,0,0,1,0,0,32,0.0198,0,3,1,326.08,NORMAL,0
TRAIN_P2470,0.0831,0.0569,260,19,6,0,0,0,0,37,0.0674,8,4,1,477.26,RECONNAISSANCE,1
TRAIN_P0616,0.0358,0.0266,136,5,0,0,0,0,0,23,0.0179,0,2,1,289.99,NORMAL,0
TRAIN_P1319,0.0545,0.0245,106,10,1,0,0,0,0,26,0.0141,0,3,1,438.53,NORMAL,0
TRAIN_P3518,0.1533,0.0534,1326,13,3,1,0,3,1,33,0.1097,20,6,1,418.59,PRIVILEGE_ABUSE,1
TRAIN_P3497,0.0476,0.0578,2080,13,1,0,1,8,4,42,0.0641,34,11,3,277.53,PRIVILEGE_ABUSE,1
TRAIN_P3510,0.1963,0.0935,1435,17,5,2,1,8,5,46,0.061,18,3,4,529.29,PRIVILEGE_ABUSE,1
TRAIN_P2137,0.0752,0.0305,177,9,1,0,0,0,0,22,0.0121,0,4,1,280.87,NORMAL,0
TRAIN_P2941,0.0439,0.1015,2048,9,1,1,0,0,1,45,0.0551,20,11,2,545.81,SUSPICIOUS_DATA_ACCESS,1
TRAIN_P1773,0.0365,0.0291,134,8,0,0,0,0,0,17,0.0103,0,2,1,551.34,NORMAL,0
TRAIN_P3540,0.0815,0.0884,1336,15,6,1,1,11,3,33,0.0783,32,11,2,575.69,PRIVILEGE_ABUSE,1
TRAIN_P0132,0.0481,0.0199,113,9,0,0,0,0,0,27,0.0137,0,3,1,442.2,NORMAL,0
TRAIN_P0078,0.0225,0.0202,139,8,0,0,0,0,0,32,0.0181,0,5,1,453.97,NORMAL,0
TRAIN_P2053,0.0366,0.01,130,10,0,0,0,0,1,21,0.0114,0,4,1,378.66,NORMAL,0
TRAIN_P0725,0.0426,0.0147,166,10,0,0,0,0,0,31,0.0169,0,2,1,529.14,NORMAL,0
TRAIN_P1315,0.0257,0.025,161,6,0,0,0,0,0,13,0.0094,0,5,1,396.09,NORMAL,0
TRAIN_P1852,0.0576,0.0193,187,9,0,0,0,0,0,33,0.0175,0,5,1,224.77,NORMAL,0
TRAIN_P3503,0.1154,0.0624,1760,14,4,2,0,4,5,46,0.1219,6,9,4,539.6,PRIVILEGE_ABUSE,1
TRAIN_P2752,0.0412,0.0498,2213,15,3,0,1,0,2,45,0.0372,12,7,3,285.04,SUSPICIOUS_DATA_ACCESS,1
TRAIN_P2972,0.063,0.0996,2783,17,3,0,0,0,3,39,0.0268,19,6,3,419.36,SUSPICIOUS_DATA_ACCESS,1
TRAIN_P1373,0.0524,0.0337,121,9,0,0,0,0,0,9,0.015,0,3,1,381.07,NORMAL,0
TRAIN_P1856,0.006,0.0174,111,7,0,0,0,0,0,18,0.0138,0,4,1,375.54,NORMAL,0
TRAIN_P1320,0.0168,0.0272,132,7,0,0,0,0,0,23,0.0143,0,4,1,320.72,NORMAL,0
TRAIN_P3447,0.1135,0.0729,2183,14,1,3,1,5,3,58,0.1044,17,10,3,438.76,PRIVILEGE_ABUSE,1
TRAIN_P2608,0.1156,0.0924,453,13,9,0,0,0,1,41,0.1086,11,5,3,503.51,RECONNAISSANCE,1
TRAIN_P0376,0.0253,0.0185,114,8,0,0,0,0,0,42,0.0242,0,4,1,375.41,NORMAL,0
TRAIN_P1909,0.042,0.0244,124,9,0,0,0,0,0,27,0.0112,0,1,1,369.18,NORMAL,0
TRAIN_P0334,0.0388,0.0225,161,6,0,0,0,0,0,23,0.0124,0,3,1,220.47,NORMAL,0
TRAIN_P2705,0.0604,0.0492,338,15,6,0,0,0,0,44,0.1344,13,6,1,535.9,RECONNAISSANCE,1
TRAIN_P2758,0.0455,0.0669,1866,15,2,0,1,0,2,30,0.0608,26,10,3,447.79,SUSPICIOUS_DATA_ACCESS,1
TRAIN_P2366,0.7354,0.0599,250,12,0,0,0,0,0,34,0.3165,10,3,1,275.14,BRUTE_FORCE,1
TRAIN_P1605,0.0277,0.0253,94,7,0,0,0,0,0,34,0.0196,0,5,1,487.89,NORMAL,0
TRAIN_P1119,0.0379,0.0187,216,9,0,0,0,0,0,25,0.0119,0,5,1,254.44,NORMAL,0
TRAIN_P3394,0.0433,0.0958,1901,15,3,1,0,8,5,38,0.0474,26,8,2,353.5,PRIVILEGE_ABUSE,1
TRAIN_P1944,0.0544,0.0185,123,6,0,0,0,0,0,32,0.0122,0,2,1,460.17,NORMAL,0
TRAIN_P2715,0.0951,0.0789,210,12,7,0,1,0,0,34,0.1082,7,10,1,452.98,RECONNAISSANCE,1
TRAIN_P2377,0.5099,0.0514,185,11,0,0,0,0,0,37,0.2258,12,5,1,414.44,BRUTE_FORCE,1
TRAIN_P3017,0.0909,0.0967,2252,9,2,1,1,0,0,47,0.0,19,3,2,472.28,SUSPICIOUS_DATA_ACCESS,1
TRAIN_P1343,0.0459,0.0208,135,11,0,0,0,0,0,17,0.0201,0,3,1,454.19,NORMAL,0
TRAIN_P0321,0.0368,0.0169,110,7,2,0,0,0,1,34,0.0125,0,3,2,398.55,NORMAL,0
TRAIN_P1620,0.0135,0.0272,160,9,0,0,0,0,0,19,0.0165,0,2,2,432.91,NORMAL,0
TRAIN_P2925,0.0469,0.065,2227,8,1,2,0,0,1,47,0.0515,18,4,2,431.58,SUSPICIOUS_DATA_ACCESS,1
TRAIN_P2061,0.0314,0.0228,237,8,0,0,0,0,1,45,0.0055,0,1,1,387.79,NORMAL,0
TRAIN_P2220,0.4456,0.089,177,10,0,0,1,0,0,44,0.2992,13,2,3,366.49,BRUTE_FORCE,1
TRAIN_P1674,0.0621,0.018,155,12,0,0,0,0,0,16,0.0253,0,5,1,364.62,NORMAL,0
TRAIN_P1943,0.0594,0.0132,147,7,0,0,0,0,0,23,0.0145,0,1,1,318.35,NORMAL,0
TRAIN_P0261,0.0501,0.029,178,8,0,0,0,0,0,16,0.0212,0,5,1,333.68,NORMAL,0
TRAIN_P2814,0.0633,0.0752,2938,10,3,1,1,0,1,59,0.0274,18,6,2,341.51,SUSPICIOUS_DATA_ACCESS,1
TRAIN_P2040,0.0374,0.017,155,8,0,0,0,0,0,24,0.008,2,4,1,408.9,NORMAL,0
TRAIN_P0690,0.0774,0.0162,83,5,0,0,0,0,0,12,0.0059,0,5,1,357.48,NORMAL,0
TRAIN_P0902,0.0375,0.0169,152,8,0,0,0,0,0,34,0.0071,0,2,2,320.1,NORMAL,0
TRAIN_P2307,0.4585,0.0484,189,8,0,0,0,0,0,40,0.3532,16,4,1,524.5,BRUTE_FORCE,1
TRAIN_P2027,0.0368,0.0104,55,10,0,0,0,0,0,35,0.0228,0,1,1,286.51,NORMAL,0
TRAIN_P0139,0.0425,0.0228,151,11,0,0,0,0,0,20,0.0148,0,3,1,214.57,NORMAL,0
TRAIN_P1918,0.0243,0.0237,208,10,0,0,0,0,0,26,0.0076,0,2,1,290.02,NORMAL,0
TRAIN_P1829,0.0474,0.0094,188,7,0,0,0,0,0,11,0.0079,0,3,1,300.07,NORMAL,0
TRAIN_P1574,0.0855,0.0238,139,7,0,0,0,0,0,21,0.0097,0,3,1,272.07,NORMAL,0
TRAIN_P0320,0.0364,0.0208,156,9,0,0,0,0,0,33,0.0189,0,4,1,332.81,NORMAL,0
TRAIN_P0654,0.0715,0.0183,116,10,0,0,0,0,0,26,0.0208,0,3,1,436.61,NORMAL,0
TRAIN_P2138,0.0339,0.0251,113,7,1,1,0,0,0,36,0.0173,1,2,1,405.83,NORMAL,0
TRAIN_P2779,0.0453,0.104,1736,13,3,2,1,0,1,53,0.0804,18,8,1,480.72,SUSPICIOUS_DATA_ACCESS,1
TRAIN_P0559,0.0288,0.0203,178,6,1,0,0,0,0,28,0.0176,0,1,1,411.65,NORMAL,0
TRAIN_P2188,0.6583,0.0724,227,10,0,0,0,0,0,41,0.2831,12,6,1,317.79,BRUTE_FORCE,1
TRAIN_P0113,0.0465,0.0202,146,8,0,0,0,0,0,28,0.0186,0,4,1,588.13,NORMAL,0
TRAIN_P0532,0.0595,0.0143,106,10,0,0,0,0,0,23,0.022,0,5,1,409.78,NORMAL,0
TRAIN_P0225,0.0295,0.0269,134,9,0,0,0,0,0,31,0.0161,0,3,1,380.15,NORMAL,0
TRAIN_P0724,0.0486,0.022,150,10,0,0,0,0,0,40,0.01,0,3,1,346.19,NORMAL,0
TRAIN_P2904,0.0608,0.0762,2114,16,1,0,1,0,1,47,0.0238,19,7,2,510.05,SUSPICIOUS_DATA_ACCESS,1
TRAIN_P3077,0.0431,0.0472,2071,11,2,2,0,0,3,45,0.0472,12,10,3,669.84,SUSPICIOUS_DATA_ACCESS,1
TRAIN_P1434,0.0541,0.0142,124,10,0,0,0,0,0,26,0.0192,0,7,1,342.59,NORMAL,0
TRAIN_P2374,0.5674,0.064,177,6,0,0,0,0,1,36,0.3064,15,5,1,349.22,BRUTE_FORCE,1
TRAIN_P2788,0.0486,0.0981,1824,14,2,1,0,0,0,72,0.0522,21,8,3,693.3,SUSPICIOUS_DATA_ACCESS,1
TRAIN_P2869,0.0428,0.0971,2054,14,1,2,1,0,1,61,0.0542,13,4,1,434.44,SUSPICIOUS_DATA_ACCESS,1
TRAIN_P1459,0.0502,0.0216,170,9,0,0,0,0,0,24,0.0113,0,4,1,247.68,NORMAL,0
TRAIN_P3237,0.0897,0.1118,2947,12,0,18,7,0,1,50,0.0334,25,8,2,577.85,DATA_EXFILTRATION,1
TRAIN_P0847,0.0304,0.0212,184,10,0,0,0,0,0,25,0.0174,0,5,1,369.87,NORMAL,0
TRAIN_P0194,0.0077,0.0098,171,9,0,0,0,0,0,19,0.015,0,3,1,495.49,NORMAL,0
TRAIN_P1465,0.0601,0.0246,147,8,1,0,0,0,0,21,0.0138,0,3,1,340.13,NORMAL,0
TRAIN_P0947,0.041,0.0139,110,12,0,0,0,0,0,32,0.0052,0,4,1,404.24,NORMAL,0
TRAIN_P2022,0.0615,0.0131,206,11,0,0,0,0,0,22,0.022,0,4,1,328.3,NORMAL,0
TRAIN_P2552,0.0436,0.0693,389,18,8,0,0,0,1,59,0.0758,12,6,2,606.11,RECONNAISSANCE,1
TRAIN_P1630,0.059,0.0154,137,12,0,0,0,0,0,33,0.0194,0,4,1,292.28,NORMAL,0
TRAIN_P0118,0.059,0.0234,40,10,0,0,0,0,0,28,0.0082,0,2,1,528.33,NORMAL,0
TRAIN_P0646,0.0096,0.009,223,9,0,0,0,0,0,41,0.0111,0,4,1,555.23,NORMAL,0
TRAIN_P1871,0.0113,0.0186,150,8,0,0,0,0,0,39,0.0133,0,1,1,373.8,NORMAL,0
TRAIN_P0004,0.0548,0.0209,145,8,0,0,0,0,0,27,0.0062,0,4,1,451.02,NORMAL,0
TRAIN_P0075,0.0492,0.023,112,9,0,0,0,0,0,16,0.0148,0,3,1,524.08,NORMAL,0
TRAIN_P1756,0.0673,0.0165,197,8,0,0,0,0,0,42,0.02,0,4,1,339.44,NORMAL,0
TRAIN_P0468,0.0798,0.022,213,8,0,0,0,0,0,29,0.0165,0,5,1,282.15,NORMAL,0
TRAIN_P0006,0.0472,0.0277,148,11,0,0,0,0,0,25,0.0135,0,5,1,381.52,NORMAL,0
TRAIN_P1247,0.0152,0.0171,200,9,0,0,0,0,0,30,0.02,0,4,1,392.51,NORMAL,0
TRAIN_P0920,0.0104,0.0223,207,8,0,0,0,0,0,24,0.0066,0,3,1,389.84,NORMAL,0
TRAIN_P2596,0.0705,0.0656,400,17,10,0,0,0,1,36,0.1177,7,5,2,644.13,RECONNAISSANCE,1
TRAIN_P0229,0.0598,0.0252,106,7,0,0,0,0,0,21,0.0092,0,4,1,288.18,NORMAL,0
TRAIN_P1064,0.0357,0.0243,135,9,0,0,0,0,0,19,0.0193,0,2,2,410.53,NORMAL,0
TRAIN_P2591,0.0537,0.0705,267,18,9,0,0,0,0,53,0.147,6,6,2,355.0,RECONNAISSANCE,1
TRAIN_P0243,0.0,0.0263,136,8,0,0,0,0,0,18,0.0139,0,5,1,512.43,NORMAL,0
TRAIN_P3173,0.0929,0.0956,3283,11,0,12,5,0,1,55,0.0494,37,6,2,533.76,DATA_EXFILTRATION,1
TRAIN_P1161,0.0,0.0182,182,8,0,0,0,0,0,25,0.0226,0,6,2,273.2,NORMAL,0
TRAIN_P3009,0.0988,0.1117,2192,13,4,1,1,0,3,70,0.0253,17,5,2,605.99,SUSPICIOUS_DATA_ACCESS,1
TRAIN_P3569,0.0615,0.085,2185,13,2,2,2,5,2,67,0.0975,24,11,2,573.03,PRIVILEGE_ABUSE,1
TRAIN_P2564,0.078,0.0571,310,19,4,0,0,0,0,45,0.075,8,9,1,521.16,RECONNAISSANCE,1
TRAIN_P1527,0.009,0.0217,212,9,0,0,0,0,0,30,0.0169,0,4,2,281.33,NORMAL,0
TRAIN_P1606,0.0453,0.0264,180,6,0,0,0,0,0,29,0.0196,0,3,1,371.51,NORMAL,0
TRAIN_P3342,0.0507,0.0893,2613,11,2,17,7,0,3,67,0.0228,45,9,3,657.26,DATA_EXFILTRATION,1
TRAIN_P3572,0.0816,0.066,1910,14,3,0,0,6,2,51,0.1141,28,10,3,520.92,PRIVILEGE_ABUSE,1
TRAIN_P2786,0.0737,0.0663,2955,10,2,1,0,0,4,63,0.0548,14,8,3,767.75,SUSPICIOUS_DATA_ACCESS,1
TRAIN_P3047,0.0581,0.0469,2537,13,3,0,0,0,0,48,0.0333,17,6,3,446.56,SUSPICIOUS_DATA_ACCESS,1
TRAIN_P1990,0.0504,0.0221,144,7,0,0,0,0,0,19,0.0103,0,5,1,305.22,NORMAL,0
TRAIN_P2863,0.0431,0.0815,2375,15,3,0,0,0,1,36,0.0365,17,7,3,591.87,SUSPICIOUS_DATA_ACCESS,1
TRAIN_P2363,0.5156,0.0679,130,10,0,0,0,0,1,46,0.429,11,5,1,440.36,BRUTE_FORCE,1
TRAIN_P1976,0.0691,0.0145,142,8,0,0,0,0,0,19,0.0148,1,4,2,302.48,NORMAL,0
TRAIN_P1762,0.042,0.0085,183,9,0,0,0,0,0,10,0.0177,2,2,1,344.77,NORMAL,0
TRAIN_P1306,0.0842,0.0257,125,8,0,0,0,0,0,29,0.0137,0,3,1,363.01,NORMAL,0
TRAIN_P1542,0.0569,0.0207,173,7,0,0,0,0,0,24,0.0222,0,2,1,412.02,NORMAL,0
TRAIN_P2473,0.068,0.0639,322,13,5,0,0,0,1,45,0.1216,11,4,1,598.49,RECONNAISSANCE,1
TRAIN_P0623,0.0217,0.0199,118,9,0,0,0,0,0,22,0.0159,0,5,1,378.06,NORMAL,0
TRAIN_P2770,0.046,0.0475,2500,10,5,2,0,0,4,47,0.0341,15,6,2,634.79,SUSPICIOUS_DATA_ACCESS,1
TRAIN_P1494,0.0435,0.0217,91,9,0,0,0,0,0,41,0.0036,0,4,2,477.29,NORMAL,0
TRAIN_P0111,0.0508,0.0254,135,7,1,0,0,0,0,41,0.0095,1,3,1,353.48,NORMAL,0
TRAIN_P2276,0.5489,0.067,170,11,1,0,0,0,0,47,0.3311,15,3,1,437.11,BRUTE_FORCE,1
TRAIN_P2718,0.072,0.0797,190,14,9,0,0,0,0,37,0.1204,7,3,2,531.57,RECONNAISSANCE,1
TRAIN_P1170,0.0553,0.0206,109,8,0,0,0,0,0,11,0.0068,0,4,1,379.49,NORMAL,0
TRAIN_P2942,0.0709,0.0987,2171,11,5,1,0,0,1,45,0.0486,13,5,2,656.59,SUSPICIOUS_DATA_ACCESS,1
TRAIN_P0233,0.0375,0.0205,104,12,0,1,0,0,0,37,0.018,0,4,1,546.46,NORMAL,0
TRAIN_P0067,0.0441,0.0124,211,11,0,0,0,0,0,27,0.0167,0,2,1,388.38,NORMAL,0
TRAIN_P3244,0.0522,0.1188,3219,16,5,12,6,1,4,68,0.0167,34,8,2,571.36,DATA_EXFILTRATION,1
TRAIN_P2073,0.0513,0.024,191,9,0,0,0,0,0,29,0.0044,0,5,1,471.36,NORMAL,0
TRAIN_P2193,0.6129,0.0951,171,15,1,0,0,0,0,33,0.2868,10,5,1,554.86,BRUTE_FORCE,1
TRAIN_P0537,0.0176,0.0162,151,6,0,0,0,0,0,20,0.0195,0,5,1,365.68,NORMAL,0
TRAIN_P0126,0.0303,0.0152,154,11,0,0,0,0,0,22,0.0072,1,3,2,321.13,NORMAL,0
TRAIN_P2134,0.0629,0.0181,193,8,0,0,0,0,0,18,0.0127,2,4,1,442.19,NORMAL,0
TRAIN_P1255,0.0569,0.0174,125,7,0,0,0,0,0,31,0.0151,0,4,1,398.96,NORMAL,0
TRAIN_P2970,0.0104,0.0683,2980,9,1,0,0,0,3,56,0.0133,17,6,2,560.14,SUSPICIOUS_DATA_ACCESS,1
TRAIN_P1977,0.02,0.0235,210,11,0,0,0,0,0,21,0.0104,0,2,1,379.11,NORMAL,0
TRAIN_P2943,0.0438,0.1082,2518,11,1,1,0,0,1,59,0.0425,18,4,1,669.79,SUSPICIOUS_DATA_ACCESS,1
TRAIN_P2848,0.0722,0.0925,1965,13,2,2,0,0,1,50,0.0274,10,5,2,613.89,SUSPICIOUS_DATA_ACCESS,1
TRAIN_P2076,0.0628,0.0139,182,6,0,0,0,0,0,15,0.0173,0,4,1,253.04,NORMAL,0
TRAIN_P0485,0.0114,0.0176,138,8,0,0,0,0,0,20,0.0095,0,4,1,457.91,NORMAL,0
TRAIN_P1655,0.0761,0.0185,181,5,0,0,0,0,0,28,0.0235,0,3,1,180.0,NORMAL,0
TRAIN_P3207,0.0652,0.0988,3095,17,1,14,9,0,3,60,0.038,37,9,2,801.54,DATA_EXFILTRATION,1
TRAIN_P2719,0.0753,0.0488,357,16,9,0,0,0,1,56,0.1405,7,5,2,472.72,RECONNAISSANCE,1
TRAIN_P2878,0.0588,0.0685,1738,17,3,1,0,0,2,41,0.0353,13,8,2,712.16,SUSPICIOUS_DATA_ACCESS,1
TRAIN_P1775,0.0151,0.0204,136,8,0,0,0,0,0,10,0.0178,0,4,1,449.47,NORMAL,0
TRAIN_P2411,0.5631,0.0647,187,10,0,0,0,0,0,18,0.2801,18,5,1,470.56,BRUTE_FORCE,1
TRAIN_P0919,0.053,0.0151,114,10,0,1,0,0,0,36,0.0139,0,5,2,413.66,NORMAL,0
TRAIN_P1647,0.0411,0.0181,191,10,0,0,0,0,0,20,0.013,0,3,1,344.14,NORMAL,0
TRAIN_P1027,0.0289,0.0226,167,10,0,0,0,0,0,32,0.0142,0,3,2,380.78,NORMAL,0
TRAIN_P1031,0.0336,0.0208,196,10,1,0,0,0,0,21,0.0141,0,3,1,424.78,NORMAL,0
TRAIN_P0883,0.0558,0.0202,122,8,0,0,0,0,0,34,0.0173,0,5,1,400.16,NORMAL,0
TRAIN_P1336,0.0441,0.0222,219,6,0,0,0,0,0,18,0.0128,0,3,1,376.12,NORMAL,0
TRAIN_P2666,0.0503,0.0715,393,16,10,0,0,0,0,52,0.1475,3,4,1,356.9,RECONNAISSANCE,1
TRAIN_P0365,0.035,0.0231,151,9,0,0,0,0,0,26,0.011,0,3,1,435.01,NORMAL,0
TRAIN_P2126,0.0161,0.0201,120,10,0,0,0,0,0,21,0.0107,0,4,1,411.93,NORMAL,0
TRAIN_P0028,0.0465,0.0159,170,11,1,0,0,0,0,26,0.0151,0,4,1,384.35,NORMAL,0
TRAIN_P0474,0.0708,0.0224,242,9,0,0,0,0,0,15,0.0095,0,4,2,259.32,NORMAL,0
TRAIN_P0526,0.0385,0.025,158,10,0,0,0,0,0,36,0.0153,0,3,2,362.12,NORMAL,0
TRAIN_P0726,0.0616,0.0196,144,6,0,0,0,0,0,21,0.013,0,7,1,428.59,NORMAL,0
TRAIN_P0056,0.0327,0.0197,162,6,0,0,0,0,0,25,0.0167,0,2,1,424.15,NORMAL,0
TRAIN_P0639,0.0337,0.0187,233,9,0,0,0,0,0,25,0.026,0,3,1,315.88,NORMAL,0
TRAIN_P0303,0.0306,0.0179,140,9,0,0,0,0,1,29,0.0225,0,2,1,364.3,NORMAL,0
TRAIN_P3126,0.0692,0.1407,2672,14,2,17,4,0,3,59,0.0402,45,11,3,744.99,DATA_EXFILTRATION,1
TRAIN_P1277,0.0598,0.0203,97,9,1,0,0,0,0,41,0.0062,0,2,1,351.55,NORMAL,0
TRAIN_P3410,0.1539,0.0983,1814,14,4,2,0,6,3,73,0.0872,16,8,4,409.98,PRIVILEGE_ABUSE,1
TRAIN_P0625,0.0536,0.0233,196,9,0,0,0,0,0,13,0.0128,0,6,1,458.23,NORMAL,0
TRAIN_P2056,0.0276,0.0252,201,8,0,0,0,0,0,24,0.0075,0,2,1,419.48,NORMAL,0
TRAIN_P1281,0.0498,0.019,164,8,0,0,0,0,0,33,0.015,0,3,1,454.48,NORMAL,0
TRAIN_P1050,0.0424,0.019,167,9,0,0,0,0,0,32,0.0142,0,3,1,365.13,NORMAL,0
TRAIN_P0337,0.0315,0.0132,111,10,0,0,0,0,1,19,0.0187,0,2,1,308.57,NORMAL,0
TRAIN_P0048,0.0436,0.0332,141,9,1,0,0,0,0,26,0.0172,0,6,1,487.63,NORMAL,0
TRAIN_P0107,0.0395,0.0153,132,7,0,0,0,0,0,36,0.014,0,5,1,290.33,NORMAL,0
TRAIN_P2398,0.6506,0.0719,161,10,1,0,0,0,0,39,0.3219,6,8,1,279.96,BRUTE_FORCE,1
TRAIN_P1080,0.0566,0.0136,69,10,0,0,0,0,0,28,0.0123,0,3,1,373.51,NORMAL,0
TRAIN_P2287,0.6197,0.0579,163,9,0,0,0,0,2,35,0.3942,9,4,1,602.66,BRUTE_FORCE,1
TRAIN_P2262,0.4946,0.0808,210,8,0,0,0,0,0,27,0.2606,9,2,1,492.1,BRUTE_FORCE,1
TRAIN_P1145,0.0503,0.0133,110,12,0,0,0,0,0,28,0.0161,0,5,1,459.22,NORMAL,0
TRAIN_P2857,0.0561,0.0915,1953,11,2,0,1,0,1,64,0.0269,21,3,3,716.22,SUSPICIOUS_DATA_ACCESS,1
TRAIN_P2297,0.5561,0.0799,168,10,2,0,0,0,1,41,0.3136,18,2,1,466.91,BRUTE_FORCE,1
TRAIN_P1837,0.0578,0.0255,172,7,0,0,0,0,0,21,0.0157,0,3,1,267.11,NORMAL,0
TRAIN_P1754,0.0352,0.0218,138,10,0,0,0,0,0,35,0.0133,0,5,1,455.62,NORMAL,0
TRAIN_P1102,0.0422,0.0282,108,9,0,0,0,0,0,14,0.0223,0,1,1,487.87,NORMAL,0
TRAIN_P1969,0.0327,0.0223,159,7,0,0,0,0,0,14,0.0112,0,3,2,384.41,NORMAL,0
TRAIN_P2785,0.0526,0.1023,2938,11,3,1,1,0,1,54,0.019,13,6,3,807.18,SUSPICIOUS_DATA_ACCESS,1
TRAIN_P3289,0.085,0.1367,2989,13,0,13,5,0,1,57,0.0314,38,10,3,726.1,DATA_EXFILTRATION,1
TRAIN_P0524,0.0555,0.0209,115,8,0,0,0,0,0,24,0.019,0,1,1,268.03,NORMAL,0
TRAIN_P2281,0.4779,0.0642,87,8,2,1,0,0,0,17,0.3115,15,4,1,420.05,BRUTE_FORCE,1
TRAIN_P2693,0.1524,0.067,229,15,9,0,0,0,2,54,0.0719,11,6,2,476.12,RECONNAISSANCE,1
TRAIN_P1429,0.0573,0.0126,106,8,0,0,0,0,0,34,0.0223,0,5,1,309.97,NORMAL,0
TRAIN_P2582,0.0391,0.0699,431,13,10,0,0,0,1,67,0.0977,12,6,2,399.69,RECONNAISSANCE,1
TRAIN_P3125,0.0653,0.1097,3169,16,2,13,6,0,0,71,0.0286,40,9,2,751.05,DATA_EXFILTRATION,1
TRAIN_P0604,0.0354,0.0207,150,6,0,0,0,0,0,25,0.0063,0,4,1,429.21,NORMAL,0
TRAIN_P1490,0.0375,0.0304,80,8,0,0,0,0,0,27,0.0116,0,2,1,361.53,NORMAL,0
TRAIN_P2811,0.0577,0.0669,1967,13,4,1,0,0,3,61,0.0383,14,6,3,486.36,SUSPICIOUS_DATA_ACCESS,1
TRAIN_P2921,0.0466,0.1342,2084,13,3,1,2,0,2,53,0.0633,17,8,2,690.52,SUSPICIOUS_DATA_ACCESS,1
TRAIN_P0061,0.0309,0.0232,88,12,2,0,0,0,0,31,0.0157,0,2,2,464.25,NORMAL,0
TRAIN_P3296,0.0733,0.143,3557,12,1,13,6,0,1,50,0.0464,48,6,1,636.74,DATA_EXFILTRATION,1
TRAIN_P0672,0.0154,0.0173,135,11,0,0,0,0,0,25,0.014,0,2,1,286.58,NORMAL,0
TRAIN_P0093,0.0373,0.0192,111,9,0,0,0,0,0,36,0.0146,0,4,2,345.65,NORMAL,0
TRAIN_P0667,0.04,0.0166,207,6,0,0,0,0,0,26,0.0135,0,3,1,412.47,NORMAL,0
TRAIN_P1888,0.0504,0.0215,170,7,0,0,0,0,0,24,0.0084,1,5,1,262.57,NORMAL,0
TRAIN_P0281,0.0667,0.0259,145,10,0,0,0,0,0,30,0.0132,0,4,1,361.8,NORMAL,0
TRAIN_P1720,0.0305,0.021,167,8,0,0,0,0,0,28,0.0078,0,4,1,289.16,NORMAL,0
TRAIN_P0360,0.0442,0.0151,149,10,0,0,0,0,0,21,0.0096,0,3,1,331.14,NORMAL,0
TRAIN_P0900,0.0316,0.0201,126,9,0,0,0,0,0,23,0.0173,0,4,1,337.94,NORMAL,0
TRAIN_P1936,0.0147,0.0291,150,8,1,0,0,0,0,31,0.0198,1,4,1,403.55,NORMAL,0
TRAIN_P1995,0.027,0.0215,127,8,0,0,0,0,0,28,0.0128,0,2,1,366.65,NORMAL,0
TRAIN_P2769,0.0339,0.0897,2612,12,1,1,1,0,1,69,0.0401,25,9,2,630.08,SUSPICIOUS_DATA_ACCESS,1
TRAIN_P0761,0.0308,0.0252,180,8,0,0,0,0,0,26,0.0166,0,4,2,525.25,NORMAL,0
TRAIN_P2159,0.0362,0.0308,132,11,0,0,0,0,0,25,0.0016,0,5,1,412.92,NORMAL,0
TRAIN_P3142,0.076,0.1351,3207,14,2,12,8,0,4,65,0.0055,20,9,2,785.61,DATA_EXFILTRATION,1
TRAIN_P0043,0.0621,0.0239,121,12,0,0,0,0,0,26,0.0154,0,4,1,367.55,NORMAL,0
TRAIN_P2174,0.5301,0.0636,188,13,1,0,0,0,0,17,0.228,14,3,1,381.24,BRUTE_FORCE,1
TRAIN_P0205,0.0311,0.0176,161,9,1,0,0,0,0,26,0.0197,0,3,1,282.63,NORMAL,0
TRAIN_P1474,0.0324,0.0208,185,10,0,0,0,0,0,21,0.0106,1,4,1,380.26,NORMAL,0
TRAIN_P2101,0.0082,0.0203,148,9,0,0,0,0,0,13,0.0146,0,2,1,424.53,NORMAL,0
TRAIN_P2594,0.0768,0.0741,283,15,5,0,0,0,1,54,0.1176,12,5,2,431.34,RECONNAISSANCE,1
TRAIN_P0069,0.0536,0.0292,173,8,0,0,0,0,0,31,0.0175,0,5,1,502.54,NORMAL,0
TRAIN_P1876,0.0311,0.0171,181,8,0,0,0,0,0,22,0.0144,0,3,1,365.64,NORMAL,0
TRAIN_P3417,0.156,0.0805,1401,23,5,0,0,3,3,62,0.1063,24,8,5,533.74,PRIVILEGE_ABUSE,1
TRAIN_P2232,0.5108,0.0796,73,10,1,0,0,0,0,16,0.3442,15,6,2,459.16,BRUTE_FORCE,1
TRAIN_P0138,0.0502,0.0269,144,10,0,0,0,0,0,25,0.007,0,3,1,187.78,NORMAL,0
TRAIN_P0797,0.0221,0.0145,90,9,1,0,0,0,0,12,0.0192,0,3,2,440.5,NORMAL,0
TRAIN_P2181,0.464,0.0578,210,10,0,0,0,0,1,39,0.2875,14,5,1,467.06,BRUTE_FORCE,1
TRAIN_P2129,0.0272,0.0234,178,9,0,0,0,0,0,23,0.0285,0,3,1,425.6,NORMAL,0
TRAIN_P0759,0.04,0.0131,131,9,0,0,0,0,0,35,0.0143,0,4,1,292.68,NORMAL,0
TRAIN_P0542,0.0263,0.0258,192,7,0,0,0,0,0,27,0.0118,0,3,1,517.13,NORMAL,0
TRAIN_P1020,0.0339,0.0337,168,11,0,0,0,0,0,23,0.0109,0,5,1,340.44,NORMAL,0
TRAIN_P2744,0.0748,0.0894,2892,8,2,0,1,0,1,90,0.0322,18,6,2,430.42,SUSPICIOUS_DATA_ACCESS,1
TRAIN_P0166,0.0556,0.008,146,9,0,0,0,0,0,33,0.0114,0,4,1,381.57,NORMAL,0
TRAIN_P0249,0.0161,0.0245,185,11,1,0,0,0,0,12,0.0056,0,5,1,396.78,NORMAL,0
TRAIN_P1332,0.0541,0.0212,148,9,0,1,0,0,1,10,0.026,0,2,1,435.21,NORMAL,0
TRAIN_P2018,0.0301,0.0295,124,8,0,0,0,0,0,25,0.0169,0,4,1,424.22,NORMAL,0
TRAIN_P0447,0.0479,0.0179,168,8,0,0,0,0,0,21,0.0236,0,4,1,297.3,NORMAL,0
TRAIN_P2483,0.0827,0.0515,391,14,9,0,0,0,1,49,0.0587,13,5,1,460.32,RECONNAISSANCE,1
TRAIN_P1359,0.0123,0.0261,65,8,0,0,0,0,0,31,0.0144,0,3,1,333.71,NORMAL,0
TRAIN_P2146,0.0502,0.0202,158,10,0,0,0,0,0,33,0.0132,1,2,1,191.9,NORMAL,0
TRAIN_P1330,0.0224,0.0249,101,8,2,0,0,0,0,35,0.0119,0,3,1,429.16,NORMAL,0
TRAIN_P3490,0.1892,0.0418,2006,17,2,1,2,4,4,43,0.107,33,6,4,637.61,PRIVILEGE_ABUSE,1
TRAIN_P2151,0.0178,0.0228,189,10,0,0,0,0,0,26,0.019,0,6,1,365.91,NORMAL,0
TRAIN_P0435,0.0191,0.0199,125,10,1,0,0,0,0,33,0.0185,0,3,1,387.43,NORMAL,0
TRAIN_P2123,0.0,0.0267,159,9,0,0,0,0,0,25,0.0206,0,3,1,448.2,NORMAL,0
TRAIN_P0578,0.0337,0.016,140,9,0,0,0,0,0,28,0.0192,0,3,1,476.53,NORMAL,0
TRAIN_P2862,0.051,0.0603,2052,7,3,1,0,0,3,55,0.0064,21,4,3,640.61,SUSPICIOUS_DATA_ACCESS,1
TRAIN_P3288,0.0804,0.1188,3072,17,1,9,6,0,2,62,0.0551,43,5,2,834.1,DATA_EXFILTRATION,1
TRAIN_P2449,0.0577,0.0771,333,14,5,0,0,0,0,56,0.0991,12,6,1,388.4,RECONNAISSANCE,1
TRAIN_P1849,0.0399,0.0273,120,7,0,0,0,0,1,26,0.0092,1,3,1,454.06,NORMAL,0
TRAIN_P0763,0.0178,0.0216,88,9,0,0,0,0,0,31,0.0167,0,5,1,409.71,NORMAL,0
TRAIN_P0389,0.0558,0.0248,163,6,1,0,0,0,0,22,0.0099,1,4,1,348.63,NORMAL,0
TRAIN_P0236,0.0096,0.0058,131,9,0,0,0,0,0,10,0.0131,1,4,1,536.57,NORMAL,0
TRAIN_P3123,0.0665,0.1294,2771,11,1,15,7,0,2,57,0.0245,31,8,2,674.02,DATA_EXFILTRATION,1
TRAIN_P1985,0.042,0.0119,87,9,0,0,0,0,0,23,0.0248,1,4,1,344.78,NORMAL,0
TRAIN_P0268,0.0451,0.0269,167,10,0,0,0,0,1,43,0.0194,0,5,1,534.83,NORMAL,0
TRAIN_P0771,0.0451,0.0144,200,10,0,0,0,0,0,21,0.0136,0,5,1,490.46,NORMAL,0
TRAIN_P2166,0.5661,0.0842,159,9,0,0,0,0,0,23,0.3604,14,5,2,414.17,BRUTE_FORCE,1
TRAIN_P0438,0.0111,0.0234,169,8,0,0,0,0,0,25,0.0081,0,4,2,521.32,NORMAL,0
TRAIN_P0674,0.0559,0.0185,139,8,0,0,0,0,0,34,0.0192,0,4,1,390.11,NORMAL,0
TRAIN_P0250,0.0586,0.0227,208,9,0,0,0,0,0,30,0.0114,0,5,1,416.1,NORMAL,0
TRAIN_P2202,0.6119,0.0836,160,12,1,0,0,0,0,41,0.2643,17,5,1,435.31,BRUTE_FORCE,1
TRAIN_P1575,0.0284,0.017,150,9,0,0,0,0,0,24,0.0222,0,4,1,224.66,NORMAL,0
TRAIN_P2143,0.0346,0.0104,185,10,0,0,0,0,0,20,0.0176,0,4,2,385.45,NORMAL,0
TRAIN_P2082,0.0264,0.0088,135,7,0,0,0,0,0,28,0.0207,1,3,1,340.11,NORMAL,0
TRAIN_P3137,0.0876,0.0799,3462,14,2,12,5,0,4,63,0.0452,23,11,4,627.02,DATA_EXFILTRATION,1
TRAIN_P3075,0.0288,0.1059,2698,15,2,0,0,0,2,50,0.0279,16,7,1,465.85,SUSPICIOUS_DATA_ACCESS,1
TRAIN_P3286,0.0769,0.1151,3622,16,2,10,5,0,3,71,0.0206,21,10,4,872.8,DATA_EXFILTRATION,1
TRAIN_P0449,0.0274,0.0205,163,7,0,0,0,0,0,21,0.016,0,2,2,377.88,NORMAL,0
TRAIN_P1470,0.0012,0.0143,175,7,0,0,0,0,0,24,0.0167,0,1,1,337.11,NORMAL,0
TRAIN_P0717,0.0733,0.0176,130,8,0,0,0,0,0,33,0.0058,0,4,2,390.38,NORMAL,0
TRAIN_P3106,0.1135,0.1429,2932,13,1,10,6,0,3,69,0.0284,17,5,3,899.79,DATA_EXFILTRATION,1
TRAIN_P3133,0.1072,0.0932,3288,19,1,12,7,0,2,55,0.0439,23,7,1,576.21,DATA_EXFILTRATION,1
TRAIN_P2049,0.0396,0.0207,226,9,0,0,0,0,0,26,0.018,0,5,1,419.64,NORMAL,0
TRAIN_P1902,0.0362,0.024,107,11,0,0,0,0,0,36,0.02,0,4,1,393.33,NORMAL,0
TRAIN_P2988,0.0509,0.0693,2851,11,1,1,0,0,3,64,0.0138,24,10,3,708.86,SUSPICIOUS_DATA_ACCESS,1
TRAIN_P1169,0.0439,0.0245,142,9,0,0,0,0,0,31,0.0155,0,2,1,246.9,NORMAL,0
TRAIN_P0083,0.0465,0.0185,83,8,1,0,0,0,0,15,0.0166,0,2,1,472.87,NORMAL,0
TRAIN_P2899,0.0298,0.0529,2351,13,4,0,0,0,2,44,0.0418,20,6,3,477.19,SUSPICIOUS_DATA_ACCESS,1
TRAIN_P2725,0.0888,0.025,257,17,7,0,0,0,0,31,0.1174,8,6,2,483.26,RECONNAISSANCE,1
TRAIN_P1461,0.038,0.0143,184,11,0,0,0,0,0,18,0.0142,0,5,1,350.48,NORMAL,0
TRAIN_P1894,0.0086,0.0277,199,10,0,0,0,0,0,22,0.0206,0,3,1,431.1,NORMAL,0
TRAIN_P1669,0.0436,0.0162,201,11,2,0,0,0,0,33,0.0203,0,4,1,390.69,NORMAL,0
TRAIN_P2757,0.0378,0.0839,3301,13,3,0,1,0,2,54,0.0474,8,6,1,583.47,SUSPICIOUS_DATA_ACCESS,1
TRAIN_P2001,0.0283,0.005,248,8,0,1,0,0,0,15,0.0207,0,5,1,241.86,NORMAL,0
TRAIN_P0476,0.0141,0.0167,119,8,1,0,0,0,0,25,0.0165,1,3,2,310.3,NORMAL,0
TRAIN_P0518,0.0,0.0294,152,6,0,0,0,0,0,16,0.0143,0,4,1,496.43,NORMAL,0
TRAIN_P0405,0.0226,0.0199,155,13,0,0,0,0,0,24,0.0151,0,2,1,492.33,NORMAL,0
TRAIN_P0385,0.0529,0.0246,130,7,0,0,0,0,1,20,0.0216,0,4,1,448.53,NORMAL,0
TRAIN_P3211,0.0784,0.118,3599,12,1,16,7,1,2,60,0.0038,44,6,3,478.69,DATA_EXFILTRATION,1
TRAIN_P2153,0.0378,0.0145,117,9,0,0,0,0,0,26,0.0133,0,2,1,449.2,NORMAL,0
TRAIN_P1634,0.0526,0.0212,181,8,0,0,0,0,0,25,0.0171,0,5,1,395.13,NORMAL,0
TRAIN_P3430,0.102,0.0739,1423,15,2,2,1,8,2,60,0.0984,20,10,4,603.39,PRIVILEGE_ABUSE,1
TRAIN_P0689,0.0702,0.0122,164,9,1,0,0,0,0,16,0.0134,0,3,1,389.72,NORMAL,0
TRAIN_P1241,0.0148,0.022,120,7,0,0,0,0,0,29,0.013,0,4,1,465.65,NORMAL,0
TRAIN_P0063,0.0363,0.0178,207,9,0,0,0,0,0,25,0.0203,1,5,1,325.33,NORMAL,0
TRAIN_P0853,0.0,0.0137,120,9,0,0,0,0,0,30,0.0099,0,3,2,445.07,NORMAL,0
TRAIN_P3298,0.0725,0.1115,3607,14,2,17,5,0,1,60,0.0522,36,8,3,717.76,DATA_EXFILTRATION,1
TRAIN_P3253,0.1086,0.1367,2872,14,1,13,5,0,2,56,0.0411,26,6,2,614.59,DATA_EXFILTRATION,1
TRAIN_P1263,0.0158,0.013,195,7,0,0,0,0,0,35,0.0175,0,6,1,378.29,NORMAL,0
TRAIN_P0224,0.0394,0.0155,112,7,0,0,0,0,0,20,0.0173,0,6,2,267.92,NORMAL,0
TRAIN_P2194,0.6037,0.0528,128,10,2,0,0,0,2,41,0.3311,11,4,1,465.87,BRUTE_FORCE,1
TRAIN_P0374,0.0452,0.0251,142,7,0,0,0,0,0,35,0.0151,1,4,1,381.55,NORMAL,0
TRAIN_P1825,0.0792,0.0175,180,9,0,0,0,0,0,23,0.0117,0,4,1,389.33,NORMAL,0
TRAIN_P3035,0.0199,0.0954,2431,12,4,0,0,0,1,62,0.0066,22,8,2,587.96,SUSPICIOUS_DATA_ACCESS,1
TRAIN_P3442,0.1151,0.0842,1628,16,4,3,0,8,3,59,0.1199,29,8,3,636.82,PRIVILEGE_ABUSE,1
TRAIN_P3163,0.068,0.0994,2735,13,2,18,7,0,2,67,0.0255,37,8,2,525.41,DATA_EXFILTRATION,1
TRAIN_P3217,0.0481,0.1328,3297,12,0,9,9,0,3,67,0.0021,32,7,3,681.08,DATA_EXFILTRATION,1
TRAIN_P0010,0.0629,0.0238,181,7,0,0,0,0,0,17,0.0122,0,6,1,449.89,NORMAL,0
TRAIN_P2498,0.0501,0.0456,275,16,6,0,0,0,1,27,0.118,11,5,2,494.69,RECONNAISSANCE,1
TRAIN_P1945,0.0154,0.0187,223,11,0,0,0,0,0,24,0.0172,0,3,1,487.39,NORMAL,0
TRAIN_P1839,0.0062,0.0188,210,8,0,0,0,0,1,13,0.012,0,4,1,376.31,NORMAL,0
TRAIN_P0709,0.0117,0.0273,167,7,1,0,0,0,0,25,0.0114,0,6,2,423.2,NORMAL,0
TRAIN_P0256,0.0217,0.0268,196,9,1,0,0,0,0,7,0.0194,0,2,1,332.39,NORMAL,0
TRAIN_P1618,0.0893,0.0227,172,9,0,0,0,0,1,23,0.0141,1,2,2,356.77,NORMAL,0
TRAIN_P0390,0.0444,0.0179,191,7,0,0,0,0,0,8,0.0102,0,5,1,389.27,NORMAL,0
TRAIN_P1582,0.0337,0.0278,109,10,0,0,0,0,0,37,0.0154,0,2,1,313.42,NORMAL,0
TRAIN_P0925,0.0334,0.0204,151,10,0,0,0,0,0,22,0.0252,0,3,1,340.8,NORMAL,0
TRAIN_P3327,0.0489,0.13,3136,20,3,12,5,0,3,61,0.0287,23,9,2,418.57,DATA_EXFILTRATION,1
TRAIN_P2835,0.0959,0.068,2223,11,2,1,0,0,1,45,0.0267,20,7,3,626.49,SUSPICIOUS_DATA_ACCESS,1
TRAIN_P2509,0.0661,0.0965,285,16,13,0,0,0,0,56,0.0896,14,4,2,573.54,RECONNAISSANCE,1
TRAIN_P2037,0.0756,0.0203,200,7,0,0,0,0,0,31,0.014,0,2,1,275.57,NORMAL,0
TRAIN_P3359,0.034,0.0827,1196,12,1,0,3,7,1,33,0.0824,23,7,5,432.1,PRIVILEGE_ABUSE,1
TRAIN_P1225,0.0487,0.0216,152,5,0,0,0,0,0,17,0.0197,0,2,1,474.4,NORMAL,0
TRAIN_P2550,0.0688,0.0674,429,25,9,0,0,0,1,56,0.0781,6,6,2,297.58,RECONNAISSANCE,1
TRAIN_P1947,0.0563,0.0181,167,8,0,0,0,0,0,33,0.0196,0,4,1,291.63,NORMAL,0
TRAIN_P0740,0.0517,0.0178,93,9,0,0,0,0,0,21,0.0163,0,3,1,318.96,NORMAL,0
TRAIN_P0041,0.0447,0.0214,121,8,0,0,0,0,0,32,0.0112,0,3,1,235.61,NORMAL,0
TRAIN_P0869,0.0605,0.0215,160,8,0,0,0,0,0,24,0.0157,0,5,2,423.88,NORMAL,0
TRAIN_P2780,0.071,0.0655,1986,11,4,1,0,0,2,64,0.0343,22,9,3,499.15,SUSPICIOUS_DATA_ACCESS,1
TRAIN_P0540,0.0602,0.0376,100,9,0,0,0,0,0,19,0.0094,0,3,1,379.46,NORMAL,0
TRAIN_P2746,0.0414,0.0892,1508,10,2,1,1,0,2,61,0.0376,20,7,2,537.35,SUSPICIOUS_DATA_ACCESS,1
TRAIN_P3317,0.0883,0.1207,2755,11,0,9,6,1,4,60,0.034,29,7,2,712.84,DATA_EXFILTRATION,1
TRAIN_P2724,0.0418,0.0794,255,14,6,0,0,0,1,57,0.0958,11,6,1,386.55,RECONNAISSANCE,1
TRAIN_P1372,0.0413,0.0212,87,9,0,0,0,0,0,25,0.0109,0,4,1,388.18,NORMAL,0
TRAIN_P1146,0.0823,0.0242,201,8,0,0,0,0,0,33,0.013,0,4,1,248.28,NORMAL,0
TRAIN_P1032,0.0406,0.0148,156,7,0,0,0,0,0,25,0.0128,0,3,1,411.92,NORMAL,0
TRAIN_P0373,0.0517,0.0181,165,8,0,0,0,0,0,30,0.0087,0,4,1,410.74,NORMAL,0
TRAIN_P0668,0.0227,0.0201,156,11,0,0,0,0,0,28,0.0137,0,6,1,208.69,NORMAL,0
TRAIN_P0358,0.0292,0.0233,107,11,0,0,0,0,0,31,0.0121,2,3,1,312.53,NORMAL,0
TRAIN_P0968,0.0724,0.014,86,8,0,0,0,0,0,13,0.014,0,3,1,339.79,NORMAL,0
TRAIN_P2832,0.0733,0.0555,2508,9,2,0,0,0,1,49,0.036,19,7,2,511.17,SUSPICIOUS_DATA_ACCESS,1
TRAIN_P2784,0.0307,0.0878,2051,14,2,0,0,0,4,53,0.0497,18,4,3,550.26,SUSPICIOUS_DATA_ACCESS,1
TRAIN_P1354,0.1014,0.0091,204,8,0,0,0,0,0,38,0.0221,0,3,1,398.57,NORMAL,0
TRAIN_P1036,0.008,0.022,172,6,0,0,0,0,0,20,0.016,0,3,1,340.94,NORMAL,0
TRAIN_P0471,0.0073,0.0248,145,8,0,0,0,0,0,19,0.0055,0,4,1,308.74,NORMAL,0
TRAIN_P3104,0.0853,0.1607,3076,14,1,16,5,0,4,58,0.0422,28,4,3,608.63,DATA_EXFILTRATION,1
TRAIN_P1397,0.0169,0.0195,186,9,0,0,0,0,0,33,0.0168,0,5,1,437.14,NORMAL,0
TRAIN_P3140,0.0325,0.0695,3602,12,2,12,6,0,3,44,0.0183,23,7,2,730.98,DATA_EXFILTRATION,1
TRAIN_P1550,0.0562,0.0228,166,7,1,0,0,0,0,21,0.0136,0,2,1,180.0,NORMAL,0
TRAIN_P1257,0.0176,0.0197,114,8,0,0,0,0,0,39,0.0222,0,5,1,345.28,NORMAL,0
TRAIN_P2095,0.0188,0.0194,101,8,0,0,0,0,0,19,0.0155,0,3,1,473.12,NORMAL,0
TRAIN_P1556,0.0775,0.0155,146,8,0,0,0,0,0,30,0.0143,0,3,1,342.05,NORMAL,0
TRAIN_P3098,0.0541,0.1143,3077,11,1,11,6,0,3,58,0.0429,17,10,2,824.81,DATA_EXFILTRATION,1
TRAIN_P1251,0.0013,0.0113,233,11,1,0,0,0,0,16,0.0098,0,2,2,428.07,NORMAL,0
TRAIN_P1700,0.0472,0.0181,115,9,0,0,0,0,0,37,0.0183,0,5,1,409.51,NORMAL,0
TRAIN_P1253,0.0429,0.0239,123,11,0,0,0,0,0,15,0.0176,0,2,1,245.13,NORMAL,0
TRAIN_P3318,0.1073,0.1194,3090,15,3,11,7,0,4,57,0.0402,32,7,2,614.93,DATA_EXFILTRATION,1
TRAIN_P3338,0.0476,0.0986,3325,13,4,16,8,0,1,52,0.0289,27,5,2,648.09,DATA_EXFILTRATION,1
TRAIN_P0080,0.0326,0.021,108,8,0,0,0,0,0,17,0.0188,2,4,1,389.6,NORMAL,0
TRAIN_P1173,0.057,0.0138,114,9,0,0,0,0,0,20,0.0047,0,3,2,374.44,NORMAL,0
TRAIN_P0815,0.0752,0.0194,72,7,0,0,0,0,0,22,0.0145,0,3,1,472.68,NORMAL,0
TRAIN_P1853,0.0345,0.0177,182,7,0,0,0,0,0,32,0.0128,0,4,1,520.91,NORMAL,0
TRAIN_P2221,0.3618,0.0736,210,7,0,0,0,0,0,37,0.2779,8,6,1,293.99,BRUTE_FORCE,1
TRAIN_P2720,0.0954,0.0487,373,15,9,0,1,0,0,60,0.1055,13,3,1,456.0,RECONNAISSANCE,1
TRAIN_P3149,0.0486,0.1491,2976,8,1,12,6,0,0,70,0.0346,40,9,3,673.81,DATA_EXFILTRATION,1
TRAIN_P2106,0.0159,0.0289,217,9,0,0,0,0,0,24,0.0071,0,6,1,495.61,NORMAL,0
TRAIN_P0134,0.0535,0.0295,144,7,0,0,0,0,0,20,0.0145,0,3,1,413.73,NORMAL,0
TRAIN_P1141,0.0232,0.0216,110,8,1,0,0,0,0,15,0.0151,0,4,1,326.0,NORMAL,0
TRAIN_P0934,0.0319,0.0153,168,7,1,0,0,0,0,34,0.0056,0,2,2,586.86,NORMAL,0
TRAIN_P0929,0.0211,0.0154,172,10,2,0,0,0,0,27,0.0118,0,6,1,383.51,NORMAL,0
TRAIN_P0824,0.0182,0.034,130,5,0,0,0,0,0,28,0.0131,0,3,2,373.8,NORMAL,0
TRAIN_P1532,0.0424,0.017,152,10,1,0,0,0,0,19,0.0248,0,2,2,210.64,NORMAL,0
TRAIN_P1215,0.021,0.0389,155,8,0,0,0,0,0,28,0.0142,0,7,1,351.29,NORMAL,0
TRAIN_P0505,0.026,0.0206,134,7,1,0,0,0,0,18,0.0126,0,1,1,459.47,NORMAL,0
TRAIN_P3556,0.0621,0.095,2058,13,1,0,1,7,4,72,0.0846,23,5,5,511.96,PRIVILEGE_ABUSE,1
TRAIN_P2396,0.4074,0.0668,181,7,0,0,0,0,0,34,0.4108,15,5,2,534.43,BRUTE_FORCE,1
TRAIN_P1997,0.0154,0.0152,113,9,1,0,0,0,0,24,0.0097,0,2,1,396.65,NORMAL,0
TRAIN_P2435,0.6517,0.0828,199,12,0,0,0,0,2,31,0.2848,14,3,1,405.46,BRUTE_FORCE,1
TRAIN_P1959,0.0191,0.0206,202,8,0,0,0,0,0,19,0.0164,0,4,1,433.87,NORMAL,0
TRAIN_P1385,0.0081,0.0202,101,10,0,0,0,0,0,25,0.0111,0,5,1,292.26,NORMAL,0
TRAIN_P0895,0.0511,0.0221,173,10,0,0,0,0,0,34,0.0203,0,3,1,419.78,NORMAL,0
TRAIN_P0829,0.0403,0.0212,106,10,0,0,0,0,0,39,0.0127,0,5,1,309.07,NORMAL,0
TRAIN_P3526,0.0534,0.0556,1736,14,3,4,0,7,4,64,0.0564,20,9,2,331.39,PRIVILEGE_ABUSE,1
TRAIN_P2524,0.1108,0.0611,326,14,3,0,0,0,0,43,0.0784,5,6,1,612.08,RECONNAISSANCE,1
TRAIN_P1684,0.0018,0.016,169,7,1,0,0,0,0,23,0.0177,0,6,1,355.76,NORMAL,0
TRAIN_P3082,0.0623,0.0569,2309,12,3,1,0,0,3,58,0.0337,16,5,1,413.28,SUSPICIOUS_DATA_ACCESS,1
TRAIN_P3062,0.0897,0.0798,1949,12,2,2,1,0,2,73,0.0324,21,5,2,331.82,SUSPICIOUS_DATA_ACCESS,1
TRAIN_P3007,0.0741,0.0855,2347,13,4,2,0,0,1,70,0.0547,19,5,1,676.29,SUSPICIOUS_DATA_ACCESS,1
TRAIN_P0653,0.0562,0.0212,154,9,0,0,0,0,0,38,0.0169,0,2,2,270.29,NORMAL,0
TRAIN_P0173,0.0544,0.0135,111,9,0,0,0,0,0,14,0.018,0,4,1,437.13,NORMAL,0
TRAIN_P0039,0.0875,0.0251,132,11,0,0,0,0,0,9,0.0197,1,2,1,425.04,NORMAL,0
TRAIN_P3432,0.1017,0.071,1900,11,4,1,0,7,4,50,0.0533,19,9,4,439.48,PRIVILEGE_ABUSE,1
TRAIN_P0714,0.0149,0.015,160,9,0,0,0,0,0,33,0.0131,1,3,1,476.0,NORMAL,0
TRAIN_P0091,0.0309,0.0199,103,6,0,0,0,0,0,30,0.0179,0,4,1,402.5,NORMAL,0
TRAIN_P3543,0.1117,0.0593,1865,16,1,1,2,5,4,53,0.0792,26,11,4,495.52,PRIVILEGE_ABUSE,1
TRAIN_P1206,0.046,0.0259,132,7,0,0,0,0,0,20,0.0244,0,3,2,467.28,NORMAL,0
TRAIN_P2959,0.0155,0.0691,2285,13,2,0,0,0,0,42,0.0526,12,5,1,626.1,SUSPICIOUS_DATA_ACCESS,1
TRAIN_P3094,0.0406,0.0854,2429,14,0,0,1,0,3,67,0.0461,13,7,3,793.7,SUSPICIOUS_DATA_ACCESS,1
TRAIN_P1828,0.0333,0.0138,168,8,0,0,0,0,0,13,0.0078,0,4,1,441.71,NORMAL,0
TRAIN_P1156,0.0397,0.0161,141,8,0,0,0,0,1,21,0.0064,0,5,1,503.03,NORMAL,0
TRAIN_P1325,0.0392,0.0263,127,10,0,0,0,0,0,27,0.0171,0,3,1,369.23,NORMAL,0
TRAIN_P0217,0.0324,0.0171,204,7,0,0,0,0,0,32,0.0131,0,3,1,312.13,NORMAL,0
TRAIN_P0511,0.0356,0.0203,169,9,0,0,0,0,0,20,0.0125,0,4,1,180.0,NORMAL,0
TRAIN_P1681,0.0626,0.0125,158,11,0,0,0,0,0,33,0.0152,0,3,1,349.51,NORMAL,0
TRAIN_P0500,0.0206,0.0286,188,7,0,0,0,0,0,17,0.0165,0,3,1,420.34,NORMAL,0
TRAIN_P2965,0.098,0.0691,2384,16,0,1,1,0,1,48,0.0599,12,8,3,716.24,SUSPICIOUS_DATA_ACCESS,1
TRAIN_P1857,0.0299,0.0235,86,10,0,0,0,0,0,24,0.0211,0,2,1,247.81,NORMAL,0
TRAIN_P1389,0.0619,0.0234,127,10,0,0,0,0,0,24,0.0088,0,4,1,422.86,NORMAL,0
TRAIN_P1520,0.0405,0.0256,159,11,0,0,0,0,0,11,0.0213,0,2,1,433.52,NORMAL,0
TRAIN_P2387,0.478,0.072,196,10,0,0,0,0,0,34,0.2938,6,6,2,472.44,BRUTE_FORCE,1
TRAIN_P3262,0.0361,0.0816,3038,15,3,16,9,0,3,55,0.0314,39,9,2,953.75,DATA_EXFILTRATION,1
TRAIN_P2077,0.0587,0.0145,220,6,0,0,0,0,0,40,0.0196,0,2,1,283.57,NORMAL,0
TRAIN_P1541,0.0744,0.0134,144,11,0,0,0,0,0,5,0.0132,0,5,1,453.02,NORMAL,0
TRAIN_P1218,0.0405,0.0209,170,9,0,0,0,0,0,13,0.0121,0,1,1,398.49,NORMAL,0
TRAIN_P2682,0.0927,0.0696,228,14,9,0,0,0,1,47,0.1153,10,3,3,572.17,RECONNAISSANCE,1
TRAIN_P3436,0.1339,0.0891,2324,14,1,0,2,3,4,49,0.0597,16,10,4,658.41,PRIVILEGE_ABUSE,1
TRAIN_P1417,0.041,0.0223,165,8,0,0,0,0,0,32,0.0151,0,2,1,410.68,NORMAL,0
TRAIN_P2218,0.5216,0.0343,136,11,0,0,0,0,0,57,0.3406,11,6,1,304.58,BRUTE_FORCE,1
TRAIN_P3014,0.0603,0.1096,2397,10,2,2,0,0,1,61,0.0798,24,7,3,352.28,SUSPICIOUS_DATA_ACCESS,1
TRAIN_P1677,0.0227,0.0205,197,11,0,0,0,0,0,28,0.0109,0,5,1,344.66,NORMAL,0
TRAIN_P1198,0.0545,0.0215,118,11,0,0,0,0,0,28,0.014,0,3,1,431.61,NORMAL,0
TRAIN_P1543,0.0397,0.0185,200,7,0,0,0,0,0,19,0.016,0,5,1,437.92,NORMAL,0
TRAIN_P2540,0.0688,0.0568,372,15,7,0,0,0,0,49,0.065,10,7,2,568.16,RECONNAISSANCE,1
TRAIN_P0954,0.0364,0.0174,152,10,0,0,0,0,0,25,0.0071,0,3,1,284.93,NORMAL,0
TRAIN_P2636,0.0525,0.0657,297,11,7,0,0,0,0,78,0.129,9,7,1,576.24,RECONNAISSANCE,1
TRAIN_P0751,0.0227,0.0302,230,8,0,0,0,0,0,24,0.008,0,1,1,365.21,NORMAL,0
TRAIN_P2706,0.0861,0.0606,309,14,8,0,0,0,1,51,0.1433,7,6,2,525.53,RECONNAISSANCE,1
TRAIN_P0235,0.0511,0.0133,169,6,0,0,0,0,0,14,0.008,0,2,1,329.07,NORMAL,0
TRAIN_P0733,0.0527,0.0176,128,9,0,0,0,0,0,12,0.014,0,3,1,389.71,NORMAL,0
TRAIN_P3590,0.0725,0.0835,1431,16,2,1,1,7,3,61,0.0803,18,13,2,573.98,PRIVILEGE_ABUSE,1
TRAIN_P1157,0.0562,0.0215,79,9,1,0,0,0,0,29,0.0144,0,4,1,459.72,NORMAL,0
TRAIN_P3081,0.1117,0.0504,2774,11,3,1,0,0,0,42,0.0416,14,6,1,640.95,SUSPICIOUS_DATA_ACCESS,1
TRAIN_P2446,0.4935,0.065,162,11,0,0,0,0,0,55,0.3393,12,5,1,480.14,BRUTE_FORCE,1
TRAIN_P1210,0.0243,0.0182,144,8,0,0,0,0,0,10,0.0166,0,2,1,343.68,NORMAL,0
TRAIN_P1066,0.0263,0.0126,112,7,0,0,0,0,0,15,0.0181,0,2,1,451.98,NORMAL,0
TRAIN_P2157,0.0588,0.0211,98,10,1,0,0,0,0,30,0.0191,0,4,1,348.25,NORMAL,0
TRAIN_P1063,0.0712,0.009,168,8,0,0,0,0,0,25,0.0227,0,3,1,522.85,NORMAL,0
TRAIN_P2617,0.0656,0.0982,293,13,11,0,1,0,0,57,0.1203,9,4,2,363.01,RECONNAISSANCE,1
TRAIN_P1168,0.0422,0.0191,217,8,0,0,0,0,0,18,0.0222,0,2,1,363.16,NORMAL,0
TRAIN_P1493,0.0206,0.0242,185,12,0,0,0,0,0,21,0.0156,0,5,1,401.83,NORMAL,0
TRAIN_P2939,0.0519,0.0561,2087,14,1,2,0,0,0,63,0.0359,19,5,3,633.48,SUSPICIOUS_DATA_ACCESS,1
TRAIN_P3054,0.0412,0.1095,2073,16,3,2,1,0,2,63,0.0572,17,5,2,499.9,SUSPICIOUS_DATA_ACCESS,1
TRAIN_P0885,0.0411,0.0172,203,7,0,0,0,0,0,16,0.0138,0,2,1,245.49,NORMAL,0
TRAIN_P0144,0.038,0.0201,178,9,0,0,0,0,0,15,0.0155,0,1,1,328.35,NORMAL,0
TRAIN_P3529,0.0758,0.0937,1686,11,4,0,0,8,2,46,0.0475,14,7,2,499.87,PRIVILEGE_ABUSE,1
TRAIN_P0851,0.045,0.0146,177,8,0,0,0,0,0,16,0.0098,0,4,1,427.15,NORMAL,0
TRAIN_P2783,0.0513,0.0997,1788,10,3,1,1,0,2,38,0.0409,20,7,2,547.13,SUSPICIOUS_DATA_ACCESS,1
TRAIN_P0718,0.011,0.0154,198,9,0,0,0,0,0,17,0.0129,0,3,1,297.44,NORMAL,0
TRAIN_P3409,0.0885,0.0753,1507,17,5,0,0,8,4,53,0.0902,25,9,3,531.05,PRIVILEGE_ABUSE,1
TRAIN_P2503,0.0501,0.0531,266,16,7,0,0,0,1,42,0.0547,5,4,1,626.46,RECONNAISSANCE,1
TRAIN_P0265,0.0237,0.0204,184,9,0,0,0,0,0,40,0.0081,0,5,1,405.37,NORMAL,0
TRAIN_P0076,0.0252,0.0199,86,9,0,0,0,0,0,23,0.0116,0,2,1,440.83,NORMAL,0
TRAIN_P2493,0.0534,0.0672,275,17,9,0,0,0,3,46,0.0967,13,5,3,538.23,RECONNAISSANCE,1
TRAIN_P0396,0.0702,0.0174,149,6,0,0,0,0,0,23,0.0164,0,2,1,290.28,NORMAL,0
TRAIN_P3048,0.0685,0.0753,2503,14,4,1,1,0,1,68,0.0506,14,7,3,562.96,SUSPICIOUS_DATA_ACCESS,1
TRAIN_P2225,0.5155,0.0992,144,9,1,0,0,0,0,39,0.381,9,3,1,292.67,BRUTE_FORCE,1
TRAIN_P3358,0.1444,0.0556,1870,13,3,3,1,5,3,48,0.0503,32,7,4,417.97,PRIVILEGE_ABUSE,1
TRAIN_P0397,0.0588,0.0181,99,8,0,0,0,0,0,27,0.015,0,2,2,362.43,NORMAL,0
TRAIN_P1366,0.0334,0.0252,106,8,0,0,0,0,0,28,0.013,0,3,1,496.81,NORMAL,0
TRAIN_P2992,0.0748,0.075,2269,16,2,0,1,0,2,39,0.0547,16,6,4,551.84,SUSPICIOUS_DATA_ACCESS,1
TRAIN_P1904,0.0,0.0248,146,9,0,0,0,0,0,21,0.0205,0,2,1,245.83,NORMAL,0
TRAIN_P0596,0.0301,0.0167,154,6,0,0,0,0,0,26,0.0215,0,5,1,311.73,NORMAL,0
TRAIN_P2110,0.0178,0.0107,174,6,0,0,0,0,0,16,0.0216,0,4,1,315.17,NORMAL,0
TRAIN_P1297,0.0538,0.0158,229,7,0,0,0,0,0,26,0.0095,0,2,1,507.68,NORMAL,0
TRAIN_P1822,0.0465,0.0257,167,12,0,0,0,0,0,26,0.0164,0,4,1,381.26,NORMAL,0
TRAIN_P0873,0.0572,0.0062,258,11,0,0,0,0,0,27,0.0121,0,4,1,238.47,NORMAL,0
TRAIN_P3107,0.0798,0.095,2830,14,1,6,5,0,3,47,0.0525,24,9,2,621.41,DATA_EXFILTRATION,1
TRAIN_P3491,0.1232,0.1006,1395,13,5,1,1,8,2,47,0.1161,21,3,3,617.39,PRIVILEGE_ABUSE,1
TRAIN_P2327,0.7035,0.081,128,12,0,0,0,0,0,23,0.3719,18,6,1,386.77,BRUTE_FORCE,1
TRAIN_P1549,0.0551,0.0171,124,7,0,0,0,0,0,30,0.0108,0,5,1,403.98,NORMAL,0
TRAIN_P0037,0.0875,0.0184,124,5,0,0,0,0,0,25,0.0198,0,3,1,303.56,NORMAL,0
TRAIN_P2711,0.0579,0.086,328,18,11,0,0,0,1,59,0.1027,12,8,2,470.65,RECONNAISSANCE,1
TRAIN_P3024,0.0618,0.0916,2180,13,3,2,0,0,2,51,0.0695,15,5,2,492.64,SUSPICIOUS_DATA_ACCESS,1
TRAIN_P2144,0.0568,0.024,64,6,0,0,0,0,0,7,0.0116,1,3,1,323.56,NORMAL,0
TRAIN_P3060,0.0452,0.0834,1333,11,3,1,0,0,0,37,0.0388,13,10,1,727.36,SUSPICIOUS_DATA_ACCESS,1
TRAIN_P0978,0.0314,0.0168,87,9,0,0,0,0,0,22,0.0111,0,4,1,348.7,NORMAL,0
TRAIN_P1572,0.0416,0.0191,148,9,0,0,0,0,0,39,0.0105,0,3,1,339.49,NORMAL,0
TRAIN_P1123,0.0689,0.0212,157,12,0,0,0,0,0,35,0.0179,0,2,1,414.91,NORMAL,0
TRAIN_P2787,0.0296,0.058,2417,13,2,1,1,0,1,51,0.0397,15,3,3,671.9,SUSPICIOUS_DATA_ACCESS,1
TRAIN_P2240,0.6576,0.0589,162,9,0,0,0,0,0,59,0.3592,8,4,1,326.43,BRUTE_FORCE,1
TRAIN_P2968,0.0662,0.0407,2477,13,0,1,0,0,1,66,0.0424,15,5,2,599.31,SUSPICIOUS_DATA_ACCESS,1
TRAIN_P2505,0.1309,0.0676,292,15,8,0,0,0,1,59,0.1308,9,7,2,450.73,RECONNAISSANCE,1
TRAIN_P1893,0.0632,0.0242,85,9,0,0,0,0,0,29,0.015,0,3,1,357.55,NORMAL,0
TRAIN_P0676,0.0524,0.019,107,10,0,0,0,0,0,22,0.0143,1,5,1,406.17,NORMAL,0
TRAIN_P2809,0.074,0.0521,1924,10,3,0,1,0,2,57,0.0446,14,5,3,689.61,SUSPICIOUS_DATA_ACCESS,1
TRAIN_P0729,0.0522,0.0183,162,9,0,0,0,0,0,30,0.0187,0,4,1,366.41,NORMAL,0
TRAIN_P0413,0.0472,0.0248,164,6,0,0,0,0,0,33,0.0095,0,2,1,278.98,NORMAL,0
TRAIN_P1517,0.0511,0.016,113,9,0,0,0,0,0,14,0.0104,0,4,1,411.56,NORMAL,0
TRAIN_P1650,0.0381,0.0198,120,9,0,0,0,0,0,28,0.0194,0,4,1,433.39,NORMAL,0
TRAIN_P0826,0.038,0.0214,170,9,0,0,0,0,0,18,0.0187,0,5,1,228.82,NORMAL,0
TRAIN_P0617,0.0295,0.032,200,10,0,0,0,0,0,25,0.0045,0,3,1,343.42,NORMAL,0
TRAIN_P0115,0.0452,0.013,178,11,0,0,0,0,0,13,0.0095,0,4,2,350.17,NORMAL,0
TRAIN_P0418,0.0487,0.0185,120,8,1,0,0,0,0,32,0.0105,0,3,1,203.9,NORMAL,0
TRAIN_P1626,0.0452,0.0219,195,7,0,0,0,0,0,33,0.0095,0,3,1,391.21,NORMAL,0
TRAIN_P2653,0.0793,0.0656,322,18,2,0,0,0,1,38,0.04,7,8,2,460.86,RECONNAISSANCE,1
TRAIN_P3524,0.1923,0.0926,2353,13,5,1,1,7,3,74,0.1388,15,9,4,322.92,PRIVILEGE_ABUSE,1
TRAIN_P0090,0.0223,0.0278,87,8,0,0,0,0,0,33,0.0227,0,5,1,354.01,NORMAL,0
TRAIN_P2897,0.0547,0.0508,2055,13,2,2,1,0,1,49,0.0245,23,7,2,617.5,SUSPICIOUS_DATA_ACCESS,1
TRAIN_P3136,0.0585,0.0896,2819,15,3,12,3,0,4,58,0.0537,33,8,3,720.39,DATA_EXFILTRATION,1
TRAIN_P2083,0.0177,0.0202,140,8,0,0,0,0,0,17,0.008,0,4,2,540.57,NORMAL,0
TRAIN_P0754,0.0282,0.0264,145,8,0,0,0,0,0,26,0.0169,0,5,1,327.24,NORMAL,0
TRAIN_P2547,0.0817,0.0665,277,20,9,0,0,0,0,50,0.1198,13,4,1,476.16,RECONNAISSANCE,1
TRAIN_P1631,0.0243,0.0073,161,10,0,0,0,0,0,22,0.0155,0,3,1,361.31,NORMAL,0
TRAIN_P0012,0.0445,0.0265,85,9,0,0,0,0,0,15,0.0084,0,4,1,477.37,NORMAL,0
TRAIN_P2445,0.6138,0.0664,248,7,0,0,0,0,1,64,0.3549,8,2,1,513.81,BRUTE_FORCE,1
TRAIN_P0285,0.0202,0.0198,117,7,0,0,0,0,0,28,0.0178,0,4,1,391.34,NORMAL,0
TRAIN_P1067,0.0337,0.0089,187,10,0,0,0,0,0,21,0.0266,0,4,1,315.65,NORMAL,0
TRAIN_P1192,0.0504,0.0211,192,9,0,0,0,0,0,8,0.0105,0,3,1,226.73,NORMAL,0
TRAIN_P1441,0.0246,0.0162,186,9,0,0,0,0,0,40,0.0065,1,3,1,407.62,NORMAL,0
TRAIN_P3363,0.1386,0.0717,1003,16,5,3,0,8,4,44,0.0306,10,7,2,518.31,PRIVILEGE_ABUSE,1
TRAIN_P3361,0.0734,0.0743,1201,16,3,0,2,5,5,55,0.11,23,10,4,739.79,PRIVILEGE_ABUSE,1
TRAIN_P2739,0.0267,0.0825,1802,10,1,2,1,0,2,44,0.0342,11,9,4,646.79,SUSPICIOUS_DATA_ACCESS,1
TRAIN_P3247,0.0701,0.1014,2840,15,2,9,5,0,3,42,0.0448,34,9,3,964.59,DATA_EXFILTRATION,1
TRAIN_P1569,0.0323,0.0183,143,11,0,0,0,0,0,8,0.0074,0,3,1,248.31,NORMAL,0
TRAIN_P2428,0.4448,0.0669,158,10,0,0,0,0,0,34,0.3074,11,7,1,591.94,BRUTE_FORCE,1
TRAIN_P2738,0.0494,0.0984,1746,13,3,2,0,0,4,47,0.0229,21,6,4,389.22,SUSPICIOUS_DATA_ACCESS,1
TRAIN_P3085,0.0813,0.0999,2817,12,4,1,1,0,1,51,0.0464,11,6,2,419.61,SUSPICIOUS_DATA_ACCESS,1
TRAIN_P1688,0.0286,0.0154,204,10,0,0,0,0,1,13,0.0126,0,4,2,297.96,NORMAL,0
TRAIN_P0852,0.0271,0.024,119,12,0,0,0,0,0,19,0.0142,0,5,2,286.29,NORMAL,0
TRAIN_P2208,0.6157,0.0625,240,10,0,0,0,0,0,46,0.3334,15,4,1,452.88,BRUTE_FORCE,1
TRAIN_P0896,0.0392,0.0277,137,10,0,0,0,0,0,15,0.0104,0,3,1,425.79,NORMAL,0
TRAIN_P0497,0.0818,0.0241,149,8,0,0,0,0,0,37,0.0121,0,3,1,434.66,NORMAL,0
TRAIN_P2306,0.3876,0.0616,186,10,0,0,0,0,0,32,0.3353,5,4,2,558.04,BRUTE_FORCE,1
TRAIN_P1783,0.0636,0.0211,179,10,0,0,0,0,0,23,0.01,0,3,1,412.33,NORMAL,0
TRAIN_P0336,0.0702,0.023,170,8,0,0,0,0,0,34,0.0074,0,3,1,325.56,NORMAL,0
TRAIN_P2840,0.0599,0.0605,2955,15,3,1,0,0,3,64,0.0278,14,7,1,504.92,SUSPICIOUS_DATA_ACCESS,1
TRAIN_P0516,0.0503,0.0278,104,8,0,0,0,0,0,28,0.01,0,3,2,243.87,NORMAL,0
TRAIN_P1349,0.0522,0.0286,145,8,0,0,0,0,1,32,0.0107,0,5,1,374.76,NORMAL,0
TRAIN_P1016,0.088,0.0227,110,8,1,0,0,0,1,30,0.0173,0,6,1,383.84,NORMAL,0
TRAIN_P2817,0.0648,0.0727,2437,15,3,0,1,0,2,50,0.0418,18,3,2,536.44,SUSPICIOUS_DATA_ACCESS,1
TRAIN_P3371,0.1291,0.0895,2356,17,2,3,0,4,2,66,0.0986,28,10,3,564.98,PRIVILEGE_ABUSE,1
TRAIN_P3365,0.0429,0.0757,2221,13,3,0,1,7,4,46,0.0933,26,10,3,461.69,PRIVILEGE_ABUSE,1
TRAIN_P2810,0.0522,0.0614,2707,9,0,0,0,0,3,64,0.022,17,9,3,833.73,SUSPICIOUS_DATA_ACCESS,1
TRAIN_P3079,0.0678,0.0758,2475,11,1,1,0,0,1,45,0.0484,20,10,3,436.74,SUSPICIOUS_DATA_ACCESS,1
TRAIN_P1782,0.0292,0.0225,131,9,0,0,0,0,0,14,0.0136,0,1,2,365.88,NORMAL,0
TRAIN_P2570,0.0407,0.049,348,17,13,2,0,0,1,67,0.1727,9,6,2,470.57,RECONNAISSANCE,1
TRAIN_P1786,0.0287,0.0182,183,9,0,0,0,0,0,24,0.016,0,4,1,455.12,NORMAL,0
TRAIN_P2071,0.0477,0.0144,219,8,0,0,0,0,0,21,0.0207,0,3,1,379.0,NORMAL,0
TRAIN_P0357,0.0474,0.0229,145,8,0,0,0,0,0,31,0.0102,0,5,1,265.91,NORMAL,0
TRAIN_P3422,0.0332,0.072,2029,17,6,0,0,6,5,43,0.1084,18,11,3,415.3,PRIVILEGE_ABUSE,1
TRAIN_P1313,0.01,0.0205,163,9,0,0,0,0,0,28,0.0187,0,3,1,400.78,NORMAL,0
TRAIN_P1636,0.0371,0.0157,66,9,0,0,0,0,0,30,0.0188,0,2,1,551.36,NORMAL,0
TRAIN_P0551,0.0389,0.0213,125,8,0,0,0,0,0,23,0.0193,0,1,1,317.39,NORMAL,0
TRAIN_P2389,0.4569,0.0791,163,8,0,0,0,0,2,44,0.2439,11,4,1,416.48,BRUTE_FORCE,1
TRAIN_P2480,0.0292,0.0589,345,14,7,0,0,0,1,52,0.0713,8,6,3,432.65,RECONNAISSANCE,1
TRAIN_P2522,0.0966,0.0699,249,15,4,0,0,0,1,25,0.093,8,6,1,395.0,RECONNAISSANCE,1
TRAIN_P2266,0.63,0.0764,237,12,0,0,0,0,0,27,0.2758,6,4,1,521.06,BRUTE_FORCE,1
TRAIN_P2960,0.0445,0.1154,2893,13,1,2,0,0,2,65,0.0106,14,6,2,423.57,SUSPICIOUS_DATA_ACCESS,1
TRAIN_P1228,0.0661,0.0139,218,8,1,0,0,0,0,21,0.0146,0,2,1,276.84,NORMAL,0
TRAIN_P3212,0.0818,0.1126,3002,11,1,19,6,0,2,54,0.0272,27,9,3,640.37,DATA_EXFILTRATION,1
TRAIN_P0958,0.0491,0.0106,73,6,0,0,0,0,0,32,0.007,0,2,2,185.59,NORMAL,0
TRAIN_P1774,0.068,0.0211,182,10,0,0,0,0,0,22,0.0093,0,3,1,604.85,NORMAL,0
TRAIN_P2142,0.0317,0.0236,197,10,0,0,0,0,0,21,0.0081,0,4,1,494.76,NORMAL,0
TRAIN_P1009,0.0629,0.024,181,7,0,0,0,0,0,14,0.0146,0,3,1,283.9,NORMAL,0
TRAIN_P1093,0.0279,0.0183,97,10,0,0,0,0,0,28,0.0163,0,6,1,299.62,NORMAL,0
TRAIN_P3204,0.0695,0.1388,3493,14,1,17,6,0,4,57,0.0477,41,5,2,672.18,DATA_EXFILTRATION,1
TRAIN_P2745,0.0709,0.0715,3173,10,4,2,1,0,2,50,0.0591,14,7,2,473.03,SUSPICIOUS_DATA_ACCESS,1
TRAIN_P0997,0.0419,0.0227,104,10,0,0,0,0,0,20,0.0174,0,2,1,390.35,NORMAL,0
TRAIN_P1680,0.0654,0.0258,191,8,2,0,0,0,0,19,0.0232,0,4,1,427.6,NORMAL,0
TRAIN_P0154,0.0511,0.0204,142,8,1,0,0,0,0,29,0.0003,0,6,1,360.69,NORMAL,0
TRAIN_P3340,0.0701,0.1456,2201,12,2,12,5,0,4,52,0.0488,35,7,3,600.86,DATA_EXFILTRATION,1
TRAIN_P2909,0.0771,0.0859,2597,11,4,2,0,0,2,68,0.033,17,7,1,633.0,SUSPICIOUS_DATA_ACCESS,1
TRAIN_P2838,0.0368,0.0681,2490,13,1,0,1,0,3,35,0.0439,18,9,3,679.49,SUSPICIOUS_DATA_ACCESS,1
TRAIN_P0581,0.0503,0.0112,115,8,0,0,0,0,0,15,0.0152,0,3,1,403.52,NORMAL,0
TRAIN_P1471,0.0663,0.0191,151,8,1,0,0,0,0,18,0.012,0,5,1,357.89,NORMAL,0
TRAIN_P0704,0.0407,0.0267,180,8,1,0,0,0,0,22,0.0076,0,3,1,375.99,NORMAL,0
TRAIN_P1213,0.0628,0.0151,109,7,0,0,0,0,0,32,0.0134,0,4,1,527.92,NORMAL,0
TRAIN_P0897,0.0156,0.022,124,6,0,0,0,0,0,30,0.0218,0,4,1,352.59,NORMAL,0
TRAIN_P0488,0.0356,0.0248,124,9,0,0,0,0,0,23,0.0103,0,2,1,424.99,NORMAL,0
TRAIN_P0560,0.0462,0.0224,173,5,0,0,0,0,0,17,0.0183,0,1,1,350.99,NORMAL,0
TRAIN_P1142,0.032,0.0295,133,7,0,0,0,0,0,19,0.0179,0,5,1,444.26,NORMAL,0
TRAIN_P1120,0.0459,0.0171,208,7,0,0,0,0,0,31,0.0187,0,3,1,332.91,NORMAL,0
TRAIN_P2850,0.0798,0.0868,2749,15,2,0,1,0,1,53,0.0327,13,7,2,468.71,SUSPICIOUS_DATA_ACCESS,1
TRAIN_P0513,0.0644,0.0224,206,8,0,0,0,0,0,29,0.0176,0,3,2,274.33,NORMAL,0
TRAIN_P0634,0.0628,0.0141,166,12,1,0,0,0,0,32,0.0103,0,4,1,365.53,NORMAL,0
TRAIN_P3594,0.1311,0.0948,1745,16,4,0,0,5,4,72,0.024,19,11,1,572.17,PRIVILEGE_ABUSE,1
TRAIN_P1665,0.046,0.0185,98,10,0,0,0,0,0,17,0.0167,0,3,1,375.35,NORMAL,0
TRAIN_P1013,0.0283,0.0217,170,8,0,0,0,0,0,39,0.0119,0,2,1,462.93,NORMAL,0
TRAIN_P1932,0.0327,0.0247,200,12,0,0,0,0,0,24,0.0153,0,6,1,432.46,NORMAL,0
TRAIN_P1151,0.045,0.0193,150,6,0,0,0,0,0,33,0.015,0,4,1,361.97,NORMAL,0
TRAIN_P2839,0.0419,0.0624,1909,13,3,1,0,0,3,43,0.0185,19,5,3,501.07,SUSPICIOUS_DATA_ACCESS,1
TRAIN_P3367,0.0845,0.0955,1805,15,5,0,2,3,5,31,0.0781,18,12,4,498.4,PRIVILEGE_ABUSE,1
TRAIN_P0117,0.0425,0.0166,224,11,0,0,0,0,0,24,0.0216,0,3,1,343.74,NORMAL,0
TRAIN_P0741,0.0649,0.0236,152,11,0,0,0,0,0,39,0.02,1,1,2,317.29,NORMAL,0
TRAIN_P3314,0.0795,0.05,3290,14,2,13,4,0,2,77,0.0218,26,8,3,738.06,DATA_EXFILTRATION,1
TRAIN_P1975,0.0492,0.021,171,8,0,0,0,0,0,52,0.0165,0,2,1,450.39,NORMAL,0
TRAIN_P1082,0.0683,0.0157,105,6,0,0,0,0,0,29,0.0157,1,1,1,264.43,NORMAL,0
TRAIN_P1811,0.0344,0.0239,112,7,0,0,0,0,0,28,0.0081,0,3,1,411.68,NORMAL,0
TRAIN_P0831,0.0294,0.0182,157,10,1,0,0,0,0,11,0.0075,0,2,1,359.23,NORMAL,0
TRAIN_P0120,0.0607,0.019,135,9,0,0,0,0,0,26,0.0131,0,5,1,343.43,NORMAL,0
TRAIN_P0657,0.0563,0.0154,158,8,0,0,0,0,0,15,0.0127,0,4,1,311.91,NORMAL,0
TRAIN_P3275,0.0915,0.1112,3280,12,4,15,9,1,3,58,0.022,31,10,3,653.69,DATA_EXFILTRATION,1
TRAIN_P3225,0.0647,0.0998,3340,14,1,10,8,0,3,62,0.0564,37,7,2,878.11,DATA_EXFILTRATION,1
TRAIN_P3513,0.0829,0.1079,1890,15,2,3,0,5,1,62,0.0976,22,10,4,489.79,PRIVILEGE_ABUSE,1
TRAIN_P0636,0.0235,0.0208,114,9,0,0,0,0,0,16,0.016,0,3,1,450.23,NORMAL,0
TRAIN_P0370,0.0482,0.0218,153,8,0,0,0,0,0,30,0.0156,0,1,1,548.99,NORMAL,0
TRAIN_P0269,0.0429,0.0169,155,11,0,0,0,0,0,21,0.0129,0,3,1,369.13,NORMAL,0
TRAIN_P2704,0.1174,0.0691,196,16,9,0,0,0,1,48,0.1224,5,6,1,462.09,RECONNAISSANCE,1
TRAIN_P2984,0.0,0.0513,1659,10,5,0,0,0,1,86,0.0391,22,7,1,763.92,SUSPICIOUS_DATA_ACCESS,1
TRAIN_P2871,0.0897,0.0577,2227,13,3,0,1,0,1,59,0.0351,16,8,3,661.69,SUSPICIOUS_DATA_ACCESS,1
TRAIN_P2915,0.0987,0.0341,2725,11,0,1,1,0,2,59,0.0531,14,7,3,742.35,SUSPICIOUS_DATA_ACCESS,1
TRAIN_P0047,0.0657,0.0178,132,8,0,0,0,0,0,11,0.0164,0,1,1,499.68,NORMAL,0
TRAIN_P3331,0.0985,0.0961,2629,12,0,13,6,0,3,68,0.0156,31,10,3,403.84,DATA_EXFILTRATION,1
TRAIN_P0992,0.0431,0.0192,145,10,0,0,0,0,0,27,0.0182,0,3,2,386.14,NORMAL,0
TRAIN_P0877,0.0256,0.0239,178,10,0,0,0,0,0,28,0.0101,0,3,1,273.27,NORMAL,0
TRAIN_P0774,0.0538,0.0227,121,7,0,0,0,0,0,27,0.0193,0,3,1,369.39,NORMAL,0
TRAIN_P1220,0.0329,0.0152,120,8,1,0,0,0,0,30,0.0269,1,4,1,504.09,NORMAL,0
TRAIN_P1127,0.0205,0.0102,168,8,0,0,0,0,0,19,0.0266,0,4,1,506.46,NORMAL,0
TRAIN_P0005,0.0232,0.0185,163,10,0,0,0,0,0,31,0.0218,0,2,1,373.94,NORMAL,0
TRAIN_P3052,0.0697,0.0364,2090,10,4,0,0,0,1,37,0.0443,18,5,3,741.82,SUSPICIOUS_DATA_ACCESS,1
TRAIN_P1596,0.0478,0.0198,206,7,0,0,0,0,0,27,0.0178,0,3,1,394.44,NORMAL,0
TRAIN_P2312,0.5134,0.0485,197,9,0,0,0,0,0,33,0.3309,16,4,1,472.35,BRUTE_FORCE,1
TRAIN_P3041,0.0768,0.0644,1810,12,3,1,0,0,1,70,0.0346,19,8,2,346.89,SUSPICIOUS_DATA_ACCESS,1
TRAIN_P3586,0.1332,0.0736,1983,15,2,0,1,5,3,57,0.0586,18,9,3,685.61,PRIVILEGE_ABUSE,1
TRAIN_P2492,0.1087,0.0652,409,19,12,0,1,0,1,84,0.1034,4,6,1,581.7,RECONNAISSANCE,1
TRAIN_P3051,0.082,0.0763,2539,15,2,1,1,0,2,57,0.0558,26,6,3,401.53,SUSPICIOUS_DATA_ACCESS,1
TRAIN_P1078,0.0494,0.0158,154,9,0,0,0,0,0,38,0.0202,0,4,2,433.9,NORMAL,0
TRAIN_P0838,0.0336,0.028,212,10,0,0,0,0,0,34,0.0229,0,4,1,556.75,NORMAL,0
TRAIN_P0682,0.0052,0.0305,166,9,0,0,0,0,0,34,0.0097,0,4,1,349.96,NORMAL,0
TRAIN_P1716,0.0346,0.0238,186,8,0,0,0,0,0,24,0.0227,0,2,1,504.26,NORMAL,0
TRAIN_P2353,0.5639,0.0568,155,11,0,0,0,0,0,41,0.2932,12,4,1,363.59,BRUTE_FORCE,1
TRAIN_P2618,0.1315,0.0487,302,14,8,0,0,0,0,30,0.0802,15,6,2,614.69,RECONNAISSANCE,1
TRAIN_P2362,0.6504,0.0652,97,11,0,0,0,0,0,43,0.2632,4,2,1,468.2,BRUTE_FORCE,1
TRAIN_P2198,0.5626,0.0612,177,11,0,0,0,0,0,39,0.3445,20,5,1,375.14,BRUTE_FORCE,1
TRAIN_P1149,0.0261,0.0222,63,8,0,0,0,0,0,6,0.0109,0,2,1,312.98,NORMAL,0
TRAIN_P0575,0.0404,0.0261,126,9,0,0,0,0,0,18,0.0086,0,5,1,214.96,NORMAL,0
TRAIN_P0051,0.0346,0.0145,252,9,0,0,0,0,0,20,0.0123,0,7,1,291.43,NORMAL,0
TRAIN_P0854,0.0766,0.0225,111,9,1,0,0,0,0,33,0.0169,0,4,1,363.9,NORMAL,0
TRAIN_P1983,0.0353,0.0298,117,10,0,0,0,0,0,26,0.0107,0,3,1,298.85,NORMAL,0
TRAIN_P2775,0.0497,0.0844,2432,14,2,0,0,0,2,66,0.0296,20,9,3,485.12,SUSPICIOUS_DATA_ACCESS,1
TRAIN_P1824,0.0169,0.018,128,9,1,0,0,0,0,20,0.0219,2,3,1,310.71,NORMAL,0
TRAIN_P0834,0.0351,0.0124,151,10,0,0,0,0,0,25,0.0154,0,3,1,349.64,NORMAL,0
TRAIN_P1116,0.0157,0.0188,122,6,0,0,0,0,0,34,0.0194,0,4,1,464.6,NORMAL,0
TRAIN_P1167,0.0223,0.0192,144,8,1,0,0,0,0,19,0.0108,0,3,1,478.9,NORMAL,0
TRAIN_P2519,0.0685,0.0367,381,16,3,0,0,0,1,36,0.1132,15,5,2,357.15,RECONNAISSANCE,1
TRAIN_P1907,0.0583,0.0197,179,9,2,0,0,0,0,28,0.0132,0,3,1,396.48,NORMAL,0
TRAIN_P0972,0.0292,0.0221,98,8,0,0,0,0,0,31,0.0127,0,3,1,344.54,NORMAL,0
TRAIN_P2702,0.0672,0.0783,288,18,8,0,0,0,2,62,0.1189,9,5,1,456.04,RECONNAISSANCE,1
TRAIN_P0400,0.0377,0.0183,185,7,1,0,0,0,0,18,0.0153,1,4,1,475.26,NORMAL,0
TRAIN_P2560,0.0795,0.036,424,16,10,0,0,0,1,49,0.105,7,5,1,406.2,RECONNAISSANCE,1
TRAIN_P2369,0.5557,0.03,147,7,0,0,0,0,0,25,0.3537,9,5,1,448.59,BRUTE_FORCE,1
TRAIN_P0020,0.0254,0.0136,140,11,0,0,0,0,0,9,0.0085,0,3,1,390.46,NORMAL,0
TRAIN_P0685,0.0531,0.0293,130,7,1,0,0,0,0,22,0.0251,0,4,1,357.93,NORMAL,0
TRAIN_P0036,0.0113,0.019,152,5,0,0,0,0,0,31,0.0119,0,3,1,333.93,NORMAL,0
TRAIN_P2951,0.0714,0.0906,2169,13,0,1,1,0,2,35,0.0511,14,7,3,645.57,SUSPICIOUS_DATA_ACCESS,1
TRAIN_P3395,0.0815,0.077,1601,11,2,2,2,6,5,60,0.0626,27,11,3,531.95,PRIVILEGE_ABUSE,1
TRAIN_P2876,0.0811,0.0669,1936,14,1,0,1,0,1,20,0.0302,16,6,1,539.06,SUSPICIOUS_DATA_ACCESS,1
TRAIN_P0525,0.0643,0.008,148,8,0,0,0,0,0,25,0.0133,0,1,1,416.87,NORMAL,0
TRAIN_P2456,0.086,0.0675,321,18,5,1,0,0,2,67,0.0756,10,4,2,471.08,RECONNAISSANCE,1
TRAIN_P0921,0.0257,0.0159,156,13,0,0,0,0,1,33,0.0145,0,6,1,388.36,NORMAL,0
TRAIN_P1842,0.0232,0.0196,67,9,0,0,0,0,0,31,0.0158,0,4,2,403.97,NORMAL,0
TRAIN_P1891,0.0275,0.0122,129,9,0,0,0,0,0,17,0.016,0,3,1,180.0,NORMAL,0
TRAIN_P0538,0.0787,0.0213,149,10,0,0,0,0,0,28,0.0183,0,3,1,284.44,NORMAL,0
TRAIN_P2807,0.0229,0.0932,2045,14,2,2,0,0,3,65,0.0479,12,8,2,360.37,SUSPICIOUS_DATA_ACCESS,1
TRAIN_P1706,0.041,0.0151,142,10,2,0,0,0,0,29,0.0087,1,3,1,450.28,NORMAL,0
TRAIN_P3512,0.1455,0.0414,1456,18,5,0,1,3,2,39,0.1021,22,10,1,627.2,PRIVILEGE_ABUSE,1
TRAIN_P3111,0.0933,0.132,2447,16,2,9,5,0,3,49,0.0282,25,6,1,473.65,DATA_EXFILTRATION,1
TRAIN_P0246,0.0527,0.0173,70,8,1,0,0,0,0,24,0.0117,0,2,1,249.5,NORMAL,0
TRAIN_P0785,0.0598,0.0223,186,8,0,0,0,0,0,39,0.0085,0,6,2,441.62,NORMAL,0
TRAIN_P1410,0.0324,0.0168,127,7,0,0,0,0,0,21,0.0125,0,3,1,292.91,NORMAL,0
TRAIN_P2538,0.1259,0.0789,229,18,8,0,0,0,1,55,0.1028,9,6,1,494.55,RECONNAISSANCE,1
TRAIN_P0155,0.0318,0.0163,195,8,0,0,0,0,0,20,0.0193,0,4,1,421.29,NORMAL,0
TRAIN_P3010,0.0348,0.0496,3132,15,3,0,0,0,2,65,0.0354,20,6,3,575.59,SUSPICIOUS_DATA_ACCESS,1
TRAIN_P1687,0.0768,0.0177,164,6,0,0,0,0,0,23,0.0173,0,4,2,440.4,NORMAL,0
TRAIN_P2902,0.0562,0.0638,2465,10,3,2,0,0,1,54,0.0325,10,6,2,743.99,SUSPICIOUS_DATA_ACCESS,1
TRAIN_P0626,0.0551,0.019,141,7,0,0,0,0,0,25,0.0093,0,3,1,500.16,NORMAL,0
TRAIN_P2734,0.1098,0.0511,405,20,10,0,0,0,1,31,0.0766,7,6,1,506.16,RECONNAISSANCE,1
TRAIN_P3449,0.0821,0.0943,1107,15,3,0,0,4,2,42,0.1174,21,10,2,461.88,PRIVILEGE_ABUSE,1
TRAIN_P1347,0.0744,0.0274,168,8,1,0,0,0,0,16,0.0227,0,2,1,324.01,NORMAL,0
TRAIN_P0570,0.0368,0.0235,139,10,0,0,0,0,0,38,0.0133,0,6,1,376.87,NORMAL,0
TRAIN_P3514,0.0686,0.0493,1637,11,3,1,0,8,2,29,0.0732,17,9,2,576.26,PRIVILEGE_ABUSE,1
TRAIN_P1759,0.0324,0.0185,179,5,0,0,1,0,1,20,0.0188,0,4,1,266.08,NORMAL,0
TRAIN_P1817,0.0304,0.0161,102,9,1,0,0,0,0,21,0.0142,0,4,1,378.83,NORMAL,0
TRAIN_P2066,0.0413,0.0256,176,6,0,0,0,0,0,34,0.015,0,2,1,385.15,NORMAL,0
TRAIN_P0128,0.0311,0.0264,152,10,0,0,0,0,0,22,0.013,0,4,1,440.87,NORMAL,0
TRAIN_P3571,0.1051,0.0769,1917,17,4,1,1,9,3,61,0.0613,23,11,3,425.27,PRIVILEGE_ABUSE,1
TRAIN_P2007,0.0365,0.024,176,7,0,0,0,0,0,33,0.0122,0,4,1,412.36,NORMAL,0
TRAIN_P2976,0.0701,0.0491,3002,10,1,0,1,0,0,48,0.0526,18,5,1,567.09,SUSPICIOUS_DATA_ACCESS,1
TRAIN_P0981,0.0485,0.0195,177,9,0,0,0,0,0,23,0.0074,0,1,1,414.32,NORMAL,0
TRAIN_P3567,0.112,0.0775,1709,17,6,2,1,8,4,54,0.0641,18,9,3,660.72,PRIVILEGE_ABUSE,1
TRAIN_P0191,0.0403,0.0196,212,10,0,0,0,0,0,27,0.0178,0,3,1,324.76,NORMAL,0
TRAIN_P1140,0.0319,0.0298,194,8,0,0,0,0,0,6,0.0142,2,4,1,306.03,NORMAL,0
TRAIN_P0993,0.0763,0.0216,156,8,0,0,0,0,0,33,0.0094,0,1,1,373.03,NORMAL,0
TRAIN_P0700,0.038,0.0241,140,11,0,0,0,0,0,37,0.0195,0,3,1,378.02,NORMAL,0
TRAIN_P3276,0.094,0.0902,3662,12,2,17,5,0,1,57,0.0274,26,7,3,714.97,DATA_EXFILTRATION,1
TRAIN_P0607,0.0205,0.0287,182,7,0,0,1,0,0,19,0.0167,0,3,1,461.22,NORMAL,0
TRAIN_P0181,0.0799,0.0355,174,8,0,0,0,0,0,26,0.0175,0,3,1,434.13,NORMAL,0
TRAIN_P0302,0.0293,0.0187,107,8,0,0,0,0,1,30,0.011,0,4,1,459.69,NORMAL,0
TRAIN_P2545,0.0853,0.0604,260,16,7,0,0,0,1,59,0.139,9,5,2,531.49,RECONNAISSANCE,1
TRAIN_P3332,0.0624,0.1535,3029,14,1,14,6,0,3,43,0.0186,32,8,3,808.44,DATA_EXFILTRATION,1
TRAIN_P1061,0.0,0.0219,128,6,0,0,0,0,0,12,0.0085,0,3,1,464.53,NORMAL,0
TRAIN_P3383,0.1125,0.0973,1193,16,4,2,0,7,3,58,0.0774,18,14,2,560.73,PRIVILEGE_ABUSE,1
TRAIN_P3451,0.0905,0.0847,1425,17,2,1,0,3,4,44,0.0212,18,10,2,643.98,PRIVILEGE_ABUSE,1
TRAIN_P2566,0.0571,0.0594,383,15,5,0,0,0,1,37,0.04,7,4,1,395.81,RECONNAISSANCE,1
TRAIN_P1070,0.0359,0.0197,133,9,0,0,0,0,0,30,0.0145,0,4,1,404.83,NORMAL,0
TRAIN_P2525,0.1162,0.072,294,14,8,0,0,0,1,44,0.053,9,5,2,379.66,RECONNAISSANCE,1
TRAIN_P2206,0.5654,0.0484,252,7,0,0,0,0,0,33,0.2388,15,2,1,460.29,BRUTE_FORCE,1
TRAIN_P1244,0.0413,0.0203,181,9,0,0,0,0,0,8,0.0129,0,4,2,476.92,NORMAL,0
TRAIN_P0017,0.0687,0.02,203,10,0,0,0,0,0,26,0.0107,0,6,1,230.62,NORMAL,0
TRAIN_P3121,0.0579,0.096,3009,14,1,11,7,0,4,60,0.0497,21,8,2,619.18,DATA_EXFILTRATION,1
TRAIN_P3574,0.1093,0.0874,1225,16,3,1,0,5,3,70,0.0789,18,11,3,643.54,PRIVILEGE_ABUSE,1
TRAIN_P0547,0.0256,0.0285,227,10,0,0,0,0,0,15,0.0076,0,2,1,547.29,NORMAL,0
TRAIN_P0659,0.0076,0.0133,98,8,0,0,0,0,0,12,0.0215,0,3,1,503.0,NORMAL,0
TRAIN_P3240,0.0482,0.0821,2827,14,2,14,5,0,2,64,0.0264,45,6,2,456.01,DATA_EXFILTRATION,1
TRAIN_P3068,0.0315,0.0721,2453,16,3,2,1,0,0,41,0.0514,12,3,2,612.18,SUSPICIOUS_DATA_ACCESS,1
TRAIN_P3281,0.0915,0.1213,3370,15,2,13,7,0,2,65,0.0401,34,8,3,764.01,DATA_EXFILTRATION,1
TRAIN_P1505,0.0374,0.0188,101,5,0,0,0,0,0,19,0.015,0,3,1,411.24,NORMAL,0
TRAIN_P0960,0.0551,0.0164,182,7,0,0,0,0,0,13,0.0104,0,1,1,364.21,NORMAL,0
TRAIN_P2927,0.0364,0.1134,2191,16,3,1,1,0,2,62,0.0247,17,8,2,537.91,SUSPICIOUS_DATA_ACCESS,1
TRAIN_P2332,0.4472,0.0742,233,10,0,0,0,0,0,50,0.3632,3,5,1,384.0,BRUTE_FORCE,1
TRAIN_P0798,0.0316,0.0125,180,11,0,0,0,0,0,22,0.0158,0,4,1,318.53,NORMAL,0
TRAIN_P0226,0.0,0.0286,138,9,0,0,0,0,0,20,0.0166,0,3,1,336.3,NORMAL,0
TRAIN_P2075,0.0552,0.0222,137,7,0,0,0,0,1,32,0.0142,0,4,1,326.14,NORMAL,0
TRAIN_P1800,0.0451,0.0167,216,10,0,0,0,0,0,30,0.0156,0,4,1,340.64,NORMAL,0
TRAIN_P2486,0.0505,0.086,423,17,9,0,0,0,0,53,0.1019,9,8,2,544.97,RECONNAISSANCE,1
TRAIN_P3552,0.0624,0.0703,1522,13,5,3,1,6,4,33,0.1009,22,6,4,512.22,PRIVILEGE_ABUSE,1
TRAIN_P2278,0.619,0.0728,187,10,0,0,0,0,0,51,0.27,7,4,1,483.16,BRUTE_FORCE,1
TRAIN_P2086,0.0466,0.0223,136,9,0,0,0,0,0,26,0.0143,0,2,1,321.99,NORMAL,0
TRAIN_P1694,0.0129,0.0181,151,7,1,0,0,0,0,17,0.0109,0,4,1,425.93,NORMAL,0
TRAIN_P2798,0.0254,0.0573,2164,13,1,0,0,0,4,57,0.0184,23,9,2,654.76,SUSPICIOUS_DATA_ACCESS,1
TRAIN_P1046,0.054,0.0154,155,7,0,0,0,0,0,18,0.0158,0,4,1,339.59,NORMAL,0
TRAIN_P0470,0.0628,0.0158,147,9,1,0,0,0,0,42,0.016,0,5,1,369.25,NORMAL,0
TRAIN_P0955,0.0601,0.0209,131,8,0,0,0,0,0,14,0.0127,0,3,1,331.0,NORMAL,0
TRAIN_P3570,0.0886,0.0802,1803,14,3,2,1,5,3,44,0.1145,12,5,2,612.91,PRIVILEGE_ABUSE,1
TRAIN_P2736,0.1113,0.0755,260,13,2,0,0,0,2,45,0.1085,12,8,2,480.24,RECONNAISSANCE,1
TRAIN_P3457,0.1145,0.0578,2324,14,0,2,0,8,4,50,0.0775,25,7,3,533.67,PRIVILEGE_ABUSE,1
TRAIN_P0640,0.0305,0.0164,219,11,0,0,0,0,0,27,0.0143,0,3,1,399.19,NORMAL,0
TRAIN_P3335,0.0814,0.1763,3265,15,1,12,4,0,3,64,0.0604,25,8,3,643.62,DATA_EXFILTRATION,1
TRAIN_P1219,0.0443,0.0206,179,10,0,0,0,0,0,21,0.0162,0,2,1,344.42,NORMAL,0
TRAIN_P1159,0.025,0.0229,178,8,0,0,0,0,0,20,0.0163,0,6,1,281.29,NORMAL,0
TRAIN_P1416,0.0822,0.0226,187,11,0,0,0,0,0,22,0.0119,0,3,1,348.44,NORMAL,0
TRAIN_P3252,0.0463,0.1263,2473,13,1,13,3,0,1,74,0.0301,28,9,4,574.13,DATA_EXFILTRATION,1
TRAIN_P1528,0.0477,0.0194,124,7,0,0,0,0,1,37,0.0187,0,3,1,551.77,NORMAL,0
TRAIN_P3502,0.0965,0.0552,1967,11,4,2,0,5,4,58,0.1209,23,8,3,501.91,PRIVILEGE_ABUSE,1
TRAIN_P1301,0.0472,0.0226,132,9,0,0,0,0,0,24,0.0149,0,3,1,423.44,NORMAL,0
TRAIN_P3438,0.0808,0.0567,1894,11,3,0,2,9,3,39,0.1302,21,9,3,507.38,PRIVILEGE_ABUSE,1
TRAIN_P2849,0.0671,0.0904,2702,25,1,1,0,0,4,55,0.0457,17,7,2,527.85,SUSPICIOUS_DATA_ACCESS,1
TRAIN_P1604,0.0416,0.0119,136,11,0,0,0,0,0,29,0.0104,0,1,1,334.21,NORMAL,0
TRAIN_P0161,0.0565,0.0157,123,8,0,0,0,0,0,27,0.016,0,3,2,440.48,NORMAL,0
TRAIN_P1705,0.053,0.0249,110,9,0,0,0,0,0,21,0.0147,0,3,2,180.0,NORMAL,0
TRAIN_P0957,0.0418,0.0222,124,10,0,0,0,0,0,41,0.0236,0,2,1,275.2,NORMAL,0
TRAIN_P3235,0.1043,0.1143,3058,13,1,10,8,0,2,79,0.0261,39,12,4,597.5,DATA_EXFILTRATION,1
TRAIN_P2870,0.0712,0.0461,2195,10,4,0,0,0,2,62,0.0257,16,5,3,528.24,SUSPICIOUS_DATA_ACCESS,1
TRAIN_P3495,0.0586,0.052,904,19,2,2,1,8,3,36,0.0489,19,5,2,398.13,PRIVILEGE_ABUSE,1
TRAIN_P0878,0.0338,0.0183,124,7,0,0,0,0,0,30,0.0196,0,4,1,364.2,NORMAL,0
TRAIN_P1920,0.0559,0.0267,140,9,0,0,0,0,0,26,0.0142,0,3,1,364.81,NORMAL,0
TRAIN_P2962,0.029,0.0871,3173,10,3,0,1,0,2,54,0.0581,21,5,4,395.7,SUSPICIOUS_DATA_ACCESS,1
TRAIN_P1885,0.042,0.0268,173,13,1,0,0,0,0,21,0.0044,0,5,1,381.23,NORMAL,0
TRAIN_P2201,0.7157,0.1064,148,11,1,0,0,0,2,15,0.336,12,5,1,338.09,BRUTE_FORCE,1
TRAIN_P0099,0.0663,0.0139,128,6,0,1,0,0,0,25,0.0211,0,4,1,355.27,NORMAL,0
TRAIN_P3393,0.1016,0.0698,1492,15,4,3,1,10,4,73,0.0931,23,8,3,577.47,PRIVILEGE_ABUSE,1
TRAIN_P2558,0.1086,0.0646,267,15,7,0,0,0,0,33,0.0658,12,8,1,638.02,RECONNAISSANCE,1
TRAIN_P3184,0.0303,0.1282,3145,15,3,13,6,0,2,68,0.0323,28,6,4,558.42,DATA_EXFILTRATION,1
TRAIN_P0254,0.0446,0.0107,174,9,0,0,0,0,0,17,0.0114,0,5,1,518.79,NORMAL,0
TRAIN_P0104,0.0262,0.0197,127,8,0,0,0,0,0,25,0.0114,2,4,1,475.25,NORMAL,0
TRAIN_P1446,0.0233,0.0214,183,8,0,0,0,0,0,29,0.0184,0,3,1,332.93,NORMAL,0
TRAIN_P1444,0.0806,0.0146,149,7,1,0,0,0,0,16,0.0214,0,7,1,390.79,NORMAL,0
TRAIN_P1649,0.0357,0.0214,199,7,0,0,0,0,0,33,0.0202,1,4,1,352.98,NORMAL,0
TRAIN_P0587,0.0363,0.0233,115,8,0,0,0,0,0,18,0.0153,0,2,1,417.48,NORMAL,0
TRAIN_P0628,0.0348,0.0219,157,9,0,0,0,0,0,20,0.0105,0,3,1,340.87,NORMAL,0
TRAIN_P1697,0.0275,0.0159,134,9,0,0,0,0,0,16,0.0142,0,5,1,394.62,NORMAL,0
TRAIN_P3192,0.0576,0.1149,3341,11,1,11,6,0,0,82,0.0051,30,7,3,813.38,DATA_EXFILTRATION,1
TRAIN_P2102,0.05,0.0275,130,10,0,0,0,0,0,20,0.0198,0,2,1,486.33,NORMAL,0
TRAIN_P2200,0.5798,0.0723,139,8,0,0,0,0,0,36,0.3555,10,4,1,300.52,BRUTE_FORCE,1
TRAIN_P0404,0.0315,0.0253,157,10,1,0,0,0,0,31,0.0091,0,6,1,311.82,NORMAL,0
TRAIN_P1155,0.044,0.0152,176,9,1,0,0,0,0,10,0.0065,0,4,2,473.67,NORMAL,0
TRAIN_P2256,0.5932,0.0674,261,10,0,0,1,0,2,37,0.2727,12,5,1,406.42,BRUTE_FORCE,1
TRAIN_P2864,0.0394,0.0714,2130,10,3,1,2,0,2,51,0.0567,12,5,3,501.03,SUSPICIOUS_DATA_ACCESS,1
TRAIN_P1683,0.0385,0.0169,170,8,0,0,0,0,0,29,0.009,0,4,1,423.21,NORMAL,0
TRAIN_P3171,0.0517,0.1274,3325,12,2,14,5,0,3,52,0.0423,33,8,2,360.72,DATA_EXFILTRATION,1
TRAIN_P2057,0.0484,0.0087,231,10,0,0,0,0,0,30,0.011,0,1,1,373.78,NORMAL,0
TRAIN_P3063,0.0573,0.0891,2799,12,3,1,1,0,2,76,0.044,13,9,3,637.04,SUSPICIOUS_DATA_ACCESS,1
TRAIN_P3413,0.0741,0.0633,2441,14,0,0,1,6,3,54,0.1148,27,7,3,702.74,PRIVILEGE_ABUSE,1
TRAIN_P3109,0.0597,0.1204,2597,13,3,15,2,0,1,47,0.0438,45,5,3,423.09,DATA_EXFILTRATION,1
TRAIN_P0453,0.0075,0.0075,161,9,0,0,0,0,0,29,0.0118,1,4,1,435.63,NORMAL,0
TRAIN_P2302,0.5438,0.0695,231,7,0,0,0,0,0,31,0.344,14,5,1,375.37,BRUTE_FORCE,1
TRAIN_P1328,0.0396,0.0156,123,9,0,0,0,0,0,16,0.0183,0,6,1,337.78,NORMAL,0
TRAIN_P2945,0.0534,0.0681,2035,10,1,0,0,0,0,39,0.0392,20,7,2,538.15,SUSPICIOUS_DATA_ACCESS,1
TRAIN_P2050,0.0765,0.0234,136,10,2,0,0,0,0,16,0.0153,0,5,1,404.09,NORMAL,0
TRAIN_P0881,0.0581,0.022,147,7,2,0,0,0,0,28,0.0185,0,4,1,383.52,NORMAL,0
TRAIN_P3498,0.0816,0.0429,2379,13,2,0,1,5,4,36,0.074,20,9,3,573.33,PRIVILEGE_ABUSE,1
TRAIN_P0624,0.0522,0.0134,127,8,0,0,0,0,0,21,0.0153,0,3,1,437.18,NORMAL,0
TRAIN_P2394,0.6229,0.0748,119,7,0,0,0,0,0,48,0.3875,18,5,1,404.01,BRUTE_FORCE,1
TRAIN_P3326,0.0962,0.1072,3453,13,1,14,8,0,4,62,0.0551,33,9,5,971.77,DATA_EXFILTRATION,1
TRAIN_P1788,0.0323,0.0201,75,8,1,0,0,0,0,27,0.0179,0,2,1,268.24,NORMAL,0
TRAIN_P0263,0.0041,0.0132,121,11,0,0,0,0,0,28,0.0157,0,6,1,336.62,NORMAL,0
TRAIN_P1635,0.0443,0.0203,90,11,0,0,0,0,0,24,0.0235,0,4,1,377.26,NORMAL,0
TRAIN_P1439,0.054,0.0153,203,9,0,0,0,0,0,29,0.0241,0,3,1,344.49,NORMAL,0
TRAIN_P2199,0.4848,0.0821,149,10,0,0,0,0,0,38,0.3061,10,4,1,463.46,BRUTE_FORCE,1
TRAIN_P1970,0.0657,0.0148,125,10,0,0,0,0,1,19,0.0179,0,4,1,377.9,NORMAL,0
TRAIN_P2521,0.1881,0.0624,371,19,7,0,0,0,1,41,0.0734,10,5,1,434.9,RECONNAISSANCE,1
TRAIN_P1803,0.0478,0.0071,150,7,1,0,0,0,0,22,0.0064,0,3,1,363.56,NORMAL,0
TRAIN_P0641,0.0136,0.0213,236,7,0,0,0,0,0,22,0.0162,0,3,2,554.86,NORMAL,0
TRAIN_P3584,0.0324,0.0849,1162,11,5,0,2,4,3,56,0.016,39,8,2,401.7,PRIVILEGE_ABUSE,1
TRAIN_P2386,0.6772,0.0771,151,9,0,0,0,0,0,39,0.3003,17,4,1,493.09,BRUTE_FORCE,1
TRAIN_P2599,0.0819,0.0592,332,18,10,0,1,0,1,55,0.1013,8,6,1,377.35,RECONNAISSANCE,1
TRAIN_P3396,0.0774,0.0789,1926,14,0,2,1,4,2,62,0.1136,6,10,3,538.16,PRIVILEGE_ABUSE,1
TRAIN_P1960,0.0373,0.0281,172,9,1,0,0,0,0,25,0.0103,0,3,1,284.03,NORMAL,0
TRAIN_P2977,0.0771,0.094,3114,11,1,1,0,0,1,46,0.0002,12,8,3,695.83,SUSPICIOUS_DATA_ACCESS,1
TRAIN_P0489,0.0279,0.0225,171,9,0,0,0,0,0,46,0.0165,0,1,1,347.81,NORMAL,0
TRAIN_P1844,0.0004,0.0182,84,9,0,0,0,0,0,22,0.0227,0,4,1,336.12,NORMAL,0
TRAIN_P1735,0.0521,0.0128,125,8,2,0,0,0,0,18,0.0131,0,4,1,463.68,NORMAL,0
TRAIN_P2912,0.1149,0.102,2329,11,0,1,1,0,2,26,0.0211,20,10,2,710.98,SUSPICIOUS_DATA_ACCESS,1
TRAIN_P3220,0.0956,0.0975,2972,13,0,9,7,0,2,52,0.0568,21,6,3,640.25,DATA_EXFILTRATION,1
TRAIN_P0147,0.0207,0.0178,151,8,0,0,0,0,0,33,0.0091,0,2,2,332.6,NORMAL,0
TRAIN_P1535,0.0061,0.0224,181,10,1,0,0,0,0,21,0.0208,1,2,1,277.91,NORMAL,0
TRAIN_P1987,0.069,0.0216,151,9,0,0,0,0,0,35,0.0168,0,6,1,298.31,NORMAL,0
TRAIN_P1370,0.0426,0.0211,134,11,0,0,0,0,0,33,0.0148,0,4,1,351.85,NORMAL,0
TRAIN_P2451,0.0088,0.0668,298,18,8,0,0,0,2,39,0.0864,9,5,2,530.28,RECONNAISSANCE,1
TRAIN_P3520,0.0993,0.0799,1636,12,3,2,0,3,2,36,0.096,24,6,3,385.63,PRIVILEGE_ABUSE,1
TRAIN_P3003,0.0463,0.0648,2701,11,0,1,0,0,2,46,0.0374,19,2,2,493.59,SUSPICIOUS_DATA_ACCESS,1
TRAIN_P2812,0.0708,0.0696,3512,12,2,0,0,0,0,63,0.0531,21,6,2,653.57,SUSPICIOUS_DATA_ACCESS,1
TRAIN_P0660,0.0307,0.0179,121,10,0,0,0,0,0,23,0.0204,0,6,1,274.01,NORMAL,0
TRAIN_P1795,0.0273,0.0247,209,8,0,0,0,0,0,27,0.0126,0,5,1,488.77,NORMAL,0
TRAIN_P2512,0.0852,0.0696,271,15,8,0,0,0,1,60,0.1289,11,4,1,391.21,RECONNAISSANCE,1
TRAIN_P0187,0.0354,0.0154,185,10,0,0,0,0,0,24,0.0078,0,5,2,277.12,NORMAL,0
TRAIN_P1148,0.0383,0.0213,149,9,1,0,0,0,1,26,0.0167,0,4,1,314.96,NORMAL,0
TRAIN_P3273,0.037,0.1069,3757,8,0,13,7,1,1,54,0.0447,34,9,3,561.42,DATA_EXFILTRATION,1
TRAIN_P0609,0.029,0.0158,81,9,0,0,0,0,0,36,0.0109,0,5,1,226.18,NORMAL,0
TRAIN_P2192,0.5298,0.0843,202,10,0,0,0,0,0,36,0.3272,5,3,1,309.25,BRUTE_FORCE,1
TRAIN_P2800,0.0857,0.0665,2216,15,2,1,1,0,1,50,0.0231,21,9,3,624.51,SUSPICIOUS_DATA_ACCESS,1
TRAIN_P1931,0.0447,0.0186,103,8,0,0,0,0,1,21,0.0143,1,3,1,443.25,NORMAL,0
TRAIN_P3030,0.0706,0.0926,2388,10,2,1,0,0,1,50,0.0516,24,7,2,536.51,SUSPICIOUS_DATA_ACCESS,1
TRAIN_P0198,0.0344,0.0221,118,8,0,0,0,0,0,23,0.012,0,5,1,547.08,NORMAL,0
TRAIN_P2932,0.0817,0.0778,2442,12,6,1,0,0,1,59,0.0613,23,5,2,729.55,SUSPICIOUS_DATA_ACCESS,1
TRAIN_P2328,0.578,0.0859,169,7,2,0,0,0,0,47,0.3236,6,2,1,427.32,BRUTE_FORCE,1
TRAIN_P0294,0.0458,0.0172,93,8,0,0,0,0,0,16,0.0111,0,1,1,417.72,NORMAL,0
TRAIN_P0767,0.0605,0.0258,110,7,0,0,0,0,0,21,0.0138,0,3,1,420.33,NORMAL,0
TRAIN_P0401,0.0406,0.024,153,7,0,0,0,0,0,30,0.0149,0,6,1,332.84,NORMAL,0
TRAIN_P0123,0.0378,0.017,185,7,2,0,0,0,0,14,0.0271,1,2,1,473.18,NORMAL,0
TRAIN_P3256,0.0602,0.0927,3334,15,2,5,8,0,3,66,0.0339,25,9,3,640.95,DATA_EXFILTRATION,1
TRAIN_P0203,0.0025,0.0231,124,7,0,0,0,0,0,32,0.0214,0,3,1,548.81,NORMAL,0
TRAIN_P0836,0.0702,0.015,133,6,0,0,0,0,0,38,0.0146,0,3,1,376.16,NORMAL,0
TRAIN_P2295,0.4758,0.0405,164,7,0,0,0,0,0,40,0.1921,12,4,1,370.84,BRUTE_FORCE,1
TRAIN_P1440,0.0289,0.0176,255,9,0,0,0,0,0,45,0.0116,0,5,1,268.6,NORMAL,0
TRAIN_P1734,0.017,0.0164,134,8,0,0,0,0,0,10,0.0215,0,6,1,320.89,NORMAL,0
TRAIN_P1696,0.0304,0.0202,201,11,0,0,0,0,0,43,0.0177,0,5,1,331.5,NORMAL,0
TRAIN_P3509,0.0452,0.0705,1200,16,2,1,1,6,3,40,0.0825,17,11,3,415.63,PRIVILEGE_ABUSE,1
TRAIN_P1708,0.0274,0.0222,148,8,0,0,0,0,0,34,0.0055,0,4,1,440.94,NORMAL,0
TRAIN_P3493,0.0458,0.0785,2342,9,0,2,1,7,3,26,0.055,31,7,3,240.77,PRIVILEGE_ABUSE,1
TRAIN_P1154,0.0527,0.0167,170,9,0,0,0,0,0,27,0.019,0,6,1,268.79,NORMAL,0
TRAIN_P1662,0.0427,0.0277,213,5,0,0,0,0,0,31,0.0206,1,3,1,362.12,NORMAL,0
TRAIN_P2433,0.4856,0.0423,207,9,1,0,0,0,1,39,0.3123,17,4,1,399.79,BRUTE_FORCE,1
TRAIN_P3376,0.1259,0.0855,1737,16,4,1,2,5,3,30,0.1025,18,12,3,492.73,PRIVILEGE_ABUSE,1
TRAIN_P1760,0.0544,0.0239,128,9,0,0,0,0,0,23,0.0099,0,3,1,490.95,NORMAL,0
TRAIN_P0855,0.0513,0.0178,159,7,1,0,0,0,0,27,0.0158,0,3,1,346.19,NORMAL,0
TRAIN_P1590,0.0379,0.023,126,10,0,0,1,0,0,22,0.0219,0,2,2,314.71,NORMAL,0
TRAIN_P2268,0.4899,0.0639,185,9,0,0,0,0,0,28,0.277,17,3,1,446.96,BRUTE_FORCE,1
TRAIN_P0642,0.0122,0.0155,40,9,0,0,0,0,0,18,0.0227,0,4,1,379.17,NORMAL,0
TRAIN_P0002,0.0448,0.0104,81,8,0,0,0,0,0,36,0.0139,0,7,1,411.54,NORMAL,0
TRAIN_P2161,0.458,0.0763,202,11,0,0,0,0,0,69,0.3275,12,4,1,377.1,BRUTE_FORCE,1
TRAIN_P0699,0.0507,0.0275,134,11,0,0,0,0,0,27,0.0147,0,4,1,329.0,NORMAL,0
TRAIN_P3521,0.112,0.0927,1317,12,3,0,0,8,5,40,0.0552,26,11,3,452.25,PRIVILEGE_ABUSE,1
TRAIN_P3000,0.0719,0.0454,2545,15,5,1,0,0,2,44,0.0519,17,9,2,787.62,SUSPICIOUS_DATA_ACCESS,1
TRAIN_P1637,0.0332,0.0241,188,6,0,0,0,0,0,17,0.0172,0,5,1,389.72,NORMAL,0
TRAIN_P3185,0.0668,0.0624,3384,13,3,14,6,0,4,73,0.0349,39,8,2,756.73,DATA_EXFILTRATION,1
TRAIN_P1292,0.0407,0.0179,161,6,0,0,0,0,1,34,0.0159,0,2,1,180.0,NORMAL,0
TRAIN_P3426,0.0486,0.0681,1947,10,4,2,1,5,4,40,0.1117,25,10,2,458.25,PRIVILEGE_ABUSE,1
TRAIN_P2490,0.0736,0.0595,463,12,7,0,0,0,0,61,0.0913,5,2,1,503.94,RECONNAISSANCE,1
TRAIN_P1521,0.0051,0.0145,154,7,0,0,0,0,0,21,0.015,0,4,1,417.29,NORMAL,0
TRAIN_P1854,0.1023,0.0228,155,8,0,0,0,0,1,32,0.0132,1,3,1,426.91,NORMAL,0
TRAIN_P1137,0.0478,0.016,205,7,0,0,0,0,0,18,0.0154,0,1,2,559.57,NORMAL,0
TRAIN_P3305,0.056,0.0941,2946,15,3,13,5,0,2,55,0.0168,26,8,2,555.76,DATA_EXFILTRATION,1
TRAIN_P3477,0.1593,0.0802,2181,15,3,2,1,9,4,51,0.1103,24,16,3,666.14,PRIVILEGE_ABUSE,1
TRAIN_P1632,0.0583,0.0137,201,10,2,0,0,0,0,21,0.0154,0,2,1,350.11,NORMAL,0
TRAIN_P1999,0.0573,0.0171,160,8,1,0,0,0,0,23,0.0076,0,4,1,235.48,NORMAL,0
TRAIN_P0664,0.0349,0.0175,201,8,0,0,0,0,0,29,0.0192,0,4,1,431.69,NORMAL,0
TRAIN_P0684,0.072,0.018,128,7,0,0,0,0,0,16,0.0042,0,3,1,456.47,NORMAL,0
TRAIN_P1258,0.0389,0.0258,130,10,0,0,0,0,0,26,0.0116,0,3,1,418.58,NORMAL,0
TRAIN_P3390,0.1391,0.0691,1325,15,3,0,0,8,3,22,0.128,16,7,4,448.37,PRIVILEGE_ABUSE,1
TRAIN_P0318,0.021,0.0216,110,8,1,0,0,0,0,29,0.0115,0,4,1,274.07,NORMAL,0
TRAIN_P0649,0.0704,0.0225,111,9,1,0,0,0,0,31,0.0173,0,4,1,437.0,NORMAL,0
TRAIN_P1435,0.0373,0.0163,173,9,1,0,0,0,0,25,0.0149,0,6,1,312.77,NORMAL,0
TRAIN_P1480,0.0465,0.0142,120,10,0,0,0,0,0,18,0.0155,0,4,1,572.52,NORMAL,0
TRAIN_P0710,0.0612,0.0184,150,10,0,0,0,0,0,24,0.0219,0,4,2,180.0,NORMAL,0
TRAIN_P1283,0.0233,0.0296,163,8,2,0,0,0,0,37,0.0197,0,2,2,404.84,NORMAL,0
TRAIN_P1769,0.0361,0.0238,178,7,0,0,0,0,0,33,0.0099,0,1,1,283.59,NORMAL,0
TRAIN_P0973,0.0408,0.0211,166,6,0,0,0,0,0,14,0.0092,0,4,1,548.56,NORMAL,0
TRAIN_P2676,0.1399,0.0761,232,17,6,0,0,0,0,31,0.1145,9,7,1,440.99,RECONNAISSANCE,1
TRAIN_P2681,0.0762,0.0625,314,29,11,0,0,0,1,16,0.0862,9,4,1,308.28,RECONNAISSANCE,1
TRAIN_P1307,0.0384,0.021,108,8,0,0,0,0,0,9,0.0076,0,4,1,417.14,NORMAL,0
TRAIN_P1401,0.0619,0.0257,194,9,2,0,0,0,0,32,0.0201,0,4,1,312.31,NORMAL,0
TRAIN_P1409,0.0486,0.019,177,8,2,0,0,0,0,21,0.0117,0,2,1,355.65,NORMAL,0
TRAIN_P3297,0.1021,0.1304,2365,11,2,11,9,0,1,60,0.0371,41,8,4,785.68,DATA_EXFILTRATION,1
TRAIN_P2238,0.5229,0.0758,199,9,0,0,0,0,1,40,0.3105,5,4,1,238.92,BRUTE_FORCE,1
TRAIN_P3303,0.0471,0.1476,3333,14,2,12,5,0,3,70,0.062,44,10,2,768.11,DATA_EXFILTRATION,1
TRAIN_P1497,0.0223,0.0235,111,12,0,0,0,0,0,44,0.0106,0,2,1,331.73,NORMAL,0
TRAIN_P2039,0.0505,0.0123,186,8,2,0,0,0,0,30,0.0109,0,3,1,208.93,NORMAL,0
TRAIN_P1530,0.0406,0.0306,189,8,0,0,0,0,0,13,0.016,0,5,2,307.43,NORMAL,0
TRAIN_P1664,0.0275,0.0193,151,11,0,0,0,0,0,37,0.0181,0,3,1,346.73,NORMAL,0
TRAIN_P1355,0.0358,0.0165,151,7,0,0,0,0,0,35,0.0137,0,4,1,375.68,NORMAL,0
TRAIN_P3505,0.0797,0.0611,1615,16,3,0,2,6,1,63,0.0797,20,8,3,713.59,PRIVILEGE_ABUSE,1
TRAIN_P3531,0.1034,0.0837,1421,12,5,0,1,7,2,43,0.0693,23,9,3,550.72,PRIVILEGE_ABUSE,1
TRAIN_P1644,0.0521,0.0133,103,10,0,0,0,0,0,23,0.0192,0,2,1,326.86,NORMAL,0
TRAIN_P1052,0.0124,0.0231,221,9,0,0,0,0,1,38,0.021,0,5,1,449.96,NORMAL,0
TRAIN_P0796,0.0637,0.0226,202,8,0,0,0,0,0,19,0.0154,0,2,1,301.09,NORMAL,0
TRAIN_P2694,0.0943,0.0602,356,13,8,0,0,0,1,49,0.1012,7,3,1,454.59,RECONNAISSANCE,1
TRAIN_P3061,0.0148,0.0689,1496,14,2,2,0,0,2,51,0.0269,15,4,3,543.06,SUSPICIOUS_DATA_ACCESS,1
TRAIN_P1598,0.0547,0.0123,183,9,1,0,0,0,0,13,0.0137,0,2,1,489.27,NORMAL,0
TRAIN_P2605,0.0961,0.0587,310,15,8,0,0,0,1,74,0.0946,5,5,2,402.74,RECONNAISSANCE,1
TRAIN_P2730,0.0622,0.0775,321,14,7,0,0,0,0,37,0.0924,10,5,2,502.6,RECONNAISSANCE,1
TRAIN_P2626,0.0336,0.0715,275,20,9,0,0,0,2,53,0.0865,10,4,3,469.91,RECONNAISSANCE,1
TRAIN_P1820,0.0731,0.0289,154,8,1,0,0,0,0,36,0.0207,0,4,1,255.3,NORMAL,0
TRAIN_P3158,0.0697,0.1284,3129,16,1,16,5,1,5,53,0.0342,14,9,3,896.82,DATA_EXFILTRATION,1
TRAIN_P3315,0.0915,0.1102,2715,12,3,10,3,1,2,86,0.0151,26,5,2,810.43,DATA_EXFILTRATION,1
TRAIN_P1723,0.0339,0.0094,166,7,0,0,0,0,0,10,0.0063,0,3,2,405.42,NORMAL,0
TRAIN_P1184,0.0493,0.0196,217,10,0,0,0,0,0,28,0.018,0,3,1,284.02,NORMAL,0
TRAIN_P2573,0.1013,0.0664,436,19,11,0,0,0,1,49,0.088,6,6,2,445.02,RECONNAISSANCE,1
TRAIN_P1060,0.052,0.0237,126,11,0,0,0,0,0,28,0.0061,0,3,1,180.0,NORMAL,0
TRAIN_P0541,0.0589,0.0203,166,8,0,0,0,0,0,18,0.0105,0,4,1,370.62,NORMAL,0
TRAIN_P3243,0.0818,0.118,2939,13,3,12,5,0,2,69,0.0482,18,6,3,485.57,DATA_EXFILTRATION,1
TRAIN_P1679,0.0195,0.0223,150,11,0,0,0,0,0,22,0.0121,0,2,1,423.16,NORMAL,0
TRAIN_P2797,0.0166,0.0846,2543,13,4,1,1,0,1,70,0.0607,16,7,2,553.54,SUSPICIOUS_DATA_ACCESS,1
TRAIN_P3466,0.0263,0.1022,1056,21,4,0,2,7,5,61,0.1123,14,11,3,593.9,PRIVILEGE_ABUSE,1
TRAIN_P2533,0.0755,0.0538,285,18,3,0,0,0,0,48,0.0608,4,4,2,421.42,RECONNAISSANCE,1
TRAIN_P1758,0.1137,0.0209,156,7,0,0,0,0,0,24,0.0089,0,2,1,363.31,NORMAL,0
TRAIN_P1924,0.0605,0.0201,186,9,0,0,0,0,0,37,0.0188,1,2,1,367.82,NORMAL,0
TRAIN_P0096,0.0093,0.0213,208,6,0,1,0,0,0,13,0.0054,0,4,1,510.27,NORMAL,0
TRAIN_P1021,0.0558,0.0176,110,4,2,0,0,0,0,24,0.0136,1,4,1,467.15,NORMAL,0
TRAIN_P0564,0.0755,0.0126,155,9,0,0,0,0,0,27,0.0224,0,3,1,218.33,NORMAL,0
TRAIN_P3313,0.0792,0.1043,3177,15,0,14,4,0,4,58,0.0259,13,12,2,376.06,DATA_EXFILTRATION,1
TRAIN_P2791,0.0568,0.0789,2828,11,2,2,0,0,1,57,0.0231,12,3,2,690.26,SUSPICIOUS_DATA_ACCESS,1
TRAIN_P0864,0.028,0.0173,215,8,0,0,0,0,1,14,0.0058,1,5,1,457.64,NORMAL,0
TRAIN_P1485,0.0249,0.0255,155,9,0,0,0,0,0,29,0.0033,0,3,1,481.5,NORMAL,0
TRAIN_P2940,0.0677,0.0821,2155,8,4,1,1,0,1,84,0.0363,14,6,2,571.61,SUSPICIOUS_DATA_ACCESS,1
TRAIN_P1882,0.0417,0.0139,115,13,1,0,0,0,0,19,0.0181,1,6,1,537.01,NORMAL,0
TRAIN_P1039,0.0079,0.0185,172,8,0,0,0,0,0,14,0.0145,0,3,2,329.8,NORMAL,0
TRAIN_P0207,0.0585,0.0145,153,8,0,0,0,0,0,16,0.0185,0,5,1,281.4,NORMAL,0
TRAIN_P0393,0.0547,0.0136,191,9,0,0,0,0,1,37,0.0187,0,3,1,381.75,NORMAL,0
TRAIN_P2843,0.0713,0.1002,2752,13,2,0,0,0,3,45,0.0521,22,7,3,440.14,SUSPICIOUS_DATA_ACCESS,1
TRAIN_P0871,0.0167,0.0293,149,7,0,0,0,0,0,31,0.0196,0,5,1,373.48,NORMAL,0
TRAIN_P0398,0.0246,0.0244,213,9,1,0,0,0,0,38,0.0253,0,4,1,294.46,NORMAL,0
TRAIN_P2815,0.0377,0.0489,1977,14,3,1,0,0,2,47,0.0543,20,5,3,640.88,SUSPICIOUS_DATA_ACCESS,1
TRAIN_P3455,0.0545,0.0642,1578,11,4,0,1,5,3,61,0.0978,24,4,4,687.89,PRIVILEGE_ABUSE,1
TRAIN_P3290,0.1056,0.1367,3520,14,1,11,9,0,4,70,0.0153,40,9,2,742.14,DATA_EXFILTRATION,1
TRAIN_P1029,0.0054,0.0161,103,5,0,0,0,0,0,35,0.0072,0,4,1,423.58,NORMAL,0
TRAIN_P2691,0.0838,0.0712,314,13,2,1,1,0,1,31,0.1105,10,6,1,583.65,RECONNAISSANCE,1
TRAIN_P1486,0.0501,0.0204,182,8,0,0,0,0,0,9,0.0185,0,4,1,396.97,NORMAL,0
TRAIN_P2661,0.0789,0.0478,331,16,8,0,0,0,1,38,0.1197,9,8,2,671.81,RECONNAISSANCE,1
TRAIN_P0961,0.0437,0.0266,153,8,0,0,0,0,0,20,0.0197,0,3,1,426.7,NORMAL,0
TRAIN_P1571,0.0262,0.0185,126,10,2,0,0,0,0,19,0.0,0,5,1,374.83,NORMAL,0
TRAIN_P2774,0.0326,0.0945,2748,13,3,3,1,0,3,55,0.038,21,6,2,635.58,SUSPICIOUS_DATA_ACCESS,1
TRAIN_P1896,0.0399,0.0204,187,9,0,0,0,0,0,23,0.0045,0,3,1,424.43,NORMAL,0
TRAIN_P2732,0.0926,0.0657,351,17,7,0,0,0,1,36,0.1013,6,5,1,468.01,RECONNAISSANCE,1
TRAIN_P2147,0.0156,0.0188,120,10,0,0,0,0,0,18,0.0166,0,4,1,375.13,NORMAL,0
TRAIN_P0805,0.0598,0.0222,148,9,0,0,0,0,0,14,0.013,0,3,1,219.86,NORMAL,0
TRAIN_P1752,0.0479,0.0186,161,10,0,0,0,0,0,31,0.0125,0,5,1,340.18,NORMAL,0
TRAIN_P2455,0.0393,0.0561,260,17,11,1,0,0,1,69,0.0468,12,6,1,512.62,RECONNAISSANCE,1
TRAIN_P0503,0.0357,0.0149,56,8,0,0,0,0,0,29,0.0125,0,1,1,369.74,NORMAL,0
TRAIN_P3120,0.1053,0.1074,3001,13,3,20,6,0,5,61,0.0337,25,9,2,802.86,DATA_EXFILTRATION,1
TRAIN_P3105,0.1178,0.087,3069,13,4,14,8,0,4,67,0.0548,24,9,3,583.85,DATA_EXFILTRATION,1
TRAIN_P2978,0.0626,0.1203,2359,14,1,1,0,0,1,34,0.0347,13,9,2,655.38,SUSPICIOUS_DATA_ACCESS,1
TRAIN_P0780,0.0639,0.0161,190,7,0,0,0,0,0,14,0.0127,0,4,1,432.38,NORMAL,0
TRAIN_P1864,0.059,0.0276,163,9,0,0,0,0,0,29,0.008,0,2,1,326.48,NORMAL,0
TRAIN_P0201,0.0456,0.0288,164,9,0,0,0,0,0,14,0.014,0,3,1,461.87,NORMAL,0
TRAIN_P2183,0.6184,0.0341,252,9,0,0,0,0,0,36,0.3509,13,2,1,249.36,BRUTE_FORCE,1
TRAIN_P3100,0.056,0.1625,2833,15,1,12,2,0,3,73,0.0329,32,6,2,570.21,DATA_EXFILTRATION,1
TRAIN_P2089,0.04,0.0234,198,6,1,0,0,0,0,50,0.0137,1,5,1,223.73,NORMAL,0
TRAIN_P3066,0.0615,0.1068,2599,12,2,2,0,0,2,81,0.0482,16,6,2,501.87,SUSPICIOUS_DATA_ACCESS,1
TRAIN_P2279,0.5384,0.0839,207,9,0,0,0,0,0,60,0.2487,16,7,1,407.84,BRUTE_FORCE,1
TRAIN_P1797,0.0214,0.0214,93,7,0,0,0,0,0,30,0.0085,0,4,1,256.73,NORMAL,0
TRAIN_P0379,0.0058,0.0217,190,10,2,0,0,0,0,25,0.0224,0,3,1,319.3,NORMAL,0
TRAIN_P2337,0.6427,0.0653,190,10,1,0,0,0,0,38,0.2992,20,4,1,556.71,BRUTE_FORCE,1
TRAIN_P0419,0.0523,0.0219,156,10,0,0,0,0,0,10,0.0136,1,3,1,356.59,NORMAL,0
TRAIN_P1699,0.0165,0.0167,179,10,0,0,0,0,0,27,0.0267,0,4,1,484.06,NORMAL,0
TRAIN_P0392,0.0377,0.0228,123,8,0,0,0,0,0,31,0.0108,0,3,1,271.2,NORMAL,0
TRAIN_P2641,0.091,0.0506,304,20,5,0,0,0,1,30,0.062,11,3,2,617.13,RECONNAISSANCE,1
TRAIN_P1523,0.0856,0.0189,151,7,0,0,0,0,0,27,0.0152,0,3,1,368.6,NORMAL,0
TRAIN_P1163,0.0416,0.0183,180,8,0,0,0,0,0,29,0.0164,0,6,1,335.34,NORMAL,0
TRAIN_P3135,0.055,0.0967,3186,10,2,14,3,0,1,56,0.0348,24,5,2,836.48,DATA_EXFILTRATION,1
TRAIN_P1496,0.024,0.0251,156,11,0,0,0,0,0,31,0.0185,0,3,1,332.57,NORMAL,0
TRAIN_P2696,0.0515,0.0635,438,19,2,0,0,0,0,47,0.053,7,3,1,354.23,RECONNAISSANCE,1
TRAIN_P2028,0.0,0.0176,141,7,0,0,0,0,0,27,0.0157,0,6,1,427.58,NORMAL,0
TRAIN_P1153,0.0028,0.0162,159,9,0,0,0,0,0,35,0.0173,0,1,1,434.49,NORMAL,0
TRAIN_P1368,0.0504,0.0142,216,11,0,0,0,0,0,21,0.017,0,3,1,452.7,NORMAL,0
TRAIN_P2569,0.0847,0.0742,466,15,5,0,0,0,1,61,0.1298,11,7,2,321.07,RECONNAISSANCE,1
TRAIN_P0065,0.0597,0.0189,148,10,0,0,1,0,0,26,0.0175,0,2,1,385.92,NORMAL,0
TRAIN_P2063,0.0768,0.0222,199,9,0,0,0,0,0,33,0.0206,0,5,1,278.64,NORMAL,0
TRAIN_P1181,0.051,0.0162,105,8,0,0,0,0,0,15,0.0154,0,4,1,418.85,NORMAL,0
TRAIN_P3113,0.0709,0.0953,3373,11,1,11,8,0,1,61,0.0299,26,6,4,511.59,DATA_EXFILTRATION,1
TRAIN_P0493,0.0249,0.0155,121,8,0,0,0,0,0,27,0.0122,0,1,1,458.28,NORMAL,0
TRAIN_P0380,0.0239,0.0204,177,8,0,0,0,0,0,20,0.0174,0,6,2,361.12,NORMAL,0
TRAIN_P2236,0.5234,0.0825,229,11,0,0,0,0,0,41,0.3348,20,3,1,497.63,BRUTE_FORCE,1
TRAIN_P0764,0.039,0.0219,145,7,0,0,0,0,0,31,0.0084,1,2,2,411.94,NORMAL,0
TRAIN_P2265,0.5585,0.0864,244,13,1,0,0,0,0,40,0.3574,11,5,3,440.22,BRUTE_FORCE,1
TRAIN_P0792,0.0506,0.0077,123,10,0,0,0,0,0,22,0.0194,0,3,1,423.97,NORMAL,0
TRAIN_P1077,0.0397,0.021,186,10,0,0,0,0,0,23,0.0106,0,3,1,400.53,NORMAL,0
TRAIN_P0879,0.0046,0.0139,117,8,0,0,0,0,0,26,0.0152,0,1,1,342.08,NORMAL,0
TRAIN_P0338,0.0499,0.0219,133,10,0,0,0,0,0,24,0.0145,0,5,1,440.82,NORMAL,0
TRAIN_P2768,0.0767,0.0682,2790,13,2,0,0,0,1,65,0.0365,8,8,3,380.07,SUSPICIOUS_DATA_ACCESS,1
TRAIN_P2344,0.5305,0.0677,166,7,0,0,0,0,0,51,0.2672,15,5,1,285.6,BRUTE_FORCE,1
TRAIN_P1017,0.0309,0.0257,140,9,0,0,0,0,0,29,0.0205,0,3,1,392.28,NORMAL,0
TRAIN_P1276,0.0401,0.0144,122,10,1,0,0,0,0,34,0.0102,0,3,1,427.76,NORMAL,0
TRAIN_P0456,0.0432,0.0268,140,8,0,0,0,0,0,26,0.0129,0,1,1,283.78,NORMAL,0
TRAIN_P3343,0.0625,0.1366,3012,10,0,14,8,0,3,43,0.0381,33,8,4,615.9,DATA_EXFILTRATION,1
TRAIN_P0816,0.0523,0.0282,142,9,0,0,0,0,0,28,0.0053,0,5,1,360.33,NORMAL,0
TRAIN_P2318,0.5134,0.0649,115,9,0,0,0,0,0,46,0.2725,15,5,1,602.26,BRUTE_FORCE,1
TRAIN_P0996,0.0374,0.0182,115,8,0,0,1,0,0,21,0.0235,0,4,1,438.15,NORMAL,0
TRAIN_P1982,0.06,0.0213,155,10,1,0,0,0,0,23,0.0216,0,4,1,416.68,NORMAL,0
TRAIN_P0202,0.0647,0.0177,148,9,0,0,0,0,0,20,0.0161,0,3,2,487.69,NORMAL,0
TRAIN_P0162,0.0453,0.0171,52,8,0,0,0,0,0,32,0.0212,1,2,1,464.68,NORMAL,0
TRAIN_P1580,0.0418,0.0297,161,7,1,0,0,0,0,30,0.0127,0,3,1,416.47,NORMAL,0
TRAIN_P2778,0.0659,0.1076,2713,10,3,1,1,0,2,50,0.0195,14,9,2,568.03,SUSPICIOUS_DATA_ACCESS,1
TRAIN_P2450,0.1253,0.0667,315,18,14,0,0,0,1,57,0.0571,11,4,1,381.99,RECONNAISSANCE,1
TRAIN_P0703,0.0193,0.0244,151,10,0,0,0,0,0,24,0.0138,0,4,1,383.66,NORMAL,0
TRAIN_P1501,0.0515,0.0166,206,10,0,0,0,0,0,26,0.0202,0,2,1,462.97,NORMAL,0
TRAIN_P1130,0.0408,0.0228,203,8,0,0,0,0,0,23,0.0075,0,2,1,488.48,NORMAL,0
TRAIN_P2614,0.1176,0.0608,377,13,3,0,0,0,0,28,0.04,9,7,1,587.63,RECONNAISSANCE,1
TRAIN_P3462,0.0879,0.0597,1632,10,5,1,0,5,0,66,0.0527,22,7,3,618.37,PRIVILEGE_ABUSE,1
TRAIN_P1022,0.028,0.0222,163,10,0,0,0,0,0,17,0.0215,0,4,1,492.79,NORMAL,0
TRAIN_P3074,0.0796,0.0852,2620,11,2,0,0,0,0,53,0.0212,15,6,3,650.84,SUSPICIOUS_DATA_ACCESS,1
TRAIN_P3460,0.1628,0.0825,1510,16,3,1,2,5,5,52,0.055,10,11,4,617.51,PRIVILEGE_ABUSE,1
TRAIN_P1586,0.0437,0.0189,149,11,0,0,0,0,0,26,0.0195,0,5,1,366.97,NORMAL,0
TRAIN_P1956,0.0459,0.0134,142,9,0,0,0,0,0,29,0.0134,0,3,1,373.34,NORMAL,0
TRAIN_P3153,0.0577,0.1168,3139,17,2,13,7,1,3,76,0.0296,36,9,4,606.04,DATA_EXFILTRATION,1
TRAIN_P2254,0.5232,0.0695,217,7,0,0,0,0,2,51,0.294,10,3,1,401.46,BRUTE_FORCE,1
TRAIN_P0035,0.0375,0.0196,105,9,0,0,0,0,0,21,0.0126,0,3,1,316.57,NORMAL,0
TRAIN_P0776,0.0222,0.0152,160,10,0,0,0,0,0,30,0.0171,1,3,1,300.66,NORMAL,0
TRAIN_P2557,0.0992,0.0511,359,18,4,0,0,0,1,48,0.075,13,6,3,550.93,RECONNAISSANCE,1
TRAIN_P3500,0.0515,0.0659,950,17,4,2,1,8,3,35,0.0573,21,7,5,547.28,PRIVILEGE_ABUSE,1
TRAIN_P1479,0.0783,0.0273,172,10,0,0,0,0,0,22,0.0093,0,4,1,307.38,NORMAL,0
TRAIN_P3004,0.0514,0.0706,2418,13,3,1,1,0,3,72,0.0591,15,6,2,726.68,SUSPICIOUS_DATA_ACCESS,1
TRAIN_P1391,0.0237,0.0158,141,7,0,0,0,0,0,31,0.0177,0,3,1,339.52,NORMAL,0
TRAIN_P2140,0.0508,0.0174,143,7,0,0,0,0,0,33,0.0226,0,4,1,477.88,NORMAL,0
TRAIN_P1364,0.0228,0.0187,173,9,0,0,0,0,0,41,0.0184,0,2,2,365.62,NORMAL,0
TRAIN_P2946,0.069,0.111,1995,14,1,2,0,0,1,68,0.0508,14,7,2,388.87,SUSPICIOUS_DATA_ACCESS,1
TRAIN_P2613,0.0834,0.0864,251,15,6,0,0,0,1,39,0.0862,9,2,1,485.91,RECONNAISSANCE,1
TRAIN_P3418,0.0965,0.0674,2474,16,1,0,0,6,2,37,0.1121,27,12,2,419.74,PRIVILEGE_ABUSE,1
TRAIN_P2825,0.0456,0.0722,2246,11,1,1,0,0,1,60,0.0527,16,10,4,639.63,SUSPICIOUS_DATA_ACCESS,1
TRAIN_P2042,0.0533,0.021,199,9,0,0,0,0,0,16,0.0178,0,3,1,357.47,NORMAL,0
TRAIN_P0242,0.0374,0.0229,121,10,2,0,0,0,0,19,0.0168,1,4,1,287.85,NORMAL,0
TRAIN_P2062,0.0009,0.0261,167,8,0,0,0,0,0,21,0.0171,0,4,1,306.22,NORMAL,0
TRAIN_P2364,0.4148,0.0753,196,10,1,0,0,0,0,49,0.3018,10,3,1,280.59,BRUTE_FORCE,1
TRAIN_P0601,0.036,0.0283,178,10,0,0,0,0,0,15,0.0194,0,3,1,459.56,NORMAL,0
TRAIN_P2436,0.4866,0.0688,136,8,1,0,1,0,1,29,0.3412,8,5,3,430.18,BRUTE_FORCE,1
TRAIN_P1298,0.0483,0.021,195,10,0,0,0,0,0,20,0.017,0,3,1,223.06,NORMAL,0
TRAIN_P2215,0.558,0.0551,154,12,0,0,0,0,0,48,0.3186,19,5,1,251.86,BRUTE_FORCE,1
TRAIN_P2889,0.0644,0.1061,2427,13,4,1,1,0,1,65,0.0389,15,11,2,485.16,SUSPICIOUS_DATA_ACCESS,1
TRAIN_P2069,0.0205,0.0168,127,10,0,1,0,0,0,33,0.0128,0,3,1,261.88,NORMAL,0
TRAIN_P0647,0.0461,0.0292,181,9,0,0,0,0,0,26,0.012,0,3,1,358.79,NORMAL,0
TRAIN_P3203,0.0832,0.1287,2775,12,2,12,3,0,1,60,0.0374,37,7,3,640.8,DATA_EXFILTRATION,1
TRAIN_P1529,0.0715,0.0151,120,7,0,0,0,0,0,25,0.0114,0,7,1,354.25,NORMAL,0
TRAIN_P2880,0.0505,0.0742,2472,14,4,1,1,0,2,51,0.0535,13,2,1,748.37,SUSPICIOUS_DATA_ACCESS,1
TRAIN_P1268,0.0585,0.0275,98,11,0,0,0,0,0,11,0.0146,0,4,1,516.3,NORMAL,0
TRAIN_P1900,0.0217,0.0112,180,10,0,0,0,0,0,35,0.0165,0,2,2,432.78,NORMAL,0
TRAIN_P0563,0.0,0.0306,138,5,0,1,0,0,0,24,0.02,0,3,2,449.09,NORMAL,0
TRAIN_P3555,0.0484,0.0626,1713,16,5,2,1,6,3,37,0.0912,19,9,2,517.5,PRIVILEGE_ABUSE,1
TRAIN_P2735,0.0975,0.0683,424,18,6,0,0,0,1,39,0.0818,14,6,2,581.64,RECONNAISSANCE,1
TRAIN_P3006,0.086,0.052,2659,12,4,2,0,0,1,65,0.0547,5,8,4,610.67,SUSPICIOUS_DATA_ACCESS,1
TRAIN_P0190,0.0625,0.0183,172,7,2,0,0,0,0,26,0.0132,0,2,1,344.88,NORMAL,0
TRAIN_P1807,0.0501,0.0238,183,7,0,0,0,0,0,28,0.0168,0,5,1,360.91,NORMAL,0
TRAIN_P0976,0.0093,0.017,200,9,0,0,0,0,0,22,0.0148,0,4,1,379.38,NORMAL,0
TRAIN_P2748,0.0478,0.0578,2477,14,3,2,1,0,0,59,0.0466,17,5,3,509.37,SUSPICIOUS_DATA_ACCESS,1
TRAIN_P3548,0.0235,0.0873,2130,17,2,1,1,6,4,59,0.0874,6,11,4,757.61,PRIVILEGE_ABUSE,1
TRAIN_P2048,0.0332,0.025,102,7,0,0,0,0,0,15,0.0183,0,3,1,326.53,NORMAL,0
TRAIN_P2559,0.087,0.0566,337,15,5,0,0,0,2,54,0.0786,9,5,1,499.02,RECONNAISSANCE,1
TRAIN_P1083,0.0811,0.0243,164,9,0,0,0,0,0,22,0.0149,0,5,1,376.24,NORMAL,0
TRAIN_P0475,0.0233,0.0287,107,10,0,1,0,0,0,21,0.0143,0,5,1,405.62,NORMAL,0
TRAIN_P2905,0.0793,0.1114,2844,14,4,0,0,0,2,53,0.0451,22,8,1,581.42,SUSPICIOUS_DATA_ACCESS,1
TRAIN_P0748,0.063,0.0121,166,9,0,0,0,0,0,35,0.0207,0,3,1,576.86,NORMAL,0
TRAIN_P2301,0.6511,0.037,166,9,0,0,0,0,0,37,0.2822,11,5,1,459.94,BRUTE_FORCE,1
TRAIN_P0022,0.0537,0.0204,167,8,1,0,0,0,0,21,0.016,0,3,1,447.97,NORMAL,0
TRAIN_P3386,0.1316,0.0643,1450,15,5,2,1,4,4,47,0.0853,25,6,3,555.99,PRIVILEGE_ABUSE,1
TRAIN_P0460,0.0534,0.0125,90,11,0,0,0,0,0,23,0.0186,0,5,1,349.53,NORMAL,0
TRAIN_P1185,0.0587,0.0176,181,10,2,0,0,0,0,17,0.0126,0,5,1,408.15,NORMAL,0
TRAIN_P2325,0.4818,0.0737,256,12,1,0,1,0,0,32,0.3878,5,6,1,464.14,BRUTE_FORCE,1
TRAIN_P0956,0.022,0.0188,152,8,0,0,0,0,0,19,0.013,0,3,1,431.53,NORMAL,0
TRAIN_P1216,0.0521,0.0265,151,8,0,0,1,0,0,27,0.0059,0,5,1,337.79,NORMAL,0
TRAIN_P2434,0.621,0.0963,168,9,0,0,0,0,0,21,0.2747,11,4,1,525.85,BRUTE_FORCE,1
TRAIN_P2854,0.0607,0.0803,1894,14,2,0,0,0,0,58,0.0534,14,3,1,526.21,SUSPICIOUS_DATA_ACCESS,1
TRAIN_P3486,0.0884,0.1144,1418,13,1,1,1,4,4,37,0.108,19,8,5,482.0,PRIVILEGE_ABUSE,1
TRAIN_P1516,0.0141,0.0247,129,8,0,0,0,0,0,30,0.0213,1,1,1,439.81,NORMAL,0
TRAIN_P2392,0.6767,0.0362,167,8,0,0,0,0,0,31,0.3078,12,4,1,431.77,BRUTE_FORCE,1
TRAIN_P0770,0.0779,0.0132,105,11,0,0,0,0,0,15,0.0172,0,3,1,392.5,NORMAL,0
TRAIN_P3381,0.0787,0.0903,1507,16,2,1,0,6,3,49,0.139,21,3,2,525.26,PRIVILEGE_ABUSE,1
TRAIN_P1686,0.0,0.0256,172,7,0,0,0,0,0,15,0.0243,0,3,1,382.18,NORMAL,0
TRAIN_P0131,0.02,0.0175,183,9,0,0,0,0,0,37,0.0134,0,2,1,479.51,NORMAL,0
TRAIN_P2920,0.0546,0.0541,2700,14,2,0,0,0,1,55,0.0643,21,8,2,897.23,SUSPICIOUS_DATA_ACCESS,1
TRAIN_P3172,0.0376,0.0995,3923,15,3,18,5,0,5,54,0.0276,27,8,2,495.36,DATA_EXFILTRATION,1
TRAIN_P3445,0.0864,0.0736,1897,17,0,2,0,7,4,50,0.0958,23,8,3,421.4,PRIVILEGE_ABUSE,1
TRAIN_P2136,0.0322,0.0136,167,10,0,0,0,0,0,7,0.0226,0,3,1,305.46,NORMAL,0
TRAIN_P1483,0.0308,0.0219,244,8,0,0,0,0,0,33,0.0157,0,4,1,355.68,NORMAL,0
TRAIN_P0331,0.0774,0.0221,161,9,0,0,0,0,0,12,0.0091,0,3,1,500.81,NORMAL,0
TRAIN_P1239,0.0331,0.0148,175,9,2,0,0,0,0,30,0.0102,0,4,1,335.96,NORMAL,0
TRAIN_P0467,0.0595,0.02,177,5,0,0,0,0,0,38,0.0181,0,5,1,476.99,NORMAL,0
TRAIN_P2170,0.4885,0.1006,219,10,0,0,0,0,1,35,0.2445,18,6,1,401.68,BRUTE_FORCE,1
TRAIN_P1639,0.0177,0.0212,139,6,0,1,0,0,0,33,0.014,1,3,1,276.22,NORMAL,0
TRAIN_P3093,0.046,0.0563,2725,12,2,0,1,0,0,63,0.0531,14,8,2,677.71,SUSPICIOUS_DATA_ACCESS,1
TRAIN_P1096,0.0,0.0149,206,8,0,0,0,0,1,23,0.0067,0,5,1,346.13,NORMAL,0
TRAIN_P1131,0.0465,0.0268,151,9,0,0,0,0,0,34,0.0073,0,3,1,389.02,NORMAL,0
TRAIN_P1295,0.0846,0.0182,134,9,0,0,0,0,0,27,0.0254,0,5,1,385.91,NORMAL,0
TRAIN_P0861,0.0042,0.025,200,8,1,0,0,0,0,19,0.0069,0,4,1,297.4,NORMAL,0
TRAIN_P3508,0.0614,0.0683,1518,16,1,0,1,4,5,39,0.0764,16,12,2,740.95,PRIVILEGE_ABUSE,1
TRAIN_P3175,0.0721,0.131,3534,12,4,12,6,0,3,68,0.0441,32,10,2,777.95,DATA_EXFILTRATION,1
